date,ret,ticker
2024-04-15,,AAPL
2024-04-16,-0.019167279586534414,AAPL
2024-04-17,-0.008147389556206863,AAPL
2024-04-18,-0.0057143256777808515,AAPL
2024-04-19,-0.012212603975853775,AAPL
2024-04-22,0.005090886896306879,AAPL
2024-04-23,0.006391688265803275,AAPL
2024-04-24,0.012702279529689164,AAPL
2024-04-25,0.005147290824730311,AAPL
2024-04-26,-0.003472813820767917,AAPL
2024-04-29,0.024808014604454476,AAPL
2024-04-30,-0.01827088281812861,AAPL
2024-05-01,-0.006047077838456816,AAPL
2024-05-02,0.02203187040935095,AAPL
2024-05-03,0.05981625253732603,AAPL
2024-05-06,-0.009106762593950823,AAPL
2024-05-07,0.0037971886914498487,AAPL
2024-05-08,0.0018640987283840005,AAPL
2024-05-09,0.01001423758369735,AAPL
2024-05-10,-0.008235380680192916,AAPL
2024-05-13,0.017645428427694565,AAPL
2024-05-14,0.006173469529849429,AAPL
2024-05-15,0.012217940748059153,AAPL
2024-05-16,0.000632485327932919,AAPL
2024-05-17,0.00015802138577525326,AAPL
2024-05-20,0.006162101432736655,AAPL
2024-05-21,0.006857270013722827,AAPL
2024-05-22,-0.0075384047882530725,AAPL
2024-05-23,-0.021058088749084547,AAPL
2024-05-24,0.016588135507972,AAPL
2024-05-28,5.268852431883353e-05,AAPL
2024-05-29,0.0015789661787211084,AAPL
2024-05-30,0.005255137081729533,AAPL
2024-05-31,0.005018593484036549,AAPL
2024-06-03,0.009258771283728873,AAPL
2024-06-04,0.0016492672588364066,AAPL
2024-06-05,0.007820884826019947,AAPL
2024-06-06,-0.007096540686677422,AAPL
2024-06-07,0.012392038847459208,AAPL
2024-06-10,-0.019147769232301326,AAPL
2024-06-11,0.07264912559045644,AAPL
2024-06-12,0.02857839054869915,AAPL
2024-06-13,0.005491144359726752,AAPL
2024-06-14,-0.008168409051202308,AAPL
2024-06-17,0.019671478976528656,AAPL
2024-06-18,-0.010984469021671939,AAPL
2024-06-20,-0.021512906597537684,AAPL
2024-06-21,-0.010444426073609514,AAPL
2024-06-24,0.00313265159417897,AAPL
2024-06-25,0.004468184574312861,AAPL
2024-06-26,0.01999326794540668,AAPL
2024-06-27,0.003985960626099017,AAPL
2024-06-28,-0.016254137725925877,AAPL
2024-07-01,0.029104572333703782,AAPL
2024-07-02,0.016239927439266166,AAPL
2024-07-03,0.0058110444203451905,AAPL
2024-07-05,0.021620371113304726,AAPL
2024-07-08,0.006538884025246272,AAPL
2024-07-09,0.00377484559702701,AAPL
2024-07-10,0.018803582252402418,AAPL
2024-07-11,-0.023220827978926883,AAPL
2024-07-12,0.013050867277438316,AAPL
2024-07-15,0.01674330147811176,AAPL
2024-07-16,0.0017918662059346335,AAPL
2024-07-17,-0.025295980990260425,AAPL
2024-07-18,-0.020534830945314275,AAPL
2024-07-19,0.0005799129586043783,AAPL
2024-07-22,-0.0015602998017738567,AAPL
2024-07-23,0.004688282557118395,AAPL
2024-07-24,-0.02875428371474653,AAPL
2024-07-25,-0.004804556718339459,AAPL
2024-07-26,0.002161024455525684,AAPL
2024-07-29,0.0012846337432190769,AAPL
2024-07-30,0.0025659711533103646,AAPL
2024-07-31,0.014990853444005525,AAPL
2024-08-01,-0.016750725819666967,AAPL
2024-08-02,0.006869389978967133,AAPL
2024-08-05,-0.0481669985831521,AAPL
2024-08-06,-0.009748212850733573,AAPL
2024-08-07,0.01249824663455068,AAPL
2024-08-08,0.016633257613904107,AAPL
2024-08-09,0.013735914716165532,AAPL
2024-08-12,0.005965562584919537,AAPL
2024-08-13,0.017193056195245138,AAPL
2024-08-14,0.002033700635211577,AAPL
2024-08-15,0.01353057903429189,AAPL
2024-08-16,0.0059184844421056315,AAPL
2024-08-19,-0.0007078241979617816,AAPL
2024-08-20,0.0027446771387078517,AAPL
2024-08-21,-0.00048563247988708813,AAPL
2024-08-22,-0.008259695969967673,AAPL
2024-08-23,0.010288146667049025,AAPL
2024-08-26,0.0014988376978466444,AAPL
2024-08-27,0.0037415535298863656,AAPL
2024-08-28,-0.006753467940081581,AAPL
2024-08-29,0.014570125448949867,AAPL
2024-08-30,-0.0034378924636161434,AAPL
2024-09-03,-0.027205221517637823,AAPL
2024-09-04,-0.00861874638471094,AAPL
2024-09-05,0.006927773316790065,AAPL
2024-09-06,-0.007015008203708928,AAPL
2024-09-09,0.00040755518026269755,AAPL
2024-09-10,-0.0036213980285901837,AAPL
2024-09-11,0.011585130365211915,AAPL
2024-09-12,0.0004940295003250661,AAPL
2024-09-13,-0.001212031545013148,AAPL
2024-09-16,-0.027775247981039364,AAPL
2024-09-17,0.0021726421320320544,AAPL
2024-09-18,0.017989802463465043,AAPL
2024-09-19,0.03706553348719566,AAPL
2024-09-20,-0.002927418111763669,AAPL
2024-09-23,-0.007581050616453089,AAPL
2024-09-24,0.0039740093241191765,AAPL
2024-09-25,-0.004398117700115112,AAPL
2024-09-26,0.005080219022305155,AAPL
2024-09-27,0.0011866605511687833,AAPL
2024-09-30,0.02287197360475246,AAPL
2024-10-01,-0.029141602086406926,AAPL
2024-10-02,0.002519747352073054,AAPL
2024-10-03,-0.004894614235498862,AAPL
2024-10-04,0.005007333238716605,AAPL
2024-10-07,-0.022530866585506182,AAPL
2024-10-08,0.01840408582309916,AAPL
2024-10-09,0.016698360908574017,AAPL
2024-10-10,-0.0021782696463562568,AAPL
2024-10-11,-0.006505371454991304,AAPL
2024-10-14,0.01647989430765695,AAPL
2024-10-15,0.011024656368842312,AAPL
2024-10-16,-0.008851859184055066,AAPL
2024-10-17,0.001596320300009113,AAPL
2024-10-18,0.01227657195109133,AAPL
2024-10-21,0.006297854159740712,AAPL
2024-10-22,-0.002621765597043635,AAPL
2024-10-23,-0.021623022514703605,AAPL
2024-10-24,-0.0008233107433687215,AAPL
2024-10-25,0.0036431292501519774,AAPL
2024-10-28,0.008599413175243154,AAPL
2024-10-29,0.0011568306749001334,AAPL
2024-10-30,-0.015277922255336196,AAPL
2024-10-31,-0.01820948426885871,AAPL
2024-11-01,-0.013279624414008095,AAPL
2024-11-04,-0.004037544930633463,AAPL
2024-11-05,0.006486205472888695,AAPL
2024-11-06,-0.0032669310248778505,AAPL
2024-11-07,0.02137210165565251,AAPL
2024-11-08,-0.0022858669924307184,AAPL
2024-11-11,-0.01202859933719469,AAPL
2024-11-12,0.0,AAPL
2024-11-13,0.003969136184303723,AAPL
2024-11-14,0.013770460957508002,AAPL
2024-11-15,-0.014109198157391867,AAPL
2024-11-18,0.013422241210937491,AAPL
2024-11-19,0.0011402267431117608,AAPL
2024-11-20,0.0031540267415159917,AAPL
2024-11-21,-0.002096051211960992,AAPL
2024-11-22,0.005907539031537068,AAPL
2024-11-25,0.013050855108212911,AAPL
2024-11-26,0.009404399395912533,AAPL
2024-11-27,-0.000553071063399857,AAPL
2024-11-29,0.01021584825308186,AAPL
2024-12-02,0.009522582435425697,AAPL
2024-12-03,0.01277180852859261,AAPL
2024-12-04,0.0014836209330593153,AAPL
2024-12-05,0.00012344668933361724,AAPL
2024-12-06,-0.0008228972752098995,AAPL
2024-12-09,0.01610115187396466,AAPL
2024-12-10,0.004133755916761572,AAPL
2024-12-11,-0.005166076430661581,AAPL
2024-12-12,0.005963735599591624,AAPL
2024-12-13,0.0006855870476785153,AAPL
2024-12-16,0.011727676403724852,AAPL
2024-12-17,0.009719576588042456,AAPL
2024-12-18,-0.021421779893107784,AAPL
2024-12-19,0.007014675319362729,AAPL
2024-12-20,0.018815854651340613,AAPL
2024-12-23,0.0030649485734630666,AAPL
2024-12-24,0.011478073747524853,AAPL
2024-12-26,0.003175742710589624,AAPL
2024-12-27,-0.013242192962953925,AAPL
2024-12-30,-0.013263427513676485,AAPL
2024-12-31,-0.007057885808230857,AAPL
2025-01-02,-0.026235892155055618,AAPL
2025-01-03,-0.0020094545044057055,AAPL
2025-01-06,0.006738984983297502,AAPL
2025-01-07,-0.011387727698501271,AAPL
2025-01-08,0.0020229974847978394,AAPL
2025-01-10,-0.024103794471716178,AAPL
2025-01-13,-0.010344150913639716,AAPL
2025-01-14,-0.004778136289893098,AAPL
2025-01-15,0.019675910330543056,AAPL
2025-01-16,-0.040400222002010655,AAPL
2025-01-17,0.007535272330218223,AAPL
2025-01-21,-0.031915803436166845,AAPL
2025-01-22,0.00534496247156202,AAPL
2025-01-23,-0.0007594967946863429,AAPL
2025-01-24,-0.003934565270516388,AAPL
2025-01-27,0.03178024001189028,AAPL
2025-01-28,0.036543956643956044,AAPL
2025-01-29,0.004616830894303092,AAPL
2025-01-30,-0.0073947370820001135,AAPL
2025-01-31,-0.006692185539787565,AAPL
2025-02-03,-0.033855955479508704,AAPL
2025-02-04,0.021007888515072404,AAPL
2025-02-05,-0.0014175336199687694,AAPL
2025-02-06,0.00322622272147699,AAPL
2025-02-07,-0.023968769010513147,AAPL
2025-02-10,8.781361526644105e-05,AAPL
2025-02-11,0.021831765227118938,AAPL
2025-02-12,0.018270140526221557,AAPL
2025-02-13,0.01967325435120615,AAPL
2025-02-14,0.012710666748373622,AAPL
2025-02-18,-0.0005314999164697243,AAPL
2025-02-19,0.001636167605379324,AAPL
2025-02-20,0.003920475080696484,AAPL
2025-02-21,-0.001138993520771736,AAPL
2025-02-24,0.00631237235794746,AAPL
2025-02-25,-0.0002428685386501872,AAPL
2025-02-26,-0.027040126527384523,AAPL
2025-02-27,-0.012730893454915293,AAPL
2025-02-28,0.019131872009047424,AAPL
2025-03-03,-0.01575420780800274,AAPL
2025-03-04,-0.00882244302938795,AAPL
2025-03-05,-0.0008052693108767661,AAPL
2025-03-06,-0.0017392197020257294,AAPL
2025-03-07,0.015892599600832114,AAPL
2025-03-10,-0.04847957184759566,AAPL
2025-03-11,-0.029189377151217277,AAPL
2025-03-12,-0.017478720677234882,AAPL
2025-03-13,-0.03364366852013578,AAPL
2025-03-14,0.01817060735629683,AAPL
2025-03-17,0.00238884488132296,AAPL
2025-03-18,-0.006121483918662407,AAPL
2025-03-19,0.011989294383784266,AAPL
2025-03-20,-0.0052964103352275416,AAPL
2025-03-21,0.019476870855058115,AAPL
2025-03-24,0.011270405492856295,AAPL
2025-03-25,0.013681893403326706,AAPL
2025-03-26,-0.009921793165153625,AAPL
2025-03-27,0.010472655337889991,AAPL
2025-03-28,-0.026580353115021937,AAPL
2025-03-31,0.019412625538381745,AAPL
2025-04-01,0.0047719692760685994,AAPL
2025-04-02,0.003136327526256366,AAPL
2025-04-03,-0.09245610346452682,AAPL
2025-04-04,-0.07288743235713335,AAPL
2025-04-07,-0.036734249865053914,AAPL
2025-04-08,-0.049818186985832624,AAPL
2025-04-09,0.15328852926139658,AAPL
2025-04-10,-0.04239380274487847,AAPL
2025-04-11,0.0405944533235465,AAPL
2025-04-14,0.022054052538903912,AAPL
2025-04-15,-0.0018763819612667154,AAPL
2025-04-16,-0.038933388448355366,AAPL
2025-04-17,0.013949613401343264,AAPL
2025-04-21,-0.019392791899099593,AAPL
2025-04-22,0.03406503264808869,AAPL
2025-04-23,0.024331633507028716,AAPL
2025-04-24,0.018426143212158408,AAPL
2025-04-25,0.0043672490446504675,AAPL
2025-04-28,0.0041093301575299,AAPL
2025-04-29,0.005091878401668248,AAPL
2025-04-30,0.006107633374967891,AAPL
2025-05-01,0.0038588579963234615,AAPL
2025-05-02,-0.0373617145464924,AAPL
2025-05-05,-0.03145851727226512,AAPL
2025-05-06,-0.0019106284075551816,AAPL
2025-05-07,-0.011384789528862349,AAPL
2025-05-08,0.006318499328224592,AAPL
2025-05-09,0.0052660552797889615,AAPL
2025-05-12,0.06175386381009962,AAPL
2025-05-13,0.010152281691776288,AAPL
2025-05-14,-0.0028177845553216674,AAPL
2025-05-15,-0.004144515024837148,AAPL
2025-05-16,-0.0008985691376138805,AAPL
2025-05-19,-0.011739069355408915,AAPL
2025-05-20,-0.009196274452396014,AAPL
2025-05-21,-0.02305909435553888,AAPL
2025-05-22,-0.003612230891026025,AAPL
2025-05-23,-0.03024432021966106,AAPL
2025-05-27,0.025298316860348224,AAPL
2025-05-28,0.0010488559414427723,AAPL
2025-05-29,-0.0023450814539321962,AAPL
2025-05-30,0.0045011711378339925,AAPL
2025-06-02,0.0042319682295079986,AAPL
2025-06-03,0.0077838738124602624,AAPL
2025-06-04,-0.00221378923984783,AAPL
2025-06-05,-0.010797763348392997,AAPL
2025-06-06,0.0163983113495636,AAPL
2025-06-09,-0.012112599268742419,AAPL
2025-06-10,0.0060560994747325125,AAPL
2025-06-11,-0.019193760422328232,AAPL
2025-06-12,0.002112879422097258,AAPL
2025-06-13,-0.013805221095031128,AAPL
2025-06-16,0.010028003315378786,AAPL
2025-06-17,-0.014010678383989505,AAPL
2025-06-18,0.004804755900321256,AAPL
2025-06-20,0.022484475164182616,AAPL
2025-06-23,0.0024875621890547706,AAPL
2025-06-24,-0.005955319842392948,AAPL
2025-06-25,0.0062905366332437485,AAPL
2025-06-26,-0.002778316954637594,AAPL
2025-06-27,0.00039801905997349785,AAPL
2025-06-30,0.020340144721736175,AAPL
2025-07-01,0.012916163079025322,AAPL
2025-07-02,0.022230752354752248,AAPL
2025-07-03,0.005225007520218483,AAPL
2025-07-07,-0.016857907057220234,AAPL
2025-07-08,0.00028577070476720756,AAPL
2025-07-09,0.005380719548448543,AAPL
2025-07-10,0.0060149866256142825,AAPL
2025-07-11,-0.005884845244805148,AAPL
2025-07-14,-0.012028833590031152,AAPL
2025-07-15,0.0023487944810314243,AAPL
2025-07-16,0.005021295245053015,AAPL
2025-07-17,-0.0006661562010320532,AAPL
2025-07-18,0.005523228167424676,AAPL
2025-07-21,0.006155900638530998,AAPL
2025-07-22,0.00903613614246912,AAPL
2025-07-23,-0.0011660448093142595,AAPL
2025-07-24,-0.0018211505989440546,AAPL
2025-07-25,0.0005614258002459849,AAPL
2025-07-28,0.0007948296477664485,AAPL
2025-07-29,-0.012987613826964783,AAPL
2025-07-30,-0.010507886476113892,AAPL
2025-07-31,-0.007079625476841711,AAPL
2025-08-01,-0.025003624118486445,AAPL
2025-08-04,0.004792969647692269,AAPL
2025-08-05,-0.002114619727876521,AAPL
2025-08-06,0.05090677076812433,AAPL
2025-08-07,0.03179366367782821,AAPL
2025-08-08,0.04235789381413979,AAPL
2025-08-11,-0.009461579986856261,AAPL
2025-08-12,0.010872441677679756,AAPL
2025-08-13,0.01602441991019199,AAPL
2025-08-14,-0.0023571895917441354,AAPL
2025-08-15,-0.005112133549474374,AAPL
2025-08-18,-0.0030225698834628334,AAPL
2025-08-19,-0.001429259958971918,AAPL
2025-08-20,-0.019734572779050663,AAPL
2025-08-21,-0.004911289931109564,AAPL
2025-08-22,0.012716766064777785,AAPL
2025-08-25,-0.0026343118159346535,AAPL
2025-08-26,0.009464667467088184,AAPL
2025-08-27,0.00514590705653295,AAPL
2025-08-28,0.008980832210059075,AAPL
2025-08-29,-0.00180597769760249,AAPL
2025-09-02,-0.010424735828844955,AAPL
2025-09-03,0.038089848308826335,AAPL
2025-09-04,0.005493343195739575,AAPL
2025-09-05,-0.00037532879451496193,AAPL
2025-09-08,-0.007551410322323426,AAPL
2025-09-09,-0.014839409394815983,AAPL
2025-09-10,-0.03225949486019408,AAPL
2025-09-11,0.014286368839370622,AAPL
2025-09-12,0.017562963814985233,AAPL
2025-09-15,0.011235910376080627,AAPL
2025-09-16,0.0061258849469238985,AAPL
2025-09-17,0.0035272375318422533,AAPL
2025-09-18,-0.0046445482440198305,AAPL
2025-09-19,0.03203293660995743,AAPL
2025-09-22,0.04309566831880085,AAPL
2025-09-23,-0.006443275472520216,AAPL
2025-09-24,-0.008332331793480807,AAPL
2025-09-25,0.018072995928489766,AAPL
2025-09-26,-0.005489112898051984,AAPL
2024-04-15,,ABBV
2024-04-16,0.005381302202269733,ABBV
2024-04-17,0.010520529005171753,ABBV
2024-04-18,0.0024962171209095274,ABBV
2024-04-19,0.010627960409809623,ABBV
2024-04-22,0.008893670422267075,ABBV
2024-04-23,0.0098278271635166,ABBV
2024-04-24,-0.01026300756918408,ABBV
2024-04-25,-0.0030393906814631944,ABBV
2024-04-26,-0.045848517405500444,ABBV
2024-04-29,0.01190332798769056,ABBV
2024-04-30,0.006934095391046613,ABBV
2024-05-01,-0.005656653789952393,ABBV
2024-05-02,-0.005627032248580521,ABBV
2024-05-03,0.0185311595844857,ABBV
2024-05-06,-0.006471686928651299,ABBV
2024-05-07,-0.0011060817335890594,ABBV
2024-05-08,-0.012919139120821543,ABBV
2024-05-09,-0.0003116425846610982,ABBV
2024-05-10,0.0021820830226557675,ABBV
2024-05-13,0.003297037507290046,ABBV
2024-05-14,0.0019221078927336155,ABBV
2024-05-15,0.013614685302931306,ABBV
2024-05-16,0.0034190905448325815,ABBV
2024-05-17,0.012595022747525109,ABBV
2024-05-20,-0.011176545071604593,ABBV
2024-05-21,-0.009905231569003359,ABBV
2024-05-22,-0.020376801170280734,ABBV
2024-05-23,-0.008458154867196144,ABBV
2024-05-24,-0.007582440224275122,ABBV
2024-05-28,-0.010951236772186013,ABBV
2024-05-29,-0.0035406403033605427,ABBV
2024-05-30,0.009819783825761652,ABBV
2024-05-31,0.03153993993712567,ABBV
2024-06-03,-0.006512050458856722,ABBV
2024-06-04,0.012173025273256144,ABBV
2024-06-05,0.020352800445171848,ABBV
2024-06-06,0.018919274882875037,ABBV
2024-06-07,0.005042361083201108,ABBV
2024-06-10,0.006138640987852995,ABBV
2024-06-11,-0.016191538524681248,ABBV
2024-06-12,-0.0096004808565886,ABBV
2024-06-13,0.0028297984891694217,ABBV
2024-06-14,0.012187793041860129,ABBV
2024-06-17,0.006465367824707968,ABBV
2024-06-18,0.009901037288352565,ABBV
2024-06-20,0.004493488968944526,ABBV
2024-06-21,-0.010108670445624357,ABBV
2024-06-24,0.013791925065635091,ABBV
2024-06-25,-0.011520235208298701,ABBV
2024-06-26,0.002342570404008093,ABBV
2024-06-27,-0.012620441018693418,ABBV
2024-06-28,0.01497129236675021,ABBV
2024-07-01,-0.006704810672967576,ABBV
2024-07-02,-0.025884771554327668,ABBV
2024-07-03,-0.012774224452953176,ABBV
2024-07-05,0.020813011098198775,ABBV
2024-07-08,-0.0043646979225056,ABBV
2024-07-09,0.009188077948842022,ABBV
2024-07-10,0.0005355330928671354,ABBV
2024-07-11,0.01052696728253899,ABBV
2024-07-12,0.0021775946631328313,ABBV
2024-07-15,-0.01321353075011622,ABBV
2024-07-16,0.006963031467268399,ABBV
2024-07-17,0.035874748426121705,ABBV
2024-07-18,-0.023563671946925546,ABBV
2024-07-19,0.006894986202983899,ABBV
2024-07-22,0.007486033143590198,ABBV
2024-07-23,-0.0026496556203557953,ABBV
2024-07-24,0.01767261290931499,ABBV
2024-07-25,0.033823229260504295,ABBV
2024-07-26,0.016413270698894866,ABBV
2024-07-29,-0.017390371338397492,ABBV
2024-07-30,0.026602156056633852,ABBV
2024-07-31,-0.007816637030838014,ABBV
2024-08-01,0.023688750356933186,ABBV
2024-08-02,-0.002213976136577034,ABBV
2024-08-05,-0.02604465555835811,ABBV
2024-08-06,0.007322662719929651,ABBV
2024-08-07,0.009692465284017127,ABBV
2024-08-08,0.015412508529208502,ABBV
2024-08-09,-0.002468493885344647,ABBV
2024-08-12,0.0013162744676495919,ABBV
2024-08-13,0.0055211015469323055,ABBV
2024-08-14,0.00925589244368763,ABBV
2024-08-15,0.002072507235670429,ABBV
2024-08-16,0.002585315490069906,ABBV
2024-08-19,0.015317180578606315,ABBV
2024-08-20,-0.003657242030582375,ABBV
2024-08-21,0.0019373178416361991,ABBV
2024-08-22,-0.0008141437088647896,ABBV
2024-08-23,0.006009105076700383,ABBV
2024-08-26,-0.0005568241389636297,ABBV
2024-08-27,-0.007698562873103776,ABBV
2024-08-28,-0.002654166380772094,ABBV
2024-08-29,-0.0011259018811416999,ABBV
2024-08-30,0.00578955284976157,ABBV
2024-09-03,0.00702972288714232,ABBV
2024-09-04,-0.0034397689623776317,ABBV
2024-09-05,-0.02106489016901314,ABBV
2024-09-06,0.002799923698143081,ABBV
2024-09-09,0.015615327651340882,ABBV
2024-09-10,0.014917055095633014,ABBV
2024-09-11,-0.023877650463443145,ABBV
2024-09-12,-0.002929195108467675,ABBV
2024-09-13,0.0009792930482541706,ABBV
2024-09-16,0.007826522635938638,ABBV
2024-09-17,-0.01164869375704014,ABBV
2024-09-18,-0.0026363117853777096,ABBV
2024-09-19,0.0035243737285002297,ABBV
2024-09-20,-0.0007746818524274612,ABBV
2024-09-23,0.0018607567482302745,ABBV
2024-09-24,-0.0016509689996168087,ABBV
2024-09-25,-0.011627306412437144,ABBV
2024-09-26,0.0033462271673627697,ABBV
2024-09-27,0.015059924343756803,ABBV
2024-09-30,0.013809756836198561,ABBV
2024-10-01,-0.002633122467701976,ABBV
2024-10-02,-0.000710801101118097,ABBV
2024-10-03,-0.006960727187250604,ABBV
2024-10-04,-0.0059350405741708245,ABBV
2024-10-07,-0.003499885219409249,ABBV
2024-10-08,-0.0030990449957343236,ABBV
2024-10-09,0.009015105656108524,ABBV
2024-10-10,-0.0020538839357349126,ABBV
2024-10-11,-0.0008232758275508179,ABBV
2024-10-14,0.007518365707414043,ABBV
2024-10-15,-0.019371292636676696,ABBV
2024-10-16,-0.00729695555108234,ABBV
2024-10-17,-0.009923339929772346,ABBV
2024-10-18,0.0015378547747215698,ABBV
2024-10-21,-0.012284270447532664,ABBV
2024-10-22,0.011900939748067163,ABBV
2024-10-23,-0.004661949828524525,ABBV
2024-10-24,0.009420848241812108,ABBV
2024-10-25,-0.009491103880294505,ABBV
2024-10-28,0.009741743480472298,ABBV
2024-10-29,-0.001212546058730557,ABBV
2024-10-30,0.06360519000192899,ABBV
2024-10-31,0.011761762368176276,ABBV
2024-11-01,-0.001569588821767276,ABBV
2024-11-04,-0.015131426110917445,ABBV
2024-11-05,0.006035773171597869,ABBV
2024-11-06,-0.002379986835435388,ABBV
2024-11-07,-0.0034294356454873665,ABBV
2024-11-08,-0.005037127996138424,ABBV
2024-11-11,-0.12566419711387844,ABBV
2024-11-12,-0.019148062134582422,ABBV
2024-11-13,-0.004325151968052943,ABBV
2024-11-14,-0.00422659932436753,ABBV
2024-11-15,-0.027353647680750437,ABBV
2024-11-18,0.007818614723218875,ABBV
2024-11-19,0.001744097588711302,ABBV
2024-11-20,0.007144066340232236,ABBV
2024-11-21,0.023664767231149186,ABBV
2024-11-22,0.030396560592623523,ABBV
2024-11-25,0.0006216479923633056,ABBV
2024-11-26,0.02304304691806247,ABBV
2024-11-27,0.010709961620531505,ABBV
2024-11-29,-0.0008193639598707003,ABBV
2024-12-02,-0.006341160278600322,ABBV
2024-12-03,-0.0014854170991612792,ABBV
2024-12-04,-0.027768558050318526,ABBV
2024-12-05,-0.0016434803008487098,ABBV
2024-12-06,0.00011355096025922329,ABBV
2024-12-09,0.002156790269293829,ABBV
2024-12-10,-0.005097180256785294,ABBV
2024-12-11,-0.007400256533887872,ABBV
2024-12-12,-0.006767177317337336,ABBV
2024-12-13,0.0010392786722324132,ABBV
2024-12-16,-0.010036282421297171,ABBV
2024-12-17,0.021849326419121518,ABBV
2024-12-18,-0.013456497574672155,ABBV
2024-12-19,-0.008669517760720336,ABBV
2024-12-20,0.02367069413165601,ABBV
2024-12-23,0.016004086623131242,ABBV
2024-12-24,0.00902517302460959,ABBV
2024-12-26,-0.004444461398654509,ABBV
2024-12-27,-0.006640638737008264,ABBV
2024-12-30,-0.010167954690455505,ABBV
2024-12-31,0.008513053495912581,ABBV
2025-01-02,0.009791814986191971,ABBV
2025-01-03,0.009919743396560099,ABBV
2025-01-06,-0.006180306310800021,ABBV
2025-01-07,-0.00316494894448327,ABBV
2025-01-08,-0.005737195935499817,ABBV
2025-01-10,-0.01865547244288346,ABBV
2025-01-13,0.008962763833019638,ABBV
2025-01-14,-0.006733067808195159,ABBV
2025-01-15,-0.023924789947191827,ABBV
2025-01-16,0.01371456528170123,ABBV
2025-01-17,-0.012320088815465535,ABBV
2025-01-21,0.006120325639426438,ABBV
2025-01-22,-0.019755539366499875,ABBV
2025-01-23,0.008687950633668118,ABBV
2025-01-24,-0.0021678978212752442,ABBV
2025-01-27,0.0387550835376127,ABBV
2025-01-28,-0.011814564217077494,ABBV
2025-01-29,0.002574206020976355,ABBV
2025-01-30,0.002225261907292886,ABBV
2025-01-31,0.04696840470636143,ABBV
2025-02-03,0.0339315154989972,ABBV
2025-02-04,-0.0009992765436844797,ABBV
2025-02-05,0.009476194159920404,ABBV
2025-02-06,0.006362457474331729,ABBV
2025-02-07,-0.012281676437763456,ABBV
2025-02-10,-0.0013641645188814389,ABBV
2025-02-11,0.007828126099776789,ABBV
2025-02-12,0.006099140685906557,ABBV
2025-02-13,0.002331590405399986,ABBV
2025-02-14,-0.0029982002595216883,ABBV
2025-02-18,0.01752478336901908,ABBV
2025-02-19,0.005605126642117764,ABBV
2025-02-20,0.017886996048255943,ABBV
2025-02-21,0.005973700313987029,ABBV
2025-02-24,0.009897070377463901,ABBV
2025-02-25,0.00029399038639477126,ABBV
2025-02-26,-0.005535440806265668,ABBV
2025-02-27,0.009901038471075374,ABBV
2025-02-28,0.019559040207153933,ABBV
2025-03-03,0.011720791094817828,ABBV
2025-03-04,-0.017590321996676206,ABBV
2025-03-05,0.018194064686368305,ABBV
2025-03-06,-0.003734486674887294,ABBV
2025-03-07,0.016797121167889895,ABBV
2025-03-10,0.011059827571192171,ABBV
2025-03-11,-0.014169700324599632,ABBV
2025-03-12,-0.007163251114422398,ABBV
2025-03-13,-0.0024049538465877873,ABBV
2025-03-14,0.0010399490311012727,ABBV
2025-03-17,0.012749666590025743,ABBV
2025-03-18,-0.0028908244214046475,ABBV
2025-03-19,-0.007481908149869931,ABBV
2025-03-20,-0.0013662816778930997,ABBV
2025-03-21,-0.009199906327912344,ABBV
2025-03-24,-0.003999792199714913,ABBV
2025-03-25,-0.037433675477352324,ABBV
2025-03-26,-0.00019863557594235193,ABBV
2025-03-27,0.007054138834663659,ABBV
2025-03-28,0.012677545629213638,ABBV
2025-03-31,0.020605051997991675,ABBV
2025-04-01,-0.015511645349976622,ABBV
2025-04-02,-0.0052358646855318325,ABBV
2025-04-03,-0.01730105272926996,ABBV
2025-04-04,-0.07280297917187395,ABBV
2025-04-07,-0.002193001965050567,ABBV
2025-04-08,-0.058322190859433354,ABBV
2025-04-09,0.023737679811068002,ABBV
2025-04-10,-0.03136120720916713,ABBV
2025-04-11,0.004879484032185077,ABBV
2025-04-14,0.023136263816918134,ABBV
2025-04-15,-0.012842004318126432,ABBV
2025-04-16,-0.028959334205880594,ABBV
2025-04-17,0.007630550286991111,ABBV
2025-04-21,-0.016359337194000623,ABBV
2025-04-22,0.021274065816170307,ABBV
2025-04-23,0.018816919642253405,ABBV
2025-04-24,0.018751719899485986,ABBV
2025-04-25,0.03154628039829688,ABBV
2025-04-28,0.03375254682199591,ABBV
2025-04-29,0.006082968655619192,ABBV
2025-04-30,0.008216689792854615,ABBV
2025-05-01,-0.009021064636416165,ABBV
2025-05-02,0.026533593565643,ABBV
2025-05-05,-0.012092476856568002,ABBV
2025-05-06,-0.04549402302507366,ABBV
2025-05-07,0.0050227222658965065,ABBV
2025-05-08,-0.013344646476184274,ABBV
2025-05-09,-0.005280718384900185,ABBV
2025-05-12,0.02963164160263232,ABBV
2025-05-13,-0.010890762584586877,ABBV
2025-05-14,-0.056170199779754015,ABBV
2025-05-15,0.023895345897411824,ABBV
2025-05-16,0.012879852988851637,ABBV
2025-05-19,0.009183797425110551,ABBV
2025-05-20,-0.004630879216307449,ABBV
2025-05-21,-0.016499880719775706,ABBV
2025-05-22,0.004070353256068637,ABBV
2025-05-23,0.003944347798756187,ABBV
2025-05-27,0.013423588276793463,ABBV
2025-05-28,-0.014161128933480316,ABBV
2025-05-29,0.013818334315916392,ABBV
2025-05-30,0.0026398314085436247,ABBV
2025-06-02,0.004728412658785208,ABBV
2025-06-03,0.0013904192694695894,ABBV
2025-06-04,0.00048062129714621094,ABBV
2025-06-05,0.0006939515605521862,ABBV
2025-06-06,0.012588684029362085,ABBV
2025-06-09,-0.0035294640598571014,ABBV
2025-06-10,0.0017974007787500135,ABBV
2025-06-11,0.01055408970976246,ABBV
2025-06-12,0.004804167984048702,ABBV
2025-06-13,-0.006963914097505075,ABBV
2025-06-16,-0.001151356597210218,ABBV
2025-06-17,-0.02818822626850981,ABBV
2025-06-18,5.396682044200851e-05,ABBV
2025-06-20,-0.0010243271107847063,ABBV
2025-06-23,-0.008310893251802676,ABBV
2025-06-24,0.009741013269649823,ABBV
2025-06-25,-0.0008623209888319883,ABBV
2025-06-26,0.007551614979737442,ABBV
2025-06-27,-0.02398413131626609,ABBV
2025-06-30,0.018155875173712976,ABBV
2025-07-01,0.023542778207798376,ABBV
2025-07-02,0.004000181508828193,ABBV
2025-07-03,-0.007706428417840749,ABBV
2025-07-07,-0.008717212104424665,ABBV
2025-07-08,0.01140542202184025,ABBV
2025-07-09,0.0044790579416660314,ABBV
2025-07-10,0.02297767807684492,ABBV
2025-07-11,-0.013076938726963139,ABBV
2025-07-14,-0.00483238602508973,ABBV
2025-07-15,-0.02678573918322613,ABBV
2025-07-16,0.02247975993951834,ABBV
2025-07-17,0.004302613377853648,ABBV
2025-07-18,-0.011180770417400399,ABBV
2025-07-21,-0.023301218066774432,ABBV
2025-07-22,0.012226099173458183,ABBV
2025-07-23,0.018384920261797832,ABBV
2025-07-24,0.0014694241659016782,ABBV
2025-07-25,-0.002882162377406128,ABBV
2025-07-28,-0.00924949820331522,ABBV
2025-07-29,0.014322071329576191,ABBV
2025-07-30,-0.009988514014833028,ABBV
2025-07-31,-0.001531843483559614,ABBV
2025-08-01,0.03280074493758489,ABBV
2025-08-04,0.010091185372322453,ABBV
2025-08-05,0.006896904475447219,ABBV
2025-08-06,-0.011332157972384738,ABBV
2025-08-07,0.013041250732526821,ABBV
2025-08-08,-0.004073205049319406,ABBV
2025-08-11,0.0029790271587950556,ABBV
2025-08-12,0.0,ABBV
2025-08-13,0.014246888037405814,ABBV
2025-08-14,0.01593285072531314,ABBV
2025-08-15,0.009820255215706064,ABBV
2025-08-18,-0.0005805559812769312,ABBV
2025-08-19,-0.00183959369385156,ABBV
2025-08-20,0.014355649740676713,ABBV
2025-08-21,0.0016734693460658256,ABBV
2025-08-22,0.005250625792437402,ABBV
2025-08-25,-0.014482445220151852,ABBV
2025-08-26,0.0039026622340823103,ABBV
2025-08-27,-0.0014398303459349782,ABBV
2025-08-28,-0.000672879896622125,ABBV
2025-08-29,0.011927644042801333,ABBV
2025-09-02,0.007224355116705716,ABBV
2025-09-03,-0.0002831141898459455,ABBV
2025-09-04,0.005380909026546643,ABBV
2025-09-05,-0.0020657391615317433,ABBV
2025-09-08,-0.013031634852636698,ABBV
2025-09-09,0.003003026373871176,ABBV
2025-09-10,0.005797933805339106,ABBV
2025-09-11,0.04054054930919815,ABBV
2025-09-12,-0.008536939752935346,ABBV
2025-09-15,-0.003343389849697398,ABBV
2025-09-16,-0.006203787048982723,ABBV
2025-09-17,0.021039504149316768,ABBV
2025-09-18,0.0053439968643502755,ABBV
2025-09-19,0.002162240261550208,ABBV
2025-09-22,0.0005393766194501382,ABBV
2025-09-23,8.987049189124185e-05,ABBV
2025-09-24,-0.011769440321656721,ABBV
2025-09-25,-0.006591264015747833,ABBV
2025-09-26,0.009471984020373414,ABBV
2024-04-15,,AMD
2024-04-16,0.019585823641451894,AMD
2024-04-17,-0.0577511443391211,AMD
2024-04-18,0.006882207045771915,AMD
2024-04-19,-0.054423538443086006,AMD
2024-04-22,0.013638843482845608,AMD
2024-04-23,0.02442145383287242,AMD
2024-04-24,-0.0034806512407298262,AMD
2024-04-25,0.01331217174473398,AMD
2024-04-26,0.023673253900165836,AMD
2024-04-29,0.017789092505297477,AMD
2024-04-30,-0.011360749688513971,AMD
2024-05-01,-0.0890895326136133,AMD
2024-05-02,0.013100432062641998,AMD
2024-05-03,0.03037768425123044,AMD
2024-05-06,0.03439570030442596,AMD
2024-05-07,-0.008666106779396388,AMD
2024-05-08,-0.005245079304603162,AMD
2024-05-09,-0.008006742394443989,AMD
2024-05-10,-0.003084199898848783,AMD
2024-05-13,-0.008952084167610064,AMD
2024-05-14,0.01726890373057932,AMD
2024-05-15,0.04250453350208727,AMD
2024-05-16,0.018475587036212104,AMD
2024-05-17,0.011376252361725125,AMD
2024-05-20,0.011309056949878826,AMD
2024-05-21,-0.010040270249269678,AMD
2024-05-22,0.0052228871081305694,AMD
2024-05-23,-0.030751640075486364,AMD
2024-05-24,0.03696321264911151,AMD
2024-05-28,0.031558066727209066,AMD
2024-05-29,-0.037701772610522655,AMD
2024-05-30,0.009749307353167369,AMD
2024-05-31,0.0008995136220952826,AMD
2024-06-03,-0.02007184522010419,AMD
2024-06-04,-0.02176702838377287,AMD
2024-06-05,0.03862736710791159,AMD
2024-06-06,0.0036709431129160475,AMD
2024-06-07,0.006535533912151115,AMD
2024-06-10,-0.04485613271174693,AMD
2024-06-11,-0.008606646223911163,AMD
2024-06-12,0.008052332191963885,AMD
2024-06-13,-0.002121889572040736,AMD
2024-06-14,-0.001688486704049863,AMD
2024-06-17,-0.007705387137155739,AMD
2024-06-18,-0.02380043660945841,AMD
2024-06-20,0.04623936927314376,AMD
2024-06-21,-0.003399697465124474,AMD
2024-06-24,-0.006078246936104592,AMD
2024-06-25,0.0,AMD
2024-06-26,-0.01691111833926484,AMD
2024-06-27,0.012250907812754175,AMD
2024-06-28,0.017181949408603625,AMD
2024-07-01,-0.02786513831069659,AMD
2024-07-02,0.041981070547876476,AMD
2024-07-03,-0.0024953056308284483,AMD
2024-07-05,0.048810251970190066,AMD
2024-07-08,0.039499760244382065,AMD
2024-07-09,-0.008898071051356093,AMD
2024-07-10,0.038735179977023027,AMD
2024-07-11,-0.01098067079114029,AMD
2024-07-12,-0.0018137948039269602,AMD
2024-07-15,-0.009801215645144468,AMD
2024-07-16,-0.012678634021473623,AMD
2024-07-17,-0.10205581562673571,AMD
2024-07-18,-0.022956711857619605,AMD
2024-07-19,-0.026898647534716713,AMD
2024-07-22,0.02830184215800635,AMD
2024-07-23,-0.011997146184431373,AMD
2024-07-24,-0.060844124137581224,AMD
2024-07-25,-0.043628551099797575,AMD
2024-07-26,0.012073438985806817,AMD
2024-07-29,-0.0017144473444269392,AMD
2024-07-30,-0.009373864462209336,AMD
2024-07-31,0.04362895969096203,AMD
2024-08-01,-0.0826412153549807,AMD
2024-08-02,-0.00030174504420321657,AMD
2024-08-05,0.017509489239386777,AMD
2024-08-06,-0.03441636549743743,AMD
2024-08-07,-0.0115992824688248,AMD
2024-08-08,0.05945449027852545,AMD
2024-08-09,-0.015038167118654577,AMD
2024-08-12,0.018619199526701324,AMD
2024-08-13,0.03187833935916218,AMD
2024-08-14,-0.0026925874701700936,AMD
2024-08-15,0.046962704158803215,AMD
2024-08-16,0.008143301732301156,AMD
2024-08-19,0.045234257748642426,AMD
2024-08-20,0.0072127455306034705,AMD
2024-08-21,0.00901536903538891,AMD
2024-08-22,-0.03871744949544764,AMD
2024-08-23,0.02162161400976137,AMD
2024-08-26,-0.0321976408048662,AMD
2024-08-27,0.00340018993371638,AMD
2024-08-28,-0.027508301592348405,AMD
2024-08-29,-0.005944213675590615,AMD
2024-08-30,0.02110105127168982,AMD
2024-09-03,-0.07821752361435275,AMD
2024-09-04,0.028698646164131647,AMD
2024-09-05,-0.010151151596134111,AMD
2024-09-06,-0.036503128576962585,AMD
2024-09-09,0.02828423982385897,AMD
2024-09-10,0.033948625759046,AMD
2024-09-11,0.04914592867851231,AMD
2024-09-12,0.006072358590705429,AMD
2024-09-13,0.010214188780878652,AMD
2024-09-16,-0.0015100501032480063,AMD
2024-09-17,-0.008285076878389752,AMD
2024-09-18,-0.016775055796457772,AMD
2024-09-19,0.05698302373462605,AMD
2024-09-20,-0.005040248291661165,AMD
2024-09-23,0.005129868979884211,AMD
2024-09-24,0.010015995688795742,AMD
2024-09-25,0.023370368728350854,AMD
2024-09-26,0.033761270685467304,AMD
2024-09-27,-0.01874738364479067,AMD
2024-09-30,-0.00164286134733016,AMD
2024-10-01,-0.026389576930362812,AMD
2024-10-02,0.00018778578589584427,AMD
2024-10-03,0.01921396512500495,AMD
2024-10-04,0.04943191581983597,AMD
2024-10-07,0.000409639126500716,AMD
2024-10-08,0.010703642849556827,AMD
2024-10-09,-0.010300918679750914,AMD
2024-10-10,-0.03999538899427524,AMD
2024-10-11,0.02259719137150662,AMD
2024-10-14,-0.015605426926632249,AMD
2024-10-15,-0.05221761154301929,AMD
2024-10-16,-0.0032558382841110234,AMD
2024-10-17,0.0007685589792785219,AMD
2024-10-18,-0.0017919921875000355,AMD
2024-10-21,0.012374127464743978,AMD
2024-10-22,-0.02412918116444951,AMD
2024-10-23,-0.007657814938185514,AMD
2024-10-24,0.003466083098578876,AMD
2024-10-25,0.018182959083295147,AMD
2024-10-28,0.023619039507890127,AMD
2024-10-29,0.039582303048599554,AMD
2024-10-30,-0.10616537682095861,AMD
2024-10-31,-0.030484512740472258,AMD
2024-11-01,-0.015339811213403554,AMD
2024-11-04,-0.008106540896211323,AMD
2024-11-05,0.006751452653783074,AMD
2024-11-06,0.02428351230041903,AMD
2024-11-07,0.03252929718924924,AMD
2024-11-08,-0.012481713286328633,AMD
2024-11-11,-0.004055362332561985,AMD
2024-11-12,-0.02524602013310928,AMD
2024-11-13,-0.030146916966183546,AMD
2024-11-14,-0.003302273537612699,AMD
2024-11-15,-0.02837800738497276,AMD
2024-11-18,0.029873973029155954,AMD
2024-11-19,0.0033110684381931765,AMD
2024-11-20,-0.012841619154679074,AMD
2024-11-21,-0.0007994230048856688,AMD
2024-11-22,0.006255004552998766,AMD
2024-11-25,0.02009395487280896,AMD
2024-11-26,-0.02416214514369841,AMD
2024-11-27,-0.010746410938286988,AMD
2024-11-29,0.006899494603032297,AMD
2024-12-02,0.035573736283440294,AMD
2024-12-03,-0.0005631552332083789,AMD
2024-12-04,0.014156992718060257,AMD
2024-12-05,-0.018265190516555396,AMD
2024-12-06,-0.019595389505523864,AMD
2024-12-09,-0.055703885018376864,AMD
2024-12-10,-0.023916843968819657,AMD
2024-12-11,0.018866416729433677,AMD
2024-12-12,0.003457642936112393,AMD
2024-12-13,-0.02825422870563643,AMD
2024-12-16,-0.0017335215062231901,AMD
2024-12-17,-0.01318182781717303,AMD
2024-12-18,-0.028875324571185246,AMD
2024-12-19,-0.020838533336450138,AMD
2024-12-20,0.0027759239458191587,AMD
2024-12-23,0.04521432288435023,AMD
2024-12-24,0.013563422649296886,AMD
2024-12-26,-0.009739514989443365,AMD
2024-12-27,0.0010395401035538931,AMD
2024-12-30,-0.021966610323273295,AMD
2024-12-31,-0.013476000432689594,AMD
2025-01-02,-0.0013246432725939616,AMD
2025-01-03,0.039293754464789776,AMD
2025-01-06,0.033341311426985154,AMD
2025-01-07,-0.017136249852623964,AMD
2025-01-08,-0.04311635446647022,AMD
2025-01-10,-0.04760337817376936,AMD
2025-01-13,0.01103066846947609,AMD
2025-01-14,-0.010484174566426141,AMD
2025-01-15,0.03333622937947234,AMD
2025-01-16,-0.012670862409694283,AMD
2025-01-17,0.025498113650921583,AMD
2025-01-21,0.0067511913469875395,AMD
2025-01-22,0.012021599896777202,AMD
2025-01-23,-0.005737366339172989,AMD
2025-01-24,-0.0016255248386581878,AMD
2025-01-27,-0.0637414069935539,AMD
2025-01-28,-0.007303747080103173,AMD
2025-01-29,0.027853204486086636,AMD
2025-01-30,0.012867508784531134,AMD
2025-01-31,-0.024482615237812366,AMD
2025-02-03,-0.014489006894288226,AMD
2025-02-04,0.04576882393083492,AMD
2025-02-05,-0.06267780639137688,AMD
2025-02-06,-0.016516368528152192,AMD
2025-02-07,-0.023602088027253054,AMD
2025-02-10,0.027147693051491117,AMD
2025-02-11,0.005611831085707397,AMD
2025-02-12,0.005580582854161298,AMD
2025-02-13,0.0008055526038961425,AMD
2025-02-14,0.011537438008182743,AMD
2025-02-18,0.010433247755045505,AMD
2025-02-19,0.0035877114673512622,AMD
2025-02-20,-0.004533998268302475,AMD
2025-02-21,-0.02916704812526183,AMD
2025-02-24,-0.02463005970531429,AMD
2025-02-25,-0.038386842127920096,AMD
2025-02-26,0.007502874049307051,AMD
2025-02-27,-0.04993312807148875,AMD
2025-02-28,0.003517219039367969,AMD
2025-03-03,-0.016322824388697255,AMD
2025-03-04,0.025654042114908737,AMD
2025-03-05,0.009131495473402529,AMD
2025-03-06,-0.027736793012804184,AMD
2025-03-07,0.014769844279308497,AMD
2025-03-10,-0.036686276490298986,AMD
2025-03-11,0.0013453884560459262,AMD
2025-03-12,0.041649428382845244,AMD
2025-03-13,-0.026589942264430566,AMD
2025-03-14,0.029150959051668757,AMD
2025-03-17,0.03585218454414796,AMD
2025-03-18,-0.010325979916579242,AMD
2025-03-19,0.026277665583692267,AMD
2025-03-20,0.008566280748925958,AMD
2025-03-21,-0.006533479113588814,AMD
2025-03-24,0.06961664658730116,AMD
2025-03-25,0.008432139634071856,AMD
2025-03-26,-0.04024035550414207,AMD
2025-03-27,-0.03212633484974958,AMD
2025-03-28,-0.0321612776005773,AMD
2025-03-31,-0.004650294044341807,AMD
2025-04-01,0.00038934121431832835,AMD
2025-04-02,0.0017513164751277177,AMD
2025-04-03,-0.08896655122538999,AMD
2025-04-04,-0.08571429268601372,AMD
2025-04-07,-0.024720180664342672,AMD
2025-04-08,-0.06492109450980954,AMD
2025-04-09,0.23820480081192907,AMD
2025-04-10,-0.08405617201023685,AMD
2025-04-11,0.05298765207826617,AMD
2025-04-14,0.011777285397755799,AMD
2025-04-15,0.008359798047908429,AMD
2025-04-16,-0.07345996361365725,AMD
2025-04-17,-0.008947795982958362,AMD
2025-04-21,-0.02217145647321428,AMD
2025-04-22,0.00818144690989886,AMD
2025-04-23,0.04787847381333776,AMD
2025-04-24,0.04513775703733369,AMD
2025-04-25,0.023076111749832817,AMD
2025-04-28,-0.0026901410463077147,AMD
2025-04-29,-0.0034236106768782415,AMD
2025-04-30,0.013429116680337971,AMD
2025-05-01,-0.0071905183278279106,AMD
2025-05-02,0.022245230128663973,AMD
2025-05-05,0.018117340393148496,AMD
2025-05-06,-0.019584388736740954,AMD
2025-05-07,0.01764345787173327,AMD
2025-05-08,0.01335189647012025,AMD
2025-05-09,0.011209433862899854,AMD
2025-05-12,0.0513419544604361,AMD
2025-05-13,0.04014054964522118,AMD
2025-05-14,0.046772205042252324,AMD
2025-05-15,-0.023190650090253895,AMD
2025-05-16,0.01895817328180538,AMD
2025-05-19,-0.020739099967143515,AMD
2025-05-20,-0.010719851406999603,AMD
2025-05-21,-0.012774245003506213,AMD
2025-05-22,-0.012047104261404318,AMD
2025-05-23,-0.003613056898082889,AMD
2025-05-27,0.03852778618495134,AMD
2025-05-28,-0.014839359152156839,AMD
2025-05-29,0.0015062747477048166,AMD
2025-05-30,-0.02034853974345574,AMD
2025-06-02,0.03522075118080603,AMD
2025-06-03,0.023379572270694426,AMD
2025-06-04,0.010826053182948936,AMD
2025-06-05,-0.024371726640432412,AMD
2025-06-06,0.004321894627439704,AMD
2025-06-09,0.047680530158531687,AMD
2025-06-10,0.012404456298324096,AMD
2025-06-11,-0.017039910017220605,AMD
2025-06-12,-0.02179296188665847,AMD
2025-06-13,-0.019746804539161444,AMD
2025-06-16,0.08806814226088067,AMD
2025-06-17,0.0056175258161350605,AMD
2025-06-18,-0.0024390052109786176,AMD
2025-06-20,0.011436269162919066,AMD
2025-06-23,0.010449128824796095,AMD
2025-06-24,0.06829750516800503,AMD
2025-06-25,0.035902632981737126,AMD
2025-06-26,0.0019525717657908892,AMD
2025-06-27,0.0009048224487724355,AMD
2025-06-30,-0.013281438665842193,AMD
2025-07-01,-0.040803337104838744,AMD
2025-07-02,0.017706293816048158,AMD
2025-07-03,-0.00440370048756078,AMD
2025-07-07,-0.02255094284509862,AMD
2025-07-08,0.022403592018476193,AMD
2025-07-09,0.0042809193624744335,AMD
2025-07-10,0.04154323999612819,AMD
2025-07-11,0.01567698702431386,AMD
2025-07-14,-0.0012292902474535516,AMD
2025-07-15,0.06407272131582009,AMD
2025-07-16,0.028725668036568175,AMD
2025-07-17,0.0020614806801599883,AMD
2025-07-18,-0.021320354659110086,AMD
2025-07-21,6.366333197171947e-05,AMD
2025-07-22,-0.014522285218451447,AMD
2025-07-23,0.025400676349370155,AMD
2025-07-24,0.021872053918686074,AMD
2025-07-25,0.026832014770116652,AMD
2025-07-28,0.04319097968812935,AMD
2025-07-29,0.021766663017303678,AMD
2025-07-30,0.011665870361522446,AMD
2025-07-31,-0.017826288486239794,AMD
2025-08-01,-0.02614713104297728,AMD
2025-08-04,0.029586499250702003,AMD
2025-08-05,-0.013972175799066622,AMD
2025-08-06,-0.06419598759758327,AMD
2025-08-07,0.05689062688255975,AMD
2025-08-08,0.002088170667614575,AMD
2025-08-11,-0.0027783962884999625,AMD
2025-08-12,0.01549801594998712,AMD
2025-08-13,0.054129759279188505,AMD
2025-08-14,-0.01881575347118425,AMD
2025-08-15,-0.01901079027036512,AMD
2025-08-18,-0.00771784778087381,AMD
2025-08-19,-0.05444530697809358,AMD
2025-08-20,-0.008105710470002747,AMD
2025-08-21,-0.009019311512710404,AMD
2025-08-22,0.02473879193009454,AMD
2025-08-25,-0.02622790915926676,AMD
2025-08-26,0.019955891862486697,AMD
2025-08-27,0.0030609157398324705,AMD
2025-08-28,0.008675862537423473,AMD
2025-08-29,-0.03529479703176819,AMD
2025-09-02,-0.001906152304534059,AMD
2025-09-03,-0.0011705423412576854,AMD
2025-09-04,-0.002097154051931671,AMD
2025-09-05,-0.06582603583924618,AMD
2025-09-08,0.0017864514592516034,AMD
2025-09-09,0.029126237074472705,AMD
2025-09-10,0.023873609209719815,AMD
2025-09-11,-0.024257209978984506,AMD
2025-09-12,0.018629210441218902,AMD
2025-09-15,0.016333456632785515,AMD
2025-09-16,-0.004343490520823057,AMD
2025-09-17,-0.008101726270496656,AMD
2025-09-18,-0.0077909365709525336,AMD
2025-09-19,-0.003356121994947503,AMD
2025-09-22,0.015248706434916048,AMD
2025-09-23,0.006946621546969567,AMD
2025-09-24,-0.00012423253219473462,AMD
2025-09-25,0.002424163213648134,AMD
2025-09-26,-0.011223398714219734,AMD
2024-04-15,,AMZN
2024-04-16,-0.001633742516860992,AMZN
2024-04-17,-0.011128128209780819,AMZN
2024-04-18,-0.011363622972558218,AMZN
2024-04-19,-0.02561096030926935,AMZN
2024-04-22,0.014888568814227066,AMZN
2024-04-23,0.01303389727631088,AMZN
2024-04-24,-0.016430862529557833,AMZN
2024-04-25,-0.016535467634067658,AMZN
2024-04-26,0.034260361668536854,AMZN
2024-04-29,0.007460258507441919,AMZN
2024-04-30,-0.03293549122868411,AMZN
2024-05-01,0.02285714285714291,AMZN
2024-05-02,0.031955314082140474,AMZN
2024-05-03,0.008066292135759712,AMZN
2024-05-06,0.013371946429286963,AMZN
2024-05-07,0.0003179520909595279,AMZN
2024-05-08,-0.004026247769404412,AMZN
2024-05-09,0.007978723404255428,AMZN
2024-05-10,-0.01065965315282813,AMZN
2024-05-13,-0.004853789332504466,AMZN
2024-05-14,0.002679959159411549,AMZN
2024-05-15,-0.005773249525686364,AMZN
2024-05-16,-0.012688857146349708,AMZN
2024-05-17,0.005826891232250109,AMZN
2024-05-20,-0.006280474722663021,AMZN
2024-05-21,-0.0021248741632045043,AMZN
2024-05-22,-0.00010914012742568868,AMZN
2024-05-23,-0.011358061353112014,AMZN
2024-05-24,-0.0016570176564539851,AMZN
2024-05-28,0.007745471073219212,AMZN
2024-05-29,-0.0007136405620595809,AMZN
2024-05-30,-0.014833517662161122,AMZN
2024-05-31,-0.016060700229647673,AMZN
2024-06-03,0.01076849847083472,AMZN
2024-06-04,0.00560726713319748,AMZN
2024-06-05,0.010817455564965828,AMZN
2024-06-06,0.020520748266509736,AMZN
2024-06-07,-0.003783767287795614,AMZN
2024-06-10,0.014975553234585881,AMZN
2024-06-11,0.0009087895389929823,AMZN
2024-06-12,-0.0018159287809064173,AMZN
2024-06-13,-0.016373254687715777,AMZN
2024-06-14,-0.0009247574783878276,AMZN
2024-06-17,0.002177904217078641,AMZN
2024-06-18,-0.006791263808433312,AMZN
2024-06-20,0.017996874289478493,AMZN
2024-06-21,0.01601287280926522,AMZN
2024-06-24,-0.0185635417434159,AMZN
2024-06-25,0.004149318226444709,AMZN
2024-06-26,0.03901472799901873,AMZN
2024-06-27,0.0218997235669518,AMZN
2024-06-28,-0.023249966952787915,AMZN
2024-07-01,0.02043982896891161,AMZN
2024-07-02,0.014198798656638534,AMZN
2024-07-03,-0.012050018310546862,AMZN
2024-07-05,0.012196992290986808,AMZN
2024-07-08,-0.0035500335693359197,AMZN
2024-07-09,0.0002509059834530092,AMZN
2024-07-10,0.002257434315787954,AMZN
2024-07-11,-0.023724863074531144,AMZN
2024-07-12,-0.0028710461411536325,AMZN
2024-07-15,-0.009100746683474936,AMZN
2024-07-16,0.0015566783408964557,AMZN
2024-07-17,-0.02637038381521739,AMZN
2024-07-18,-0.022242286163404512,AMZN
2024-07-19,-0.0033741230867346816,AMZN
2024-07-22,-0.003167158934036185,AMZN
2024-07-23,0.021144894800451786,AMZN
2024-07-24,-0.029934025650088625,AMZN
2024-07-25,-0.005419431054668911,AMZN
2024-07-26,0.014734466536293178,AMZN
2024-07-29,0.003835599716395466,AMZN
2024-07-30,-0.008133134602594794,AMZN
2024-07-31,0.029002194810164417,AMZN
2024-08-01,-0.015563100170141508,AMZN
2024-08-02,-0.0878470841762542,AMZN
2024-08-05,-0.04097671157906757,AMZN
2024-08-06,0.005651399696776416,AMZN
2024-08-07,0.0051874985158653075,AMZN
2024-08-08,0.018615215947435537,AMZN
2024-08-09,0.00687575011257735,AMZN
2024-08-12,-0.000838620987187122,AMZN
2024-08-13,0.020563504874259175,AMZN
2024-08-14,-0.0007636117446156998,AMZN
2024-08-15,0.04403286281963403,AMZN
2024-08-16,-0.002984395462729106,AMZN
2024-08-19,0.006551472258579993,AMZN
2024-08-20,0.003703308593809629,AMZN
2024-08-21,0.006876093995775934,AMZN
2024-08-22,-0.022097583221652117,AMZN
2024-08-23,0.005166572293719973,AMZN
2024-08-26,-0.00869856159361615,AMZN
2024-08-27,-0.013561281383547064,AMZN
2024-08-28,-0.013401063602498708,AMZN
2024-08-29,0.007728290643119529,AMZN
2024-08-30,0.037067191865004956,AMZN
2024-09-03,-0.012605042016806678,AMZN
2024-09-04,-0.016567365497562103,AMZN
2024-09-05,0.026308183871355473,AMZN
2024-09-06,-0.03653943460735232,AMZN
2024-09-09,0.023396899008788496,AMZN
2024-09-10,0.023660258265018275,AMZN
2024-09-11,0.02768031821904482,AMZN
2024-09-12,0.013440254011034547,AMZN
2024-09-13,-0.0027272433520638684,AMZN
2024-09-16,-0.008579580976924128,AMZN
2024-09-17,0.010763186217390919,AMZN
2024-09-18,-0.0024080275860086653,AMZN
2024-09-19,0.01845197970580159,AMZN
2024-09-20,0.009111555436973395,AMZN
2024-09-23,0.011899784481557152,AMZN
2024-09-24,0.0004126358007008335,AMZN
2024-09-25,-0.007372694808574054,AMZN
2024-09-26,-0.007115748848874004,AMZN
2024-09-27,-0.016687603998192135,AMZN
2024-09-30,-0.008724793206352333,AMZN
2024-10-01,-0.006440170323887107,AMZN
2024-10-02,-0.0019986515757441925,AMZN
2024-10-03,-0.015154729791167831,AMZN
2024-10-04,0.02500542770436165,AMZN
2024-10-07,-0.03061493551686767,AMZN
2024-10-08,0.010619458719785868,AMZN
2024-10-09,0.013408477078997505,AMZN
2024-10-10,0.007992632403596822,AMZN
2024-10-11,0.011626110360002828,AMZN
2024-10-14,-0.006779016992029097,AMZN
2024-10-15,0.0007998782160802964,AMZN
2024-10-16,-0.004262363692000948,AMZN
2024-10-17,0.0034244710350397334,AMZN
2024-10-18,0.007785456851548744,AMZN
2024-10-21,0.0004233124965837831,AMZN
2024-10-22,0.003332044214411578,AMZN
2024-10-23,-0.026304640562205495,AMZN
2024-10-24,0.009041189476714617,AMZN
2024-10-25,0.007779788122410869,AMZN
2024-10-28,0.002981406341556969,AMZN
2024-10-29,0.012951868195294036,AMZN
2024-10-30,0.009956473710913016,AMZN
2024-10-31,-0.03284388507953562,AMZN
2024-11-01,0.06185621865256041,AMZN
2024-11-04,-0.01086239567545566,AMZN
2024-11-05,0.0190009257528736,AMZN
2024-11-06,0.038045094425516846,AMZN
2024-11-07,0.01429333510169939,AMZN
2024-11-08,-0.008902691496347037,AMZN
2024-11-11,-0.006436720074140534,AMZN
2024-11-12,0.010007771034946433,AMZN
2024-11-13,0.024843245179395845,AMZN
2024-11-14,-0.012237320417028852,AMZN
2024-11-15,-0.041942478231440816,AMZN
2024-11-18,-0.004491405455644082,AMZN
2024-11-19,0.014427385751800914,AMZN
2024-11-20,-0.00845508881471324,AMZN
2024-11-21,-0.022180598835253806,AMZN
2024-11-22,-0.006351495788949668,AMZN
2024-11-25,0.021966324768223133,AMZN
2024-11-26,0.03181932866326265,AMZN
2024-11-27,-0.010199148999145757,AMZN
2024-11-29,0.010450052683389277,AMZN
2024-12-02,0.01356490130596999,AMZN
2024-12-03,0.012956175029913197,AMZN
2024-12-04,0.02211394849472459,AMZN
2024-12-05,0.010955259211262725,AMZN
2024-12-06,0.029381072944344444,AMZN
2024-12-09,-0.004140432746599476,AMZN
2024-12-10,-0.004644181824783544,AMZN
2024-12-11,0.02319588240507109,AMZN
2024-12-12,-0.0056023335225716675,AMZN
2024-12-13,-0.006594726378065796,AMZN
2024-12-16,0.024048121869595374,AMZN
2024-12-17,-0.00764177579215608,AMZN
2024-12-18,-0.045987410359975445,AMZN
2024-12-19,0.012561168873593154,AMZN
2024-12-20,0.00729994595290151,AMZN
2024-12-23,0.0006224408269079884,AMZN
2024-12-24,0.017728630305015702,AMZN
2024-12-26,-0.00873171784917226,AMZN
2024-12-27,-0.014534256804240364,AMZN
2024-12-30,-0.010949707031249978,AMZN
2024-12-31,-0.008630834323407832,AMZN
2025-01-02,0.003783225458606987,AMZN
2025-01-03,0.018027432561515733,AMZN
2025-01-06,0.015254909370185477,AMZN
2025-01-07,-0.02416414035082548,AMZN
2025-01-08,9.006470850470016e-05,AMZN
2025-01-10,-0.014360970473526025,AMZN
2025-01-13,-0.0021923619356289947,AMZN
2025-01-14,-0.003204303696411115,AMZN
2025-01-15,0.025670516796895804,AMZN
2025-01-16,-0.012043887924316987,AMZN
2025-01-17,0.023928209424767255,AMZN
2025-01-21,0.021111818274402117,AMZN
2025-01-22,0.018638063663626525,AMZN
2025-01-23,0.0017446222360446573,AMZN
2025-01-24,-0.002421170970448472,AMZN
2025-01-27,0.0024270472668348475,AMZN
2025-01-28,0.011596277923593856,AMZN
2025-01-29,-0.004534900692607424,AMZN
2025-01-30,-0.010250170242948609,AMZN
2025-01-31,0.012955989149507907,AMZN
2025-02-03,-0.0010938846972727845,AMZN
2025-02-04,0.019543422733693472,AMZN
2025-02-05,-0.024332807771026643,AMZN
2025-02-06,0.011263088803542765,AMZN
2025-02-07,-0.04053095448794508,AMZN
2025-02-10,0.017412199866636335,AMZN
2025-02-11,-0.0016299428832775575,AMZN
2025-02-12,-0.01645472556041927,AMZN
2025-02-13,0.006290143220533118,AMZN
2025-02-14,-0.007336035409240549,AMZN
2025-02-18,-0.008877028355405714,AMZN
2025-02-19,-8.819331220011328e-05,AMZN
2025-02-20,-0.016546793977871843,AMZN
2025-02-21,-0.028266344731418536,AMZN
2025-02-24,-0.017868663239768212,AMZN
2025-02-25,0.000423094048469963,AMZN
2025-02-26,0.007283848822975836,AMZN
2025-02-27,-0.02617215045770671,AMZN
2025-02-28,0.016958863624485065,AMZN
2025-03-03,-0.034200087377916355,AMZN
2025-03-04,-0.005950644792114046,AMZN
2025-03-05,0.022374865016246748,AMZN
2025-03-06,-0.03676331176651382,AMZN
2025-03-07,-0.007224698407026442,AMZN
2025-03-10,-0.02363867861413893,AMZN
2025-03-11,0.010537694677220655,AMZN
2025-03-12,0.011699491808345508,AMZN
2025-03-13,-0.025139524437347016,AMZN
2025-03-14,0.02093969555611075,AMZN
2025-03-17,-0.01116439246854839,AMZN
2025-03-18,-0.014917738259935254,AMZN
2025-03-19,0.014106347155876442,AMZN
2025-03-20,-0.003017266841301769,AMZN
2025-03-21,0.006463245885351521,AMZN
2025-03-24,0.03593082692897376,AMZN
2025-03-25,0.012053587883713357,AMZN
2025-03-26,-0.022264360904062586,AMZN
2025-03-27,0.0011435177345771042,AMZN
2025-03-28,-0.04290822091507418,AMZN
2025-03-31,-0.012764667384211892,AMZN
2025-04-01,0.010038913682617334,AMZN
2025-04-02,0.01998228846583383,AMZN
2025-04-03,-0.08979129298487254,AMZN
2025-04-04,-0.041533565999713695,AMZN
2025-04-07,0.024912248577988017,AMZN
2025-04-08,-0.026246667744515673,AMZN
2025-04-09,0.11977031526306248,AMZN
2025-04-10,-0.05170070417193329,AMZN
2025-04-11,0.020141230945248445,AMZN
2025-04-14,-0.014875318183769082,AMZN
2025-04-15,-0.013891933050343641,AMZN
2025-04-16,-0.029288905919567454,AMZN
2025-04-17,-0.009866352335440198,AMZN
2025-04-21,-0.030647084568839134,AMZN
2025-04-22,0.03502262189247651,AMZN
2025-04-23,0.042845673527805994,AMZN
2025-04-24,0.03289029336584037,AMZN
2025-04-25,0.013133978209558528,AMZN
2025-04-28,-0.006825802991833552,AMZN
2025-04-29,-0.0016515586767922308,AMZN
2025-04-30,-0.015849304820837684,AMZN
2025-05-01,0.031341496782804956,AMZN
2025-05-02,-0.0011566836184702112,AMZN
2025-05-05,-0.01910722026349243,AMZN
2025-05-06,-0.007190832051464091,AMZN
2025-05-07,0.019998985551532122,AMZN
2025-05-08,0.01785806262143419,AMZN
2025-05-09,0.0051020185245573835,AMZN
2025-05-12,0.08070031092964336,AMZN
2025-05-13,0.01308471882441209,AMZN
2025-05-14,-0.005298742220089303,AMZN
2025-05-15,-0.024161720956264898,AMZN
2025-05-16,0.002047074000553817,AMZN
2025-05-19,0.0027725440652370814,AMZN
2025-05-20,-0.010137739138364021,AMZN
2025-05-21,-0.014455883280997672,AMZN
2025-05-22,0.00984492359983613,AMZN
2025-05-23,-0.010388973643241206,AMZN
2025-05-27,0.025026113945093353,AMZN
2025-05-28,-0.006310081665849121,AMZN
2025-05-29,0.004787005283780621,AMZN
2025-05-30,-0.0033544115296213484,AMZN
2025-06-02,0.007999607012299847,AMZN
2025-06-03,-0.004548692041520419,AMZN
2025-06-04,0.007388989179248462,AMZN
2025-06-05,0.0032814165352026414,AMZN
2025-06-06,0.027223334916139486,AMZN
2025-06-09,0.015966607137600786,AMZN
2025-06-10,0.0029035159702168745,AMZN
2025-06-11,-0.020265629565462184,AMZN
2025-06-12,0.00018765734284498237,AMZN
2025-06-13,-0.0053460859139069505,AMZN
2025-06-16,0.018859028217320217,AMZN
2025-06-17,-0.005923177895162723,AMZN
2025-06-18,-0.010706651956707725,AMZN
2025-06-20,-0.013316402099383007,AMZN
2025-06-23,-0.005818118205440093,AMZN
2025-06-24,0.02062648355436747,AMZN
2025-06-25,-0.0036659245365152637,AMZN
2025-06-26,0.024199205109171285,AMZN
2025-06-27,0.028463559660798277,AMZN
2025-06-30,-0.017510092291414314,AMZN
2025-07-01,0.00487719279454657,AMZN
2025-07-02,-0.002449462616694653,AMZN
2025-07-03,0.015869432167251007,AMZN
2025-07-07,0.0002685535903059755,AMZN
2025-07-08,-0.018391733064396676,AMZN
2025-07-09,0.014496684294917905,AMZN
2025-07-10,-0.0012581953255335065,AMZN
2025-07-11,0.012417933203629827,AMZN
2025-07-14,0.0029775049161142597,AMZN
2025-07-15,0.0029243814744550622,AMZN
2025-07-16,-0.013960696164789232,AMZN
2025-07-17,0.0030915472640284936,AMZN
2025-07-18,0.010050026580880944,AMZN
2025-07-21,0.014018476542235536,AMZN
2025-07-22,-0.007980819043607368,AMZN
2025-07-23,0.003604836070819184,AMZN
2025-07-24,0.01725876103762447,AMZN
2025-07-25,-0.00340177109187767,AMZN
2025-07-28,0.005833005662313484,AMZN
2025-07-29,-0.007646371539299812,AMZN
2025-07-30,-0.003549595623255297,AMZN
2025-07-31,0.017029402351838252,AMZN
2025-08-01,-0.08269617085933034,AMZN
2025-08-04,-0.01443541840985152,AMZN
2025-08-05,0.009922070229506863,AMZN
2025-08-06,0.04004677220394748,AMZN
2025-08-07,0.0036885760119835798,AMZN
2025-08-08,-0.001971955504762035,AMZN
2025-08-11,-0.006241858073597895,AMZN
2025-08-12,0.0007681796954406295,AMZN
2025-08-13,0.01395221168040428,AMZN
2025-08-14,0.02858923333961183,AMZN
2025-08-15,0.00021648217457226338,AMZN
2025-08-18,0.0019911124801876845,AMZN
2025-08-19,-0.01503309388634011,AMZN
2025-08-20,-0.01842023178556884,AMZN
2025-08-21,-0.008310623433453235,AMZN
2025-08-22,0.031043025385826706,AMZN
2025-08-25,-0.003932852258726194,AMZN
2025-08-26,0.0033781006590050122,AMZN
2025-08-27,0.0017926124405795996,AMZN
2025-08-28,0.0108240705271474,AMZN
2025-08-29,-0.011226278216735164,AMZN
2025-09-02,-0.015982548742835667,AMZN
2025-09-03,0.0028845707190781056,AMZN
2025-09-04,0.042877945692648245,AMZN
2025-09-05,-0.014214150326010255,AMZN
2025-09-08,0.015107797009308976,AMZN
2025-09-09,0.010176429751274751,AMZN
2025-09-10,-0.03320182790348514,AMZN
2025-09-11,-0.0016498279850283293,AMZN
2025-09-12,-0.007827802024989672,AMZN
2025-09-15,0.014376501718361023,AMZN
2025-09-16,0.011320962964584513,AMZN
2025-09-17,-0.010382430689534927,AMZN
2025-09-18,-0.0016837898189709932,AMZN
2025-09-19,0.0010811746080494622,AMZN
2025-09-22,-0.016632067201427403,AMZN
2025-09-23,-0.030400202172415014,AMZN
2025-09-24,-0.0022654160880354324,AMZN
2025-09-25,-0.00935476479077324,AMZN
2025-09-26,0.007471945580644679,AMZN
2024-04-15,,ARKK
2024-04-16,-0.016448840123187702,ARKK
2024-04-17,-0.014433013656178773,ARKK
2024-04-18,-0.00255696441611053,ARKK
2024-04-19,-0.021207174333443657,ARKK
2024-04-22,0.014285677955264031,ARKK
2024-04-23,0.029812218386232603,ARKK
2024-04-24,0.0006838977598500051,ARKK
2024-04-25,-0.00660594317648,ARKK
2024-04-26,0.010548018299350037,ARKK
2024-04-29,0.024052674849814215,ARKK
2024-04-30,-0.03700425313799627,ARKK
2024-05-01,0.008283493279690024,ARKK
2024-05-02,0.02533091323783543,ARKK
2024-05-03,0.012018716044057909,ARKK
2024-05-06,0.02265227076413412,ARKK
2024-05-07,-0.020430123934181754,ARKK
2024-05-08,-0.024588341397237756,ARKK
2024-05-09,-0.006076985278170688,ARKK
2024-05-10,-0.02807974825071169,ARKK
2024-05-13,0.029123952780231832,ARKK
2024-05-14,0.021507828895663605,ARKK
2024-05-15,0.014406062528063757,ARKK
2024-05-16,-0.017697211387150413,ARKK
2024-05-17,0.010898614066832124,ARKK
2024-05-20,0.0033002796185639394,ARKK
2024-05-21,-0.008771879924703185,ARKK
2024-05-22,-0.0046459973656646225,ARKK
2024-05-23,-0.03067350559303783,ARKK
2024-05-24,0.017656511052212664,ARKK
2024-05-28,-0.007886486714616558,ARKK
2024-05-29,-0.012491466098317527,ARKK
2024-05-30,-0.01586933380803557,ARKK
2024-05-31,-0.007945785120666238,ARKK
2024-06-03,0.012485247815580358,ARKK
2024-06-04,0.005816658973072375,ARKK
2024-06-05,0.02128156357586186,ARKK
2024-06-06,0.01381646148521054,ARKK
2024-06-07,-0.021447701529756724,ARKK
2024-06-10,0.007990919975227051,ARKK
2024-06-11,0.00022646254105662678,ARKK
2024-06-12,0.020833378324762286,ARKK
2024-06-13,-0.01552796660396849,ARKK
2024-06-14,-0.011491710769625851,ARKK
2024-06-17,0.00592665016094851,ARKK
2024-06-18,-0.0101971618410992,ARKK
2024-06-20,-0.007097100987297433,ARKK
2024-06-21,-0.0011528530848956553,ARKK
2024-06-24,-0.0018466762908814216,ARKK
2024-06-25,0.0020814095535224286,ARKK
2024-06-26,0.00576967434653608,ARKK
2024-06-27,0.00986683048214343,ARKK
2024-06-28,-0.001363271094795615,ARKK
2024-07-01,0.01137656408009935,ARKK
2024-07-02,0.008323935332600785,ARKK
2024-07-03,0.017626080341508255,ARKK
2024-07-05,0.007454508836615137,ARKK
2024-07-08,-0.0013057970031505883,ARKK
2024-07-09,0.003486595108741719,ARKK
2024-07-10,-0.0021715195608649207,ARKK
2024-07-11,-0.0052231049941650065,ARKK
2024-07-12,0.023627255582719053,ARKK
2024-07-15,0.01944859648656516,ARKK
2024-07-16,0.035639428422405084,ARKK
2024-07-17,-0.019635651634443252,ARKK
2024-07-18,-0.0384059590879825,ARKK
2024-07-19,0.0012884125764269783,ARKK
2024-07-22,0.022088757360144484,ARKK
2024-07-23,0.002098163542619602,ARKK
2024-07-24,-0.06386095779415923,ARKK
2024-07-25,0.010735843258002475,ARKK
2024-07-26,0.013055989610921914,ARKK
2024-07-29,0.003276573391844284,ARKK
2024-07-30,-0.021119120711040273,ARKK
2024-07-31,0.01267792941350554,ARKK
2024-08-01,-0.05095540867616177,ARKK
2024-08-02,-0.04628558302188657,ARKK
2024-08-05,-0.03931082183632362,ARKK
2024-08-06,0.015407946653207771,ARKK
2024-08-07,-0.018159192248307532,ARKK
2024-08-08,0.04611096119930136,ARKK
2024-08-09,0.00411717522828603,ARKK
2024-08-12,-0.013024624395845286,ARKK
2024-08-13,0.04081138950074448,ARKK
2024-08-14,-0.015966196354532336,ARKK
2024-08-15,0.04795987422694581,ARKK
2024-08-16,0.0038707192789180223,ARKK
2024-08-19,0.022680879939650067,ARKK
2024-08-20,-0.012197809607436438,ARKK
2024-08-21,0.02402334245240656,ARKK
2024-08-22,-0.02981803534646077,ARKK
2024-08-23,0.04497178934388235,ARKK
2024-08-26,-0.01102945756310314,ARKK
2024-08-27,-0.006778949844613469,ARKK
2024-08-28,-0.025319193252806405,ARKK
2024-08-29,0.009261347259376551,ARKK
2024-08-30,0.0031333793350987182,ARKK
2024-09-03,-0.04105310497805226,ARKK
2024-09-04,-0.0025593441489795143,ARKK
2024-09-05,0.017028214612186288,ARKK
2024-09-06,-0.0461008805476506,ARKK
2024-09-09,0.02524643503746682,ARKK
2024-09-10,0.0152439384423797,ARKK
2024-09-11,0.02171398953174486,ARKK
2024-09-12,0.01695681681578609,ARKK
2024-09-13,0.01734101350011019,ARKK
2024-09-16,-0.001529713666778676,ARKK
2024-09-17,0.008098112446992767,ARKK
2024-09-18,0.002605274170798255,ARKK
2024-09-19,0.026851404408296586,ARKK
2024-09-20,-0.010965766831407153,ARKK
2024-09-23,0.0008528166210828303,ARKK
2024-09-24,0.01086497978592349,ARKK
2024-09-25,-0.012434144217099874,ARKK
2024-09-26,0.008749463125733214,ARKK
2024-09-27,0.012904603436520112,ARKK
2024-09-30,-0.007309989160619201,ARKK
2024-10-01,-0.02840308244882861,ARKK
2024-10-02,-0.006712892404556192,ARKK
2024-10-03,-0.010464346052179052,ARKK
2024-10-04,0.025556286913646753,ARKK
2024-10-07,-0.01374864447127433,ARKK
2024-10-08,0.01590066531610934,ARKK
2024-10-09,0.00021445403862263568,ARKK
2024-10-10,-0.010289460690956598,ARKK
2024-10-11,0.0101797972567228,ARKK
2024-10-14,0.015651791419155625,ARKK
2024-10-15,-0.001688790757045533,ARKK
2024-10-16,0.008458399311434661,ARKK
2024-10-17,-0.013629644158085763,ARKK
2024-10-18,0.021045872544673827,ARKK
2024-10-21,-0.013533161101428548,ARKK
2024-10-22,-0.004854359161066135,ARKK
2024-10-23,-0.029480448766958767,ARKK
2024-10-24,0.03540215922210188,ARKK
2024-10-25,0.006120664717021995,ARKK
2024-10-28,0.015313685441027625,ARKK
2024-10-29,0.00020657688466929613,ARKK
2024-10-30,-0.0037182463487531736,ARKK
2024-10-31,-0.04851752383988084,ARKK
2024-11-01,0.016343430158536565,ARKK
2024-11-04,0.0008576525739882879,ARKK
2024-11-05,0.032347864431478524,ARKK
2024-11-06,0.08196723128251326,ARKK
2024-11-07,0.01054850869771462,ARKK
2024-11-08,0.026190949024160748,ARKK
2024-11-11,0.06990935455209013,ARKK
2024-11-12,-0.017977478448773287,ARKK
2024-11-13,-0.017074479796776898,ARKK
2024-11-14,-0.0356375657777388,ARKK
2024-11-15,-0.007242328703794931,ARKK
2024-11-18,0.030864226601869715,ARKK
2024-11-19,0.014697832509942055,ARKK
2024-11-20,-0.011444910776192696,ARKK
2024-11-21,-0.009225729609172895,ARKK
2024-11-22,0.026291740271564334,ARKK
2024-11-25,0.01458814638285122,ARKK
2024-11-26,-0.014553709172771878,ARKK
2024-11-27,0.016903927936704255,ARKK
2024-11-29,0.01452314950475686,ARKK
2024-12-02,0.025698545881867263,ARKK
2024-12-03,-0.008071288588930248,ARKK
2024-12-04,0.031191729110588318,ARKK
2024-12-05,-0.007397677944992576,ARKK
2024-12-06,0.04173568090733948,ARKK
2024-12-09,-0.02527822120852763,ARKK
2024-12-10,-0.011743617755271885,ARKK
2024-12-11,0.02013535596023619,ARKK
2024-12-12,-0.014399016090788974,ARKK
2024-12-13,0.006730198201456705,ARKK
2024-12-16,0.026251373676611678,ARKK
2024-12-17,0.00063554045758063,ARKK
2024-12-18,-0.07018098128090844,ARKK
2024-12-19,-0.0066598906284107695,ARKK
2024-12-20,0.021144978436500095,ARKK
2024-12-23,-0.0026936000555892736,ARKK
2024-12-24,0.029034391581238994,ARKK
2024-12-26,0.0,ARKK
2024-12-27,-0.02772307500147997,ARKK
2024-12-30,-0.02800742086369712,ARKK
2024-12-31,-0.014580804438265482,ARKK
2025-01-02,0.002113773664209173,ARKK
2025-01-03,0.051502906250846525,ARKK
2025-01-06,0.022233397489799023,ARKK
2025-01-07,-0.036794766048334315,ARKK
2025-01-08,0.000848883459511951,ARKK
2025-01-10,-0.02510601396237422,ARKK
2025-01-13,-0.013398302443158538,ARKK
2025-01-14,-0.005114654526017115,ARKK
2025-01-15,0.04006378882549999,ARKK
2025-01-16,0.0011931738828405702,ARKK
2025-01-17,0.014811013057966838,ARKK
2025-01-21,0.031706079018563704,ARKK
2025-01-22,0.009105713386845737,ARKK
2025-01-23,0.010151421841397168,ARKK
2025-01-24,-0.005742491681933415,ARKK
2025-01-27,-0.02615114744474656,ARKK
2025-01-28,0.02026358363717362,ARKK
2025-01-29,-0.001130303479400574,ARKK
2025-01-30,0.02667309561755049,ARKK
2025-01-31,-0.010077143860220295,ARKK
2025-02-03,-0.017337365533739435,ARKK
2025-02-04,0.021689870169387948,ARKK
2025-02-05,0.01093159779915176,ARKK
2025-02-06,-0.017081964098564217,ARKK
2025-02-07,0.000637708865619091,ARKK
2025-02-10,-0.0006373024521951764,ARKK
2025-02-11,-0.02184315561093786,ARKK
2025-02-12,0.021678921990775812,ARKK
2025-02-13,0.03350348538443915,ARKK
2025-02-14,0.03457854130873206,ARKK
2025-02-18,-0.008057196555957713,ARKK
2025-02-19,-0.011582494488256212,ARKK
2025-02-20,-0.026327797387614482,ARKK
2025-02-21,-0.05908094414413856,ARKK
2025-02-24,-0.01860463318422856,ARKK
2025-02-25,-0.052132730798862714,ARKK
2025-02-26,0.008214269365583116,ARKK
2025-02-27,-0.03312077510109357,ARKK
2025-02-28,0.019234277965298308,ARKK
2025-03-03,-0.0458303246770877,ARKK
2025-03-04,0.0015068377496232355,ARKK
2025-03-05,0.02877567513041135,ARKK
2025-03-06,-0.04680075571453146,ARKK
2025-03-07,0.005945557670116841,ARKK
2025-03-10,-0.08751191774683686,ARKK
2025-03-11,0.006895069204952087,ARKK
2025-03-12,0.029466736337600885,ARKK
2025-03-13,-0.04757106594066696,ARKK
2025-03-14,0.041058171993840986,ARKK
2025-03-17,0.01606019389271518,ARKK
2025-03-18,-0.03481388314738021,ARKK
2025-03-19,0.0375206777698287,ARKK
2025-03-20,-0.0005993762188644114,ARKK
2025-03-21,0.029588155311714326,ARKK
2025-03-24,0.05203884087719968,ARKK
2025-03-25,-0.0007382967017725006,ARKK
2025-03-26,-0.045807158666324344,ARKK
2025-03-27,-0.017034476785026897,ARKK
2025-03-28,-0.04096097019217415,ARKK
2025-03-31,-0.02299792431907066,ARKK
2025-04-01,0.004623736812516599,ARKK
2025-04-02,0.028242726158281384,ARKK
2025-04-03,-0.08199394646757496,ARKK
2025-04-04,-0.07047873183632958,ARKK
2025-04-07,0.008106823169311328,ARKK
2025-04-08,-0.04186377740934044,ARKK
2025-04-09,0.16637872025988543,ARKK
2025-04-10,-0.057566163401124304,ARKK
2025-04-11,0.030541222718017735,ARKK
2025-04-14,0.00806273560265569,ARKK
2025-04-15,0.006268934847590613,ARKK
2025-04-16,-0.03157889216108789,ARKK
2025-04-17,0.0008872470986132086,ARKK
2025-04-21,-0.015070929106233866,ARKK
2025-04-22,0.03780378841339749,ARKK
2025-04-23,0.03967913862611838,ARKK
2025-04-24,0.042544335413317924,ARKK
2025-04-25,0.020204006553739662,ARKK
2025-04-28,0.0047059152640549495,ARKK
2025-04-29,0.005659584139942497,ARKK
2025-04-30,-0.013390231768959482,ARKK
2025-05-01,-0.0013768626005925544,ARKK
2025-05-02,0.02225725936432288,ARKK
2025-05-05,-0.02331412068584582,ARKK
2025-05-06,-0.03768001379281383,ARKK
2025-05-07,0.01660519461994725,ARKK
2025-05-08,0.037910890549112564,ARKK
2025-05-09,-0.0023315085241102373,ARKK
2025-05-12,0.06095425824973799,ARKK
2025-05-13,0.053781210165104065,ARKK
2025-05-14,0.0026128118146244717,ARKK
2025-05-15,-0.014419767394929672,ARKK
2025-05-16,0.028908856035287478,ARKK
2025-05-19,-0.016618081613086977,ARKK
2025-05-20,0.0010452536062512952,ARKK
2025-05-21,-0.030978050951237845,ARKK
2025-05-22,0.012571852713772147,ARKK
2025-05-23,-0.005498427942853157,ARKK
2025-05-27,0.035312993633190626,ARKK
2025-05-28,-0.018432380859380038,ARKK
2025-05-29,-0.006318017080444438,ARKK
2025-05-30,-0.004415401001698238,ARKK
2025-06-02,0.013482386919127398,ARKK
2025-06-03,0.01417814709346854,ARKK
2025-06-04,0.0006903851652648729,ARKK
2025-06-05,-0.02794065099473919,ARKK
2025-06-06,0.08463449975349313,ARKK
2025-06-09,0.020938962161486163,ARKK
2025-06-10,0.008492209270832829,ARKK
2025-06-11,0.009374009619655732,ARKK
2025-06-12,-0.023768272478312702,ARKK
2025-06-13,0.002741021729935067,ARKK
2025-06-16,0.044058558272584314,ARKK
2025-06-17,-0.01570923229585086,ARKK
2025-06-18,0.04475038026103362,ARKK
2025-06-20,0.014377815817471218,ARKK
2025-06-23,0.016536173950637334,ARKK
2025-06-24,0.021060342916082053,ARKK
2025-06-25,-0.011379843769975584,ARKK
2025-06-26,0.022014370925134807,ARKK
2025-06-27,-0.016753519102595038,ARKK
2025-06-30,0.006443364851561162,ARKK
2025-07-01,-0.019206124008213976,ARKK
2025-07-02,0.023788792160869265,ARKK
2025-07-03,0.007225764998656459,ARKK
2025-07-07,-0.009143254043718851,ARKK
2025-07-08,0.006530367242041146,ARKK
2025-07-09,0.02073344413351763,ARKK
2025-07-10,0.016443205290163077,ARKK
2025-07-11,-0.017264772773473713,ARKK
2025-07-14,0.018813122051841713,ARKK
2025-07-15,-0.014392466612723975,ARKK
2025-07-16,0.03664421816096586,ARKK
2025-07-17,0.013156117790957156,ARKK
2025-07-18,0.01823189177067097,ARKK
2025-07-21,-0.01056292314615681,ARKK
2025-07-22,-0.005468014350930361,ARKK
2025-07-23,0.012436142896093738,ARKK
2025-07-24,-0.019911990678209257,ARKK
2025-07-25,0.013060657307540469,ARKK
2025-07-28,0.0006510668285872878,ARKK
2025-07-29,-0.027329497321768592,ARKK
2025-07-30,0.012175591224501625,ARKK
2025-07-31,-0.004230002490016482,ARKK
2025-08-01,-0.05535640604785219,ARKK
2025-08-04,0.03414829329295199,ARKK
2025-08-05,-0.013045238921670754,ARKK
2025-08-06,0.021065764374917473,ARKK
2025-08-07,0.0025619579642603973,ARKK
2025-08-08,0.00551450800973563,ARKK
2025-08-11,0.006286800525322045,ARKK
2025-08-12,0.02060342088527145,ARKK
2025-08-13,0.014717438145065431,ARKK
2025-08-14,-0.01103838493040421,ARKK
2025-08-15,-0.0005191552750553052,ARKK
2025-08-18,0.0012985128080400532,ARKK
2025-08-19,-0.03994296208890469,ARKK
2025-08-20,-0.003377009376230311,ARKK
2025-08-21,-0.0036594828887713815,ARKK
2025-08-22,0.04094673404114113,ARKK
2025-08-25,-0.011238800557827222,ARKK
2025-08-26,0.008062291189955495,ARKK
2025-08-27,-0.009833486731484986,ARKK
2025-08-28,0.0072828797167101555,ARKK
2025-08-29,-0.01459183140271636,ARKK
2025-09-02,-0.0073371855533708175,ARKK
2025-09-03,0.0051068033156336234,ARKK
2025-09-04,0.003075220279764812,ARKK
2025-09-05,0.004665504121266428,ARKK
2025-09-08,0.010083514384247483,ARKK
2025-09-09,0.006042284264656361,ARKK
2025-09-10,-0.013448215544401454,ARKK
2025-09-11,0.03626264666087775,ARKK
2025-09-12,0.003448232854958322,ARKK
2025-09-15,0.014636649234385457,ARKK
2025-09-16,0.016432482921908687,ARKK
2025-09-17,-0.004442806562691692,ARKK
2025-09-18,0.030866561914992152,ARKK
2025-09-19,0.021644965645707614,ARKK
2025-09-22,-0.0031779266240099524,ARKK
2025-09-23,-0.013106630987754775,ARKK
2025-09-24,-0.0014357830097275759,ARKK
2025-09-25,-0.02192669363921851,ARKK
2025-09-26,0.018008100822783923,ARKK
2024-04-15,,BAC
2024-04-16,-0.03532685482090181,BAC
2024-04-17,0.015859262751461545,BAC
2024-04-18,0.01532787177246342,BAC
2024-04-19,0.03354768654130669,BAC
2024-04-22,0.020557162467920165,BAC
2024-04-23,0.016962613236504165,BAC
2024-04-24,-0.0013030815338125334,BAC
2024-04-25,-0.010699369798468084,BAC
2024-04-26,-0.0021102088282620723,BAC
2024-04-29,-0.0074016013862385766,BAC
2024-04-30,-0.014380850239655407,BAC
2024-05-01,-0.0016211175713251036,BAC
2024-05-02,-0.0018944436638396178,BAC
2024-05-03,0.010032508708484045,BAC
2024-05-06,0.01181204367003974,BAC
2024-05-07,0.003979876130125515,BAC
2024-05-08,-0.003435546183694793,BAC
2024-05-09,0.015115346291772358,BAC
2024-05-10,0.004441013298425833,BAC
2024-05-13,-0.006241916091146771,BAC
2024-05-14,0.007327992690476792,BAC
2024-05-15,0.010911877127308012,BAC
2024-05-16,0.007967138897627901,BAC
2024-05-17,0.00178479583491864,BAC
2024-05-20,-0.01196236217234048,BAC
2024-05-21,0.02138077891755752,BAC
2024-05-22,0.0027741939828804796,BAC
2024-05-23,-0.014839038669384408,BAC
2024-05-24,0.013530830195808807,BAC
2024-05-28,-0.009571815133816552,BAC
2024-05-29,-0.015259371281228007,BAC
2024-05-30,-0.002324384032812654,BAC
2024-05-31,0.035205813428622834,BAC
2024-06-03,-0.0027507028190697502,BAC
2024-06-04,-0.005015064131965619,BAC
2024-06-05,0.007056420794945284,BAC
2024-06-06,-0.006506464651903188,BAC
2024-06-07,0.0020150633455933153,BAC
2024-06-10,-0.002765224075592765,BAC
2024-06-11,-0.020418391630474986,BAC
2024-06-12,0.014153351220330013,BAC
2024-06-13,-0.003806179306259372,BAC
2024-06-14,-0.0005093388670737165,BAC
2024-06-17,0.006880648101872167,BAC
2024-06-18,0.012148908563025307,BAC
2024-06-20,0.0,BAC
2024-06-21,-0.012503125256662195,BAC
2024-06-24,0.013421087788554775,BAC
2024-06-25,-0.01599198856391515,BAC
2024-06-26,-0.009649595170349246,BAC
2024-06-27,0.0064102564102563875,BAC
2024-06-28,0.013248419306080894,BAC
2024-07-01,0.006034645738171696,BAC
2024-07-02,0.022994301980448606,BAC
2024-07-03,-0.000732928880361694,BAC
2024-07-05,-0.011980480689145034,BAC
2024-07-08,0.0051967108454742394,BAC
2024-07-09,0.01969471339479978,BAC
2024-07-10,0.0077258214309001705,BAC
2024-07-11,0.0016770410160364957,BAC
2024-07-12,-0.005261928090814827,BAC
2024-07-15,0.007213254050490336,BAC
2024-07-16,0.05347342351645712,BAC
2024-07-17,-0.0033990827611215524,BAC
2024-07-18,-0.0220555077489617,BAC
2024-07-19,-0.002557470354497271,BAC
2024-07-22,-0.01398606684096304,BAC
2024-07-23,0.002600487289257103,BAC
2024-07-24,-0.005187484590772784,BAC
2024-07-25,-0.012088133162686088,BAC
2024-07-26,-0.00023997447594137356,BAC
2024-07-29,-0.013918839497086055,BAC
2024-07-30,0.004623962667398951,BAC
2024-07-31,-0.023497999871364805,BAC
2024-08-01,-0.020094302795725327,BAC
2024-08-02,-0.048607548580894,BAC
2024-08-05,-0.024747212875526392,BAC
2024-08-06,0.007366893092098703,BAC
2024-08-07,0.010292553818024519,BAC
2024-08-08,0.02439677925001016,BAC
2024-08-09,0.0018319732138560862,BAC
2024-08-12,-0.002873579254423997,BAC
2024-08-13,0.007597614080141257,BAC
2024-08-14,0.009100423742850916,BAC
2024-08-15,0.005668575063675796,BAC
2024-08-16,0.00794264368400266,BAC
2024-08-19,0.008388358288700104,BAC
2024-08-20,-0.02470379600378947,BAC
2024-08-21,0.0015508238671684271,BAC
2024-08-22,0.012645204605594706,BAC
2024-08-23,0.013506594205568323,BAC
2024-08-26,0.0037716296066161448,BAC
2024-08-27,-0.006262525337350389,BAC
2024-08-28,0.00705829611591291,BAC
2024-08-29,0.005506818568322691,BAC
2024-08-30,0.014438682038653283,BAC
2024-09-03,-0.00122697514259007,BAC
2024-09-04,-0.0049140235673305055,BAC
2024-09-05,-0.008888903959297867,BAC
2024-09-06,-0.0343796982834812,BAC
2024-09-09,0.01831792904839924,BAC
2024-09-10,-0.004813844325563088,BAC
2024-09-11,-0.007128278716863168,BAC
2024-09-12,-0.0056410569411057265,BAC
2024-09-13,-0.0033521727052597816,BAC
2024-09-16,0.011642870128760086,BAC
2024-09-17,0.011508971368305643,BAC
2024-09-18,0.001769903822365304,BAC
2024-09-19,0.03154972321299199,BAC
2024-09-20,-0.014680657934957875,BAC
2024-09-23,-0.009932990348446635,BAC
2024-09-24,-0.010534190624455486,BAC
2024-09-25,-0.005069727733119311,BAC
2024-09-26,0.006878992554488539,BAC
2024-09-27,-0.0030364101845852254,BAC
2024-09-30,0.00710656772723639,BAC
2024-10-01,-0.011592718773559496,BAC
2024-10-02,0.0002549291489548633,BAC
2024-10-03,0.0005098255925835016,BAC
2024-10-04,0.021910843575835948,BAC
2024-10-07,-0.0037397537670491587,BAC
2024-10-08,-0.0007507202198243634,BAC
2024-10-09,0.006511352856150676,BAC
2024-10-10,-0.005473934150862503,BAC
2024-10-11,0.04953713989907893,BAC
2024-10-14,-0.0009535378974935282,BAC
2024-10-15,0.005487939467280434,BAC
2024-10-16,0.015662075390875163,BAC
2024-10-17,-0.00467291510524781,BAC
2024-10-18,-0.00657274153347609,BAC
2024-10-21,-0.013232546723281335,BAC
2024-10-22,0.012931056926046347,BAC
2024-10-23,0.0009456481382699167,BAC
2024-10-24,0.0073217140333918795,BAC
2024-10-25,-0.017819510176789066,BAC
2024-10-28,0.01742658278521536,BAC
2024-10-29,-0.002111688288207847,BAC
2024-10-30,-0.005172758342822936,BAC
2024-10-31,-0.011581225775523563,BAC
2024-11-01,-0.0014347530781652074,BAC
2024-11-04,-0.010296851239498084,BAC
2024-11-05,0.013307505751119608,BAC
2024-11-06,0.08428841187361846,BAC
2024-11-07,-0.014093798542148872,BAC
2024-11-08,0.008041112501019354,BAC
2024-11-11,0.021050315542993303,BAC
2024-11-12,-0.004774331856793879,BAC
2024-11-13,0.00021801834714652024,BAC
2024-11-14,0.000654078802981628,BAC
2024-11-15,0.018518484659349133,BAC
2024-11-18,-0.0006416851186497041,BAC
2024-11-19,-0.006635303193306519,BAC
2024-11-20,-0.0075414452762729844,BAC
2024-11-21,0.008684274842718276,BAC
2024-11-22,0.011622921355326055,BAC
2024-11-25,0.010638297872340496,BAC
2024-11-26,0.0052631578947368585,BAC
2024-11-27,0.00041885775421302007,BAC
2024-11-29,-0.00544279116053914,BAC
2024-12-02,-0.009892599928652102,BAC
2024-12-03,-0.004676896607595626,BAC
2024-12-04,-0.009611293589760539,BAC
2024-12-05,0.01358639384574234,BAC
2024-12-06,-0.005319148936170248,BAC
2024-12-09,-0.017967917702414793,BAC
2024-12-10,-0.003485076191328429,BAC
2024-12-11,0.007213154777151676,BAC
2024-12-12,0.0,BAC
2024-12-13,-0.00889764856374331,BAC
2024-12-16,-0.004379175744705477,BAC
2024-12-17,-0.00923690284510803,BAC
2024-12-18,-0.03440619896360475,BAC
2024-12-19,-0.0027585961352819544,BAC
2024-12-20,0.018211089934959235,BAC
2024-12-23,-0.00633911684184163,BAC
2024-12-24,0.0111643127200034,BAC
2024-12-26,0.0038305129529943027,BAC
2024-12-27,-0.004713784243972841,BAC
2024-12-30,-0.00969779665530024,BAC
2024-12-31,0.0009109750778033554,BAC
2025-01-02,0.00773606704631935,BAC
2025-01-03,0.011740809370391458,BAC
2025-01-06,0.013166706862445254,BAC
2025-01-07,0.014977979786810591,BAC
2025-01-08,0.0028211208388095876,BAC
2025-01-10,-0.02380433879927757,BAC
2025-01-13,-0.0011083847569063332,BAC
2025-01-14,0.015978637018698283,BAC
2025-01-15,0.028833545872027466,BAC
2025-01-16,-0.009766435230892823,BAC
2025-01-17,-0.002358503683342117,BAC
2025-01-21,0.0027939194396255917,BAC
2025-01-22,-0.018645497958204915,BAC
2025-01-23,0.013103264077848786,BAC
2025-01-24,0.0028023511495074427,BAC
2025-01-27,0.012252787816322774,BAC
2025-01-28,-0.005308982781692784,BAC
2025-01-29,-0.0019214379226025757,BAC
2025-01-30,-0.0006416851186497041,BAC
2025-01-31,-0.008989768250615149,BAC
2025-02-03,-0.0019438478201064813,BAC
2025-02-04,0.010820169009005953,BAC
2025-02-05,0.008563509606487552,BAC
2025-02-06,0.01337297940889437,BAC
2025-02-07,-0.0071219132935482765,BAC
2025-02-10,-0.015400914207461258,BAC
2025-02-11,0.0025713038630861274,BAC
2025-02-12,-0.012395849961657324,BAC
2025-02-13,0.0025968999991250463,BAC
2025-02-14,0.013598040762339947,BAC
2025-02-18,-0.009156735808326766,BAC
2025-02-19,-0.011175595774892688,BAC
2025-02-20,-0.015431408614948072,BAC
2025-02-21,-0.010816730066711688,BAC
2025-02-24,-0.007810807366477324,BAC
2025-02-25,-0.01169591696967165,BAC
2025-02-26,0.0,BAC
2025-02-27,0.004096502294070881,BAC
2025-02-28,0.044877597238684785,BAC
2025-03-03,-0.011713603442594755,BAC
2025-03-04,-0.06343290424130521,BAC
2025-03-05,-0.00890549026773868,BAC
2025-03-06,-0.019626432090001256,BAC
2025-03-07,-0.001447119149026177,BAC
2025-03-10,-0.037922696544897994,BAC
2025-03-11,-0.005523505161669218,BAC
2025-03-12,0.00757382561065012,BAC
2025-03-13,-0.006013572522786115,BAC
2025-03-14,0.030753750365891674,BAC
2025-03-17,0.013450702990222663,BAC
2025-03-18,0.00506763769616958,BAC
2025-03-19,0.013445319041484272,BAC
2025-03-20,0.006396599469792319,BAC
2025-03-21,-0.0002353653870278416,BAC
2025-03-24,0.01412758316165541,BAC
2025-03-25,0.00487576238589793,BAC
2025-03-26,-0.010628444950250282,BAC
2025-03-27,-0.0060718898502147844,BAC
2025-03-28,-0.030780106461958945,BAC
2025-03-31,0.011636352539062589,BAC
2025-04-01,-0.005751206959075605,BAC
2025-04-02,0.008676712005078802,BAC
2025-04-03,-0.1106331522635785,BAC
2025-04-04,-0.07603443681459465,BAC
2025-04-07,0.03460315389724733,BAC
2025-04-08,-0.015458207516947375,BAC
2025-04-09,0.06051963518294423,BAC
2025-04-10,-0.03499335123451397,BAC
2025-04-11,0.0027894642419732385,BAC
2025-04-14,0.020027743831040334,BAC
2025-04-15,0.03599682507318347,BAC
2025-04-16,-0.01737298810876875,BAC
2025-04-17,0.002142995243329171,BAC
2025-04-21,-0.013098147031954444,BAC
2025-04-22,0.03791986986219564,BAC
2025-04-23,0.011221302416499324,BAC
2025-04-24,0.021419402091733764,BAC
2025-04-25,0.0027791003174737483,BAC
2025-04-28,0.0022675776190963504,BAC
2025-04-29,0.005279107732884425,BAC
2025-04-30,-0.0027507028190697502,BAC
2025-05-01,0.007271742554238125,BAC
2025-05-02,0.02240481869313804,BAC
2025-05-05,0.0012174150823489605,BAC
2025-05-06,-0.006809309011916342,BAC
2025-05-07,0.0022037255693347912,BAC
2025-05-08,0.016369366331536295,BAC
2025-05-09,0.0045673665474879055,BAC
2025-05-12,0.037568788237113404,BAC
2025-05-13,0.021217669649332915,BAC
2025-05-14,0.010388502977669356,BAC
2025-05-15,-0.00804650417625774,BAC
2025-05-16,0.006985073256712271,BAC
2025-05-19,0.0017901506715838345,BAC
2025-05-20,-0.001786951758693034,BAC
2025-05-21,-0.03222194385677091,BAC
2025-05-22,0.0013873149893877113,BAC
2025-05-23,-0.0025398431508570907,BAC
2025-05-27,0.02361112129050502,BAC
2025-05-28,-0.003618268724452256,BAC
2025-05-29,0.004085344974249061,BAC
2025-05-30,-0.002486451315057314,BAC
2025-06-02,-0.0011329987729520319,BAC
2025-06-03,0.012931027022386576,BAC
2025-06-04,-0.0064949810888418336,BAC
2025-06-05,0.0004508669406781962,BAC
2025-06-06,0.013294279819469734,BAC
2025-06-09,-0.0022237555282146326,BAC
2025-06-10,0.004903080587033148,BAC
2025-06-11,-0.007984045445404653,BAC
2025-06-12,-0.002459213312705155,BAC
2025-06-13,-0.011878054504347979,BAC
2025-06-16,0.007257874659032826,BAC
2025-06-17,-0.004053148070124801,BAC
2025-06-18,0.01876558534128181,BAC
2025-06-20,0.009764727325769496,BAC
2025-06-23,0.017582400814517563,BAC
2025-06-24,0.007775391280425925,BAC
2025-06-25,0.00407198086863092,BAC
2025-06-26,0.013020290933168699,BAC
2025-06-27,-0.0071639308711897165,BAC
2025-06-30,0.0042444984608036584,BAC
2025-07-01,0.017540190963810876,BAC
2025-07-02,0.011630270837951429,BAC
2025-07-03,0.004516551526137391,BAC
2025-07-07,-0.005518096384215854,BAC
2025-07-08,-0.031031613774522238,BAC
2025-07-09,-0.006574790313015555,BAC
2025-07-10,0.0027754284306520383,BAC
2025-07-11,-0.005109680055980337,BAC
2025-07-14,0.007275843268104154,BAC
2025-07-15,-0.0195453192035282,BAC
2025-07-16,-0.0026002761129864105,BAC
2025-07-17,0.021507749396510345,BAC
2025-07-18,0.006380247429602415,BAC
2025-07-21,0.0033812309476750624,BAC
2025-07-22,0.006107854219109088,BAC
2025-07-23,0.007745424499459697,BAC
2025-07-24,0.0051931866051031506,BAC
2025-07-25,0.0012399539997483,BAC
2025-07-28,-0.004540788797497974,BAC
2025-07-29,-0.005805489984541112,BAC
2025-07-30,0.00020851556567502705,BAC
2025-07-31,-0.014386960798178472,BAC
2025-08-01,-0.034059669870113884,BAC
2025-08-04,0.004161161352254306,BAC
2025-08-05,-0.006324909716055038,BAC
2025-08-06,-0.0030729411792287387,BAC
2025-08-07,-0.011008366802221947,BAC
2025-08-08,0.024265365027139385,BAC
2025-08-11,0.003260194117605586,BAC
2025-08-12,0.029029466139892435,BAC
2025-08-13,-0.005473648874383175,BAC
2025-08-14,0.009949140332484285,BAC
2025-08-15,-0.016139184081734204,BAC
2025-08-18,0.020877707092192166,BAC
2025-08-19,0.00333897471250455,BAC
2025-08-20,0.005615570565390859,BAC
2025-08-21,-0.0018614303087529649,BAC
2025-08-22,0.0252797609435218,BAC
2025-08-25,0.0,BAC
2025-08-26,0.015561852564416334,BAC
2025-08-27,0.002587085932641564,BAC
2025-08-28,0.002183418182203578,BAC
2025-08-29,0.004951475375106318,BAC
2025-09-02,-0.0063067303692520005,BAC
2025-09-03,-0.007139960506306164,BAC
2025-09-04,0.011186527032189142,BAC
2025-09-05,-0.016791752114907577,BAC
2025-09-08,-0.006228679333730169,BAC
2025-09-09,0.016781274695074844,BAC
2025-09-10,-0.0031815439351624564,BAC
2025-09-11,0.012367822036196019,BAC
2025-09-12,-0.003349717614685943,BAC
2025-09-15,0.00019767341184762088,BAC
2025-09-16,0.0013836666260740316,BAC
2025-09-17,0.014607218331932126,BAC
2025-09-18,0.014202325302826946,BAC
2025-09-19,0.0023019169274132167,BAC
2025-09-22,-0.006315824517793112,BAC
2025-09-23,-0.004237238323660963,BAC
2025-09-24,0.0,BAC
2025-09-25,0.002901309651220929,BAC
2025-09-26,0.006943117086710027,BAC
2024-04-15,,BITO
2024-04-16,-0.007948020891531127,BITO
2024-04-17,-0.029861606779436833,BITO
2024-04-18,0.04241745848366363,BITO
2024-04-19,0.01188332438841555,BITO
2024-04-22,0.033096095820306815,BITO
2024-04-23,-0.0006889582256494053,BITO
2024-04-24,-0.039986206075835695,BITO
2024-04-25,0.013285419275288257,BITO
2024-04-26,-0.01842659684860304,BITO
2024-04-29,-0.010469346842594485,BITO
2024-04-30,-0.06566943623060595,BITO
2024-05-01,-0.099570522594149,BITO
2024-05-02,0.04640068168277778,BITO
2024-05-03,0.045171992975455266,BITO
2024-05-06,0.017446492705676997,BITO
2024-05-07,-0.0019485283459808045,BITO
2024-05-08,-0.015228476677170866,BITO
2024-05-09,0.005551201459507382,BITO
2024-05-10,-0.02839121464410499,BITO
2024-05-13,0.04220783040945442,BITO
2024-05-14,-0.027258596363737952,BITO
2024-05-15,0.07445959345222009,BITO
2024-05-16,-0.013040252588671475,BITO
2024-05-17,0.02755755185140618,BITO
2024-05-20,0.045922117249530325,BITO
2024-05-21,-0.012644844105565656,BITO
2024-05-22,0.005691919030168524,BITO
2024-05-23,-0.03784929881493404,BITO
2024-05-24,0.03198525395154239,BITO
2024-05-28,-0.012825102040095238,BITO
2024-05-29,-0.017322250382364568,BITO
2024-05-30,0.02350353682541817,BITO
2024-05-31,-0.02116972137859896,BITO
2024-06-03,-0.04105574820537583,BITO
2024-06-04,0.019495421707056648,BITO
2024-06-05,0.011248565286927192,BITO
2024-06-06,-0.012235815057757615,BITO
2024-06-07,-0.018018001247509186,BITO
2024-06-10,0.002675829328460111,BITO
2024-06-11,-0.030499399581474074,BITO
2024-06-12,0.002359396980823991,BITO
2024-06-13,-0.014123209634527623,BITO
2024-06-14,-0.017508899379348852,BITO
2024-06-17,0.019036018760152373,BITO
2024-06-18,-0.03736091175510492,BITO
2024-06-20,0.010734939564530643,BITO
2024-06-21,-0.011437858845290472,BITO
2024-06-24,-0.07975207621197422,BITO
2024-06-25,0.04714859521677739,BITO
2024-06-26,-0.016723816241515532,BITO
2024-06-27,0.006977751647739616,BITO
2024-06-28,-0.025119095706937378,BITO
2024-07-01,-0.015992919000047734,BITO
2024-07-02,-0.02076745338125563,BITO
2024-07-03,-0.02443525466093477,BITO
2024-07-05,-0.06616255333770693,BITO
2024-07-08,0.0005060844517208452,BITO
2024-07-09,0.025796672588419556,BITO
2024-07-10,-0.009368862308901882,BITO
2024-07-11,0.0,BITO
2024-07-12,0.006470839212505242,BITO
2024-07-15,0.09841740052898262,BITO
2024-07-16,0.028815908301612847,BITO
2024-07-17,-0.01006562531276134,BITO
2024-07-18,-0.017683532760313647,BITO
2024-07-19,0.059406014534821194,BITO
2024-07-22,0.014443425319282444,BITO
2024-07-23,-0.04020096809927354,BITO
2024-07-24,0.0017451574190909813,BITO
2024-07-25,-0.016986036811830085,BITO
2024-07-26,0.05272488037873169,BITO
2024-07-29,-0.013888885544071639,BITO
2024-07-30,-0.020486535893484148,BITO
2024-07-31,-0.011328985631307464,BITO
2024-08-01,-0.09167033383643963,BITO
2024-08-02,-0.012615246054444529,BITO
2024-08-05,-0.14447176800717498,BITO
2024-08-06,0.06260770603911947,BITO
2024-08-07,-0.03783787907780822,BITO
2024-08-08,0.08988766573306584,BITO
2024-08-09,0.02061853744307318,BITO
2024-08-12,-0.03030295440608144,BITO
2024-08-13,0.031249919285380123,BITO
2024-08-14,-0.03333332691128377,BITO
2024-08-15,-0.030303027283257844,BITO
2024-08-16,0.04795265746802535,BITO
2024-08-19,-0.012853469932831874,BITO
2024-08-20,0.007812479821345031,BITO
2024-08-21,0.035142133941608256,BITO
2024-08-22,-0.021467812802546393,BITO
2024-08-23,0.05561225160068872,BITO
2024-08-26,-0.005316607419632136,BITO
2024-08-27,-0.019922247275610094,BITO
2024-08-28,-0.053049067465388955,BITO
2024-08-29,0.005759094283037225,BITO
2024-08-30,-0.010931759212960968,BITO
2024-09-03,-0.07421051828484782,BITO
2024-09-04,0.0017055535182068926,BITO
2024-09-05,-0.03688998268556187,BITO
2024-09-06,-0.04596339486490475,BITO
2024-09-09,0.07103147502133256,BITO
2024-09-10,0.014417531591699007,BITO
2024-09-11,-0.006822105639137432,BITO
2024-09-12,0.013165509938465991,BITO
2024-09-13,0.023728816846909417,BITO
2024-09-16,-0.03145704060557686,BITO
2024-09-17,0.03589749831925082,BITO
2024-09-18,0.0005500675860268256,BITO
2024-09-19,0.05387572916237415,BITO
2024-09-20,-0.006781385511174909,BITO
2024-09-23,0.007352908766630639,BITO
2024-09-24,0.0166840297045181,BITO
2024-09-25,-0.018974402011969205,BITO
2024-09-26,0.025091556228051815,BITO
2024-09-27,0.013768411117361934,BITO
2024-09-30,-0.03470818188316149,BITO
2024-10-01,-0.08337677628669748,BITO
2024-10-02,-0.025582760604652255,BITO
2024-10-03,0.014002320867240625,BITO
2024-10-04,0.02243966144011411,BITO
2024-10-07,0.014631413741367894,BITO
2024-10-08,-0.017193641790631098,BITO
2024-10-09,-0.020880301705537896,BITO
2024-10-10,-0.02074931426145976,BITO
2024-10-11,0.05826955764891162,BITO
2024-10-14,0.04393776060291743,BITO
2024-10-15,0.01651568771348444,BITO
2024-10-16,0.009958099309085977,BITO
2024-10-17,-0.01349248690739313,BITO
2024-10-18,0.026827996987974556,BITO
2024-10-21,-0.012807376748834476,BITO
2024-10-22,-0.004151526819181961,BITO
2024-10-23,-0.01667533537877175,BITO
2024-10-24,0.02808684450055421,BITO
2024-10-25,-0.022680440345851482,BITO
2024-10-28,0.043776469996479106,BITO
2024-10-29,0.04295090625560216,BITO
2024-10-30,-0.008720945276096126,BITO
2024-10-31,-0.028347993629492585,BITO
2024-11-01,-0.060362118020559685,BITO
2024-11-04,-0.029978557644199877,BITO
2024-11-05,0.033664386023766646,BITO
2024-11-06,0.09663648785518886,BITO
2024-11-07,0.006329072783454848,BITO
2024-11-08,0.0014514120239368378,BITO
2024-11-11,0.13574876146735737,BITO
2024-11-12,0.02892387488539483,BITO
2024-11-13,0.0,BITO
2024-11-14,-0.0252170565061679,BITO
2024-11-15,0.04580152363021339,BITO
2024-11-18,0.0004055242880662835,BITO
2024-11-19,0.011349845390335789,BITO
2024-11-20,0.018837647253807877,BITO
2024-11-21,0.039732502983890194,BITO
2024-11-22,0.009837314637901162,BITO
2024-11-25,-0.045335367838501006,BITO
2024-11-26,-0.042386183010553746,BITO
2024-11-27,0.06516394169860495,BITO
2024-11-29,0.0057714359311755725,BITO
2024-12-02,-0.05508793650849242,BITO
2024-12-03,-0.0012146026606817406,BITO
2024-12-04,0.03567082116113229,BITO
2024-12-05,-0.0023483157625834306,BITO
2024-12-06,0.02471561686042323,BITO
2024-12-09,-0.053981688723487964,BITO
2024-12-10,0.004046960144671319,BITO
2024-12-11,0.05159212874641983,BITO
2024-12-12,-0.015714827329023295,BITO
2024-12-13,0.015965725955598087,BITO
2024-12-16,0.042161762170806805,BITO
2024-12-17,0.008458975274687308,BITO
2024-12-18,-0.059080993243102675,BITO
2024-12-19,-0.041860463397017544,BITO
2024-12-20,0.0,BITO
2024-12-23,-0.08009707108554298,BITO
2024-12-24,0.06640282515744222,BITO
2024-12-26,-0.037938147476038964,BITO
2024-12-27,-0.011573101527931007,BITO
2024-12-30,-0.003035546246547116,BITO
2024-12-31,-0.009134366531680982,BITO
2025-01-02,0.04214218856610685,BITO
2025-01-03,0.010951989527739903,BITO
2025-01-06,0.03875001271565748,BITO
2025-01-07,-0.059767338663402336,BITO
2025-01-08,-0.02559728531566985,BITO
2025-01-10,0.0091943556510381,BITO
2025-01-13,-0.013449001136796368,BITO
2025-01-14,0.030782795513855543,BITO
2025-01-15,0.03327639767599666,BITO
2025-01-16,0.007844778672345232,BITO
2025-01-17,0.044244159379646764,BITO
2025-01-21,0.012553930862988949,BITO
2025-01-22,-0.018984881102564244,BITO
2025-01-23,-0.011453357491074234,BITO
2025-01-24,0.016380337042134485,BITO
2025-01-27,-0.03498432697772891,BITO
2025-01-28,-0.00040726361889698026,BITO
2025-01-29,0.03137728287238306,BITO
2025-01-30,0.005926496313526819,BITO
2025-01-31,-0.03417120829416498,BITO
2025-02-03,-0.04066693752723538,BITO
2025-02-04,-0.025010604017447036,BITO
2025-02-05,-0.01304344508958899,BITO
2025-02-06,-0.006607996512660974,BITO
2025-02-07,-0.011973328583146925,BITO
2025-02-10,0.017055617103026943,BITO
2025-02-11,-0.022947946216471782,BITO
2025-02-12,0.018970193670841518,BITO
2025-02-13,-0.007978737120429402,BITO
2025-02-14,0.01072393599046828,BITO
2025-02-18,-0.03404069094587037,BITO
2025-02-19,0.021510265681875307,BITO
2025-02-20,0.025089582150497947,BITO
2025-02-21,-0.0402097950192023,BITO
2025-02-24,-0.00683058400655101,BITO
2025-02-25,-0.06373220649633693,BITO
2025-02-26,-0.04162587552859576,BITO
2025-02-27,-0.012263657376634374,BITO
2025-02-28,0.010863993411802664,BITO
2025-03-03,-0.016888526898299894,BITO
2025-03-04,0.008849561915458715,BITO
2025-03-05,0.04179573830585115,BITO
2025-03-06,-0.015849414876657697,BITO
2025-03-07,-0.024157092567263283,BITO
2025-03-10,-0.09386280310023354,BITO
2025-03-11,0.052361985900600816,BITO
2025-03-12,-0.0005408452680165654,BITO
2025-03-13,-0.03409086452230303,BITO
2025-03-14,0.057142881566688564,BITO
2025-03-17,-0.0021198152489837474,BITO
2025-03-18,-0.026553372385866303,BITO
2025-03-19,0.03873436960046295,BITO
2025-03-20,-0.015756361868897062,BITO
2025-03-21,-0.0026680489685814157,BITO
2025-03-24,0.05136431551852083,BITO
2025-03-25,-0.001017835020455271,BITO
2025-03-26,-0.01884864736134384,BITO
2025-03-27,0.00623047406327748,BITO
2025-03-28,-0.03715166896457245,BITO
2025-03-31,-0.018220801466675485,BITO
2025-04-01,0.009279480301627618,BITO
2025-04-02,0.02379667601429114,BITO
2025-04-03,-0.058108841190507965,BITO
2025-04-04,0.02692089423949695,BITO
2025-04-07,-0.07154557641462822,BITO
2025-04-08,-0.018235262702493094,BITO
2025-04-09,0.07489514439794354,BITO
2025-04-10,-0.03511711534897832,BITO
2025-04-11,0.05545933110570589,BITO
2025-04-14,0.01313627614148083,BITO
2025-04-15,-0.01188543007207632,BITO
2025-04-16,0.0032804517735942618,BITO
2025-04-17,0.008719337552367534,BITO
2025-04-21,0.028633208000642174,BITO
2025-04-22,0.04621844109518669,BITO
2025-04-23,0.02108434109866164,BITO
2025-04-24,0.002458172895057009,BITO
2025-04-25,0.017655744047463173,BITO
2025-04-28,-0.006746958537274139,BITO
2025-04-29,0.005337151855671518,BITO
2025-04-30,-0.013996091592136328,BITO
2025-05-01,-0.0004894874563120544,BITO
2025-05-02,0.0024485424521909493,BITO
2025-05-05,-0.028334144756305246,BITO
2025-05-06,0.008044235913621023,BITO
2025-05-07,0.01346635750811398,BITO
2025-05-08,0.053149603342816265,BITO
2025-05-09,0.018224359997621953,BITO
2025-05-12,-0.015144645121126676,BITO
2025-05-13,0.03122088093557851,BITO
2025-05-14,-0.015815566533847525,BITO
2025-05-15,-0.0004591473171058347,BITO
2025-05-16,0.009186901763224231,BITO
2025-05-19,0.012744683450004013,BITO
2025-05-20,0.014831457245215951,BITO
2025-05-21,0.014171820013527237,BITO
2025-05-22,0.023144135173549962,BITO
2025-05-23,-0.02304741393486265,BITO
2025-05-27,0.01223244622593267,BITO
2025-05-28,-0.028053500923174823,BITO
2025-05-29,-0.012433422777705982,BITO
2025-05-30,-0.010341706142237284,BITO
2025-06-02,-0.04815990254063862,BITO
2025-06-03,0.01718370834810501,BITO
2025-06-04,-0.011731581711184491,BITO
2025-06-05,-0.029914490823488293,BITO
2025-06-06,0.023984325198175727,BITO
2025-06-09,0.041587038052607994,BITO
2025-06-10,0.008260596157152245,BITO
2025-06-11,-0.007737828020350057,BITO
2025-06-12,-0.018348606996750005,BITO
2025-06-13,-0.015887857880776957,BITO
2025-06-16,0.033713248329824586,BITO
2025-06-17,-0.03674786989376844,BITO
2025-06-18,-0.009060497516944932,BITO
2025-06-20,-0.005293580688967681,BITO
2025-06-23,-0.00048380400797898293,BITO
2025-06-24,0.023717317267044402,BITO
2025-06-25,0.01938533592468228,BITO
2025-06-26,-0.0009275765728394836,BITO
2025-06-27,-0.007892296614128713,BITO
2025-06-30,0.0065512112377370535,BITO
2025-07-01,-0.05764759451063117,BITO
2025-07-02,0.042427167418910505,BITO
2025-07-03,-0.0028395394380227312,BITO
2025-07-07,-0.013288978801725193,BITO
2025-07-08,0.006733977079523612,BITO
2025-07-09,0.027711414966516967,BITO
2025-07-10,0.014411876459496265,BITO
2025-07-11,0.04124654588073873,BITO
2025-07-14,0.014524644968280764,BITO
2025-07-15,-0.02863339996779435,BITO
2025-07-16,0.024117951328618714,BITO
2025-07-17,-0.0026166360725621285,BITO
2025-07-18,-0.014429379606315629,BITO
2025-07-21,-0.004436573975506786,BITO
2025-07-22,0.02183599641071665,BITO
2025-07-23,-0.007413871523393456,BITO
2025-07-24,0.003954312464095722,BITO
2025-07-25,-0.017505453472755894,BITO
2025-07-28,0.009799523647129105,BITO
2025-07-29,-0.005293376216565782,BITO
2025-07-30,-0.00576492971906406,BITO
2025-07-31,-0.000892081074737372,BITO
2025-08-01,-0.08482141298603008,BITO
2025-08-04,0.014146386123285115,BITO
2025-08-05,-0.009139034424751391,BITO
2025-08-06,0.014077621495559356,BITO
2025-08-07,0.020584026698864166,BITO
2025-08-08,-0.010787971178637723,BITO
2025-08-11,0.02275957983705501,BITO
2025-08-12,0.005099703843665759,BITO
2025-08-13,0.0272140287953333,BITO
2025-08-14,-0.03996413465213022,BITO
2025-08-15,-0.009822221361823757,BITO
2025-08-18,-0.005668438299524348,BITO
2025-08-19,-0.028028511827645985,BITO
2025-08-20,0.010752748316107619,BITO
2025-08-21,-0.018858770981295847,BITO
2025-08-22,0.03992111529785669,BITO
2025-08-25,-0.050236940605616676,BITO
2025-08-26,0.002993985189686077,BITO
2025-08-27,0.0079601912624645,BITO
2025-08-28,-0.0004935947072488567,BITO
2025-08-29,-0.035061683183834846,BITO
2025-09-02,-0.021494373419409296,BITO
2025-09-03,0.0125522887334657,BITO
2025-09-04,-0.02169421813289496,BITO
2025-09-05,0.015839452407675036,BITO
2025-09-08,0.004158000242086457,BITO
2025-09-09,-0.0067287351356132286,BITO
2025-09-10,0.020323052568773203,BITO
2025-09-11,0.008171595916014018,BITO
2025-09-12,0.020263405428986747,BITO
2025-09-15,-0.01390262104182527,BITO
2025-09-16,0.013091652612856164,BITO
2025-09-17,-0.010437424605459933,BITO
2025-09-18,0.0165745819304437,BITO
2025-09-19,-0.020256909686193092,BITO
2025-09-22,-0.02672721576826187,BITO
2025-09-23,-0.004663220525681133,BITO
2025-09-24,0.01509635238669782,BITO
2025-09-25,-0.03589747502253604,BITO
2025-09-26,-0.003191461083897562,BITO
2024-04-15,,BLK
2024-04-16,-0.01745764360568758,BLK
2024-04-17,0.00549574507597872,BLK
2024-04-18,-0.008609812313184584,BLK
2024-04-19,0.00358623406872538,BLK
2024-04-22,0.013507033716394723,BLK
2024-04-23,0.00856456288048113,BLK
2024-04-24,-0.004982921588987277,BLK
2024-04-25,-0.006751394154851487,BLK
2024-04-26,0.006902897512337081,BLK
2024-04-29,-0.002097283420324114,BLK
2024-04-30,-0.008722171070966178,BLK
2024-05-01,-0.004054910287283553,BLK
2024-05-02,0.007211451591199403,BLK
2024-05-03,0.009128101908231434,BLK
2024-05-06,0.01404621209451884,BLK
2024-05-07,0.008106950509868538,BLK
2024-05-08,-0.0033165572363262896,BLK
2024-05-09,0.013875846435101646,BLK
2024-05-10,0.009554798297732203,BLK
2024-05-13,-0.007958082965738522,BLK
2024-05-14,0.015980672136582497,BLK
2024-05-15,0.015866282113368824,BLK
2024-05-16,-0.009795255749422638,BLK
2024-05-17,0.005583623587403608,BLK
2024-05-20,-0.008655251674780984,BLK
2024-05-21,-0.0003229172801905156,BLK
2024-05-22,-0.0066092795306753604,BLK
2024-05-23,-0.018834178955347003,BLK
2024-05-24,-0.0033776858328185,BLK
2024-05-28,-0.013416103008044078,BLK
2024-05-29,-0.019224480588753035,BLK
2024-05-30,0.006978730791791232,BLK
2024-05-31,0.013348967186693095,BLK
2024-06-03,0.006916785121915403,BLK
2024-06-04,0.01018817674968564,BLK
2024-06-05,0.004571593877317648,BLK
2024-06-06,-0.013119835110379063,BLK
2024-06-07,-0.012639238674397313,BLK
2024-06-10,-0.0032783300462426723,BLK
2024-06-11,-0.011146322902009564,BLK
2024-06-12,0.01647239468912054,BLK
2024-06-13,-0.0005193587753880013,BLK
2024-06-14,-0.0004936987592270015,BLK
2024-06-17,0.0152730294398844,BLK
2024-06-18,0.0032903252778044845,BLK
2024-06-20,-0.0010463948174210813,BLK
2024-06-21,0.006093223805885728,BLK
2024-06-24,0.014410915404929892,BLK
2024-06-25,-0.005707487939072831,BLK
2024-06-26,-0.008736265956814204,BLK
2024-06-27,-0.008025915583524168,BLK
2024-06-28,0.007924420266425258,BLK
2024-07-01,-0.006414148943237996,BLK
2024-07-02,0.008769331791180113,BLK
2024-07-03,-1.2684558390985146e-05,BLK
2024-07-05,0.001875482154688246,BLK
2024-07-08,-0.0005185595208593297,BLK
2024-07-09,0.015300151632031467,BLK
2024-07-10,0.012115433948472587,BLK
2024-07-11,0.015849747681265347,BLK
2024-07-12,0.0037581383785174616,BLK
2024-07-15,-0.0060508821669150725,BLK
2024-07-16,0.025493316696551638,BLK
2024-07-17,-0.003376988385066393,BLK
2024-07-18,-0.014374236371187288,BLK
2024-07-19,0.002050678174947196,BLK
2024-07-22,0.015095675747045068,BLK
2024-07-23,0.0017195723919927186,BLK
2024-07-24,-0.020173055177749366,BLK
2024-07-25,0.010741198998423185,BLK
2024-07-26,0.02350160744982932,BLK
2024-07-29,0.006949325066807566,BLK
2024-07-30,0.012109264218256532,BLK
2024-07-31,0.00448088222899079,BLK
2024-08-01,-0.012721077483243026,BLK
2024-08-02,-0.02233773224711655,BLK
2024-08-05,-0.018037409769664836,BLK
2024-08-06,0.012277928748531064,BLK
2024-08-07,-0.0013318054222842823,BLK
2024-08-08,0.017848625637075788,BLK
2024-08-09,0.0016143617505508523,BLK
2024-08-12,-0.02095280594832749,BLK
2024-08-13,0.01946867589675305,BLK
2024-08-14,0.0034285360040560153,BLK
2024-08-15,0.01695584673963868,BLK
2024-08-16,0.0004930769407895941,BLK
2024-08-19,-0.0026131741191739444,BLK
2024-08-20,-0.01061818530724945,BLK
2024-08-21,0.0024624042933951706,BLK
2024-08-22,0.002491007093129438,BLK
2024-08-23,0.020341219568834612,BLK
2024-08-26,0.0003397985862028108,BLK
2024-08-27,0.0033856355558357087,BLK
2024-08-28,0.002855075720016087,BLK
2024-08-29,0.00698807435951232,BLK
2024-08-30,0.00775531918521577,BLK
2024-09-03,-0.017054595673644868,BLK
2024-09-04,6.768448618554856e-05,BLK
2024-09-05,-0.011111209031625213,BLK
2024-09-06,-0.011087825761842862,BLK
2024-09-09,0.012711691676845494,BLK
2024-09-10,0.006708903378429332,BLK
2024-09-11,-0.0075919824433550165,BLK
2024-09-12,0.009120758897910086,BLK
2024-09-13,0.0006891555437991137,BLK
2024-09-16,0.010669179564216646,BLK
2024-09-17,0.010433685886511501,BLK
2024-09-18,0.020110115916320837,BLK
2024-09-19,0.013178542396813375,BLK
2024-09-20,-0.006503596352005703,BLK
2024-09-23,0.009496234383311819,BLK
2024-09-24,0.0038608751759721116,BLK
2024-09-25,-0.004706599627834929,BLK
2024-09-26,0.008774585659044432,BLK
2024-09-27,0.00020105652523683126,BLK
2024-09-30,0.0045492405846423445,BLK
2024-10-01,-0.016313667128373455,BLK
2024-10-02,0.02487096634225061,BLK
2024-10-03,-0.006017247078218824,BLK
2024-10-04,-0.00241724854341574,BLK
2024-10-07,-0.008976094890733921,BLK
2024-10-08,0.008929831467647364,BLK
2024-10-09,0.007217566178547852,BLK
2024-10-10,-0.00034517120740895635,BLK
2024-10-11,0.036281231423316296,BLK
2024-10-14,0.001474320807770102,BLK
2024-10-15,0.01540760471531244,BLK
2024-10-16,0.008689175769612811,BLK
2024-10-17,-0.013044548363278397,BLK
2024-10-18,0.0045087476620948586,BLK
2024-10-21,-0.0064447479776975625,BLK
2024-10-22,0.0002798199489479902,BLK
2024-10-23,-0.012639786218084703,BLK
2024-10-24,-0.004209817496749424,BLK
2024-10-25,-0.010091455971322438,BLK
2024-10-28,0.012473398510936873,BLK
2024-10-29,-0.0030926039662270144,BLK
2024-10-30,-0.003356477364372834,BLK
2024-10-31,0.001183865395887329,BLK
2024-11-01,0.004128301552472902,BLK
2024-11-04,0.006517219716954958,BLK
2024-11-05,0.023045865442196112,BLK
2024-11-06,0.015251117538785275,BLK
2024-11-07,0.0060594207047295345,BLK
2024-11-08,0.003107899659306801,BLK
2024-11-11,0.014009637550033593,BLK
2024-11-12,-0.016596438550098735,BLK
2024-11-13,-0.005181642537455899,BLK
2024-11-14,0.015616186435179369,BLK
2024-11-15,0.00027699800843561384,BLK
2024-11-18,0.0024823850196764585,BLK
2024-11-19,-0.020819629095605197,BLK
2024-11-20,-0.0033458885287197537,BLK
2024-11-21,0.0032497837468401514,BLK
2024-11-22,0.008229533985894877,BLK
2024-11-25,-0.004795140083008631,BLK
2024-11-26,-0.004857060963322168,BLK
2024-11-27,-0.0068486170168740035,BLK
2024-11-29,0.003286061646794236,BLK
2024-12-02,-0.0026300376158693295,BLK
2024-12-03,0.01851762547146074,BLK
2024-12-04,-0.0038498556304138454,BLK
2024-12-05,0.009449303668478182,BLK
2024-12-06,-0.0018281687303813854,BLK
2024-12-09,0.0033657213095199534,BLK
2024-12-10,0.010216117812235082,BLK
2024-12-11,0.00774789171266721,BLK
2024-12-12,-0.00604553199925284,BLK
2024-12-13,-0.002153253000713784,BLK
2024-12-16,0.007675984867320906,BLK
2024-12-17,-0.014493075994085003,BLK
2024-12-18,-0.027563317242976004,BLK
2024-12-19,-0.003890983779890611,BLK
2024-12-20,0.012161329596263926,BLK
2024-12-23,0.010702942959249784,BLK
2024-12-24,0.014552280074418666,BLK
2024-12-26,-0.0005213416197140663,BLK
2024-12-27,-0.009579974300256255,BLK
2024-12-30,-0.0160412947369295,BLK
2024-12-31,-0.0022581277927341548,BLK
2025-01-02,-0.007521106074150574,BLK
2025-01-03,0.003371331426649693,BLK
2025-01-06,-0.007924950011297227,BLK
2025-01-07,-0.031577681119661305,BLK
2025-01-08,0.005444722222706311,BLK
2025-01-10,-0.030889323285299586,BLK
2025-01-13,-0.0006592491661666644,BLK
2025-01-14,0.008544384939519034,BLK
2025-01-15,0.051922309304659686,BLK
2025-01-16,-0.0172328925747387,BLK
2025-01-17,0.009279768952516143,BLK
2025-01-21,0.007094814447262232,BLK
2025-01-22,-0.005681312775964287,BLK
2025-01-23,0.011318195947021659,BLK
2025-01-24,0.0026726457807879633,BLK
2025-01-27,0.009299749214264796,BLK
2025-01-28,0.020641989800489924,BLK
2025-01-29,0.0013413567781426217,BLK
2025-01-30,0.01796490100117354,BLK
2025-01-31,0.0037143314135101857,BLK
2025-02-03,-0.05741515574151557,BLK
2025-02-04,0.0018840672202526942,BLK
2025-02-05,-0.0011420880759334118,BLK
2025-02-06,-0.007767377903215911,BLK
2025-02-07,-0.014484132205367484,BLK
2025-02-10,-0.00654206521725087,BLK
2025-02-11,0.002688878744747436,BLK
2025-02-12,-0.0146630136160526,BLK
2025-02-13,0.006767893594195273,BLK
2025-02-14,-0.006508216833886027,BLK
2025-02-18,0.004045509395580016,BLK
2025-02-19,0.008672040610044451,BLK
2025-02-20,0.0030820791457033536,BLK
2025-02-21,-0.015322761835563026,BLK
2025-02-24,-0.021986803344522632,BLK
2025-02-25,0.005468117169821207,BLK
2025-02-26,-0.0044258308276051705,BLK
2025-02-27,-0.00931042568016216,BLK
2025-02-28,0.03480829952539488,BLK
2025-03-03,-0.011567078744575188,BLK
2025-03-04,-0.01518929001498237,BLK
2025-03-05,0.01717819792028119,BLK
2025-03-06,-0.00877972180820008,BLK
2025-03-07,-0.013255003484761163,BLK
2025-03-10,-0.03343468689638496,BLK
2025-03-11,-0.005342760085945142,BLK
2025-03-12,-0.00034051820716463066,BLK
2025-03-13,-0.010548728228568671,BLK
2025-03-14,0.03136173682925869,BLK
2025-03-17,0.03154946420571059,BLK
2025-03-18,0.0006471765315110289,BLK
2025-03-19,-0.0014500163313071468,BLK
2025-03-20,-0.003196721395098079,BLK
2025-03-21,-0.002557198911209091,BLK
2025-03-24,0.012366973587879304,BLK
2025-03-25,0.01035804926699524,BLK
2025-03-26,-0.005382740620769488,BLK
2025-03-27,-0.0003098279310856933,BLK
2025-03-28,-0.021943498750751078,BLK
2025-03-31,-0.00023241970576115545,BLK
2025-04-01,-0.0025356726274523567,BLK
2025-04-02,0.018811975091233002,BLK
2025-04-03,-0.07713341134695206,BLK
2025-04-04,-0.07326088830989586,BLK
2025-04-07,-0.006224010050300488,BLK
2025-04-08,-0.002177405867736959,BLK
2025-04-09,0.09974016734761193,BLK
2025-04-10,-0.04269405968624196,BLK
2025-04-11,0.023288850832238195,BLK
2025-04-14,0.012710783743109744,BLK
2025-04-15,-0.0016967354850417893,BLK
2025-04-16,-0.02550534991925435,BLK
2025-04-17,0.011550277970862055,BLK
2025-04-21,-0.024869292023433354,BLK
2025-04-22,0.038899263118413296,BLK
2025-04-23,0.005996266427594765,BLK
2025-04-24,0.026575875952028927,BLK
2025-04-25,-0.0093532482405414,BLK
2025-04-28,0.006665257716506945,BLK
2025-04-29,0.007420085986535208,BLK
2025-04-30,-0.00680051452744368,BLK
2025-05-01,0.002056313152419831,BLK
2025-05-02,0.014255460246003437,BLK
2025-05-05,-0.009330588459166456,BLK
2025-05-06,-0.0060400621563611034,BLK
2025-05-07,0.005890919725262123,BLK
2025-05-08,0.008996511613564184,BLK
2025-05-09,-0.005599599548808842,BLK
2025-05-12,0.03745779559475326,BLK
2025-05-13,0.001200341684227002,BLK
2025-05-14,0.008215355765324173,BLK
2025-05-15,0.016565693516114477,BLK
2025-05-16,0.006744115196684497,BLK
2025-05-19,0.0039910186662575065,BLK
2025-05-20,0.0040758900806965315,BLK
2025-05-21,-0.024937110317505007,BLK
2025-05-22,-0.0030118238791049246,BLK
2025-05-23,-0.006928581883829721,BLK
2025-05-27,0.01883346288998733,BLK
2025-05-28,-0.010231094803335283,BLK
2025-05-29,0.005189006131416374,BLK
2025-05-30,0.0036565954783647214,BLK
2025-06-02,-0.001857358782119789,BLK
2025-06-03,0.0041510296074827036,BLK
2025-06-04,0.006964419971191793,BLK
2025-06-05,-0.0035490953562252736,BLK
2025-06-06,0.003642934000636755,BLK
2025-06-09,-0.00021228546594342923,BLK
2025-06-10,0.0030945324577167366,BLK
2025-06-11,0.0014113956492070034,BLK
2025-06-12,-0.005084050996707834,BLK
2025-06-13,-0.01662534042578423,BLK
2025-06-16,0.010578057854584877,BLK
2025-06-17,-0.013155466074060262,BLK
2025-06-18,0.010668840600930318,BLK
2025-06-20,-0.005186230999418284,BLK
2025-06-23,0.012171078077509057,BLK
2025-06-24,0.018929314753347803,BLK
2025-06-25,0.013045212064940026,BLK
2025-06-26,0.012484305515579663,BLK
2025-06-27,0.01652121827064912,BLK
2025-06-30,0.0013647895480537464,BLK
2025-07-01,0.00478438840243034,BLK
2025-07-02,0.015460865296216708,BLK
2025-07-03,0.01081674127425325,BLK
2025-07-07,-0.005710902898407033,BLK
2025-07-08,-0.0008828788885755223,BLK
2025-07-09,0.012771837007032438,BLK
2025-07-10,0.014052857706658983,BLK
2025-07-11,-0.002182903014447235,BLK
2025-07-14,0.008913933915332795,BLK
2025-07-15,-0.05875148818022469,BLK
2025-07-16,0.03448798929026031,BLK
2025-07-17,0.02138159267560069,BLK
2025-07-18,-0.0016193879521909649,BLK
2025-07-21,-0.009577783974508813,BLK
2025-07-22,0.006742781454586844,BLK
2025-07-23,0.018157180820232544,BLK
2025-07-24,-0.001785124564845919,BLK
2025-07-25,0.004390348633390273,BLK
2025-07-28,-0.004860838673710122,BLK
2025-07-29,0.003319034536938714,BLK
2025-07-30,-0.006134481202546005,BLK
2025-07-31,-0.0077513250430145675,BLK
2025-08-01,-0.012847949667753267,BLK
2025-08-04,0.022220194798181492,BLK
2025-08-05,-0.005752417977758162,BLK
2025-08-06,0.009823027531605355,BLK
2025-08-07,-0.006880684972455864,BLK
2025-08-08,0.010909137179841544,BLK
2025-08-11,0.002631255131159138,BLK
2025-08-12,0.028086787417709758,BLK
2025-08-13,0.00036222863774759695,BLK
2025-08-14,0.00011207027363879796,BLK
2025-08-15,-0.021678064812709508,BLK
2025-08-18,0.0009779520374377793,BLK
2025-08-19,-0.006733465168239916,BLK
2025-08-20,-8.87021000550714e-06,BLK
2025-08-21,-0.0032876318752309563,BLK
2025-08-22,0.020822444050066613,BLK
2025-08-25,-0.009641488573710166,BLK
2025-08-26,0.0023745258114145074,BLK
2025-08-27,-0.0071679624454416,BLK
2025-08-28,-0.001016254790965565,BLK
2025-08-29,-0.0029544670211033575,BLK
2025-09-02,-0.010974674802088136,BLK
2025-09-03,-0.013706889339650585,BLK
2025-09-04,0.008431199568514458,BLK
2025-09-05,-0.008667326803745268,BLK
2025-09-08,0.005249528638573198,BLK
2025-09-09,0.000678782147278234,BLK
2025-09-10,-0.0025143389857567033,BLK
2025-09-11,0.028370951452012294,BLK
2025-09-12,-0.009495863990916953,BLK
2025-09-15,-0.0073882630345079026,BLK
2025-09-16,0.0033898264265683764,BLK
2025-09-17,0.011520358998366564,BLK
2025-09-18,0.0047270454040977405,BLK
2025-09-19,0.005030181842501369,BLK
2025-09-22,-0.005810049254306726,BLK
2025-09-23,-0.003925296460013494,BLK
2025-09-24,-0.003331141622487266,BLK
2025-09-25,0.01711915009850218,BLK
2025-09-26,0.007983955057136116,BLK
2024-04-15,,BRK-B
2024-04-16,-0.008344566672664588,BRK-B
2024-04-17,0.0020658489844325167,BRK-B
2024-04-18,0.005405602823079336,BRK-B
2024-04-19,0.01297849842134946,BRK-B
2024-04-22,0.00913402866021662,BRK-B
2024-04-23,-9.787304917396877e-05,BRK-B
2024-04-24,-0.006825801472823745,BRK-B
2024-04-25,-0.0025619128307636796,BRK-B
2024-04-26,-0.006939807693510658,BRK-B
2024-04-29,-0.0028351520296769905,BRK-B
2024-04-30,-0.010549632279768018,BRK-B
2024-05-01,0.004663059346930121,BRK-B
2024-05-02,0.005068040542180574,BRK-B
2024-05-03,0.0006739615815236633,BRK-B
2024-05-06,0.010103071718707612,BRK-B
2024-05-07,0.003012943742581431,BRK-B
2024-05-08,0.0005662590743467089,BRK-B
2024-05-09,0.006029018472007763,BRK-B
2024-05-10,0.007900739716460103,BRK-B
2024-05-13,-0.0020142861226891684,BRK-B
2024-05-14,-0.0023831792797504026,BRK-B
2024-05-15,0.006142793465381713,BRK-B
2024-05-16,0.0008721420269539593,BRK-B
2024-05-17,0.009246725816636214,BRK-B
2024-05-20,-0.009449806730789656,BRK-B
2024-05-21,0.003317179460502473,BRK-B
2024-05-22,-0.0009170666005994255,BRK-B
2024-05-23,-0.019589810243892947,BRK-B
2024-05-24,0.00376958401717431,BRK-B
2024-05-28,-0.008615423612759576,BRK-B
2024-05-29,0.00047041952036996904,BRK-B
2024-05-30,0.011185599877836072,BRK-B
2024-05-31,0.014170012365067874,BRK-B
2024-06-03,0.0009411550535276536,BRK-B
2024-06-04,-0.012681139027617916,BRK-B
2024-06-05,0.0007814014240046241,BRK-B
2024-06-06,0.0030010502633477376,BRK-B
2024-06-07,0.006422143462762264,BRK-B
2024-06-10,-0.007033751458772275,BRK-B
2024-06-11,-0.005623031504398246,BRK-B
2024-06-12,0.0006609278180462752,BRK-B
2024-06-13,-0.006972076381669412,BRK-B
2024-06-14,-0.0009361570512466111,BRK-B
2024-06-17,0.004389206346578467,BRK-B
2024-06-18,0.0015467074326920294,BRK-B
2024-06-20,0.002941491980748223,BRK-B
2024-06-21,0.0011487259628850666,BRK-B
2024-06-24,0.01064405039088312,BRK-B
2024-06-25,-0.007270906047984083,BRK-B
2024-06-26,-0.0017275992237127946,BRK-B
2024-06-27,-0.005630569647559369,BRK-B
2024-06-28,-0.002819032674716171,BRK-B
2024-07-01,-0.003957682890545877,BRK-B
2024-07-02,0.0047138469621683665,BRK-B
2024-07-03,-0.003267052493007183,BRK-B
2024-07-05,0.013308092171105734,BRK-B
2024-07-08,-0.005083120819159848,BRK-B
2024-07-09,0.0035200999527555954,BRK-B
2024-07-10,0.00796555495167639,BRK-B
2024-07-11,0.012059233261629831,BRK-B
2024-07-12,0.01351545842353441,BRK-B
2024-07-15,0.023513360967209573,BRK-B
2024-07-16,0.010312555430863624,BRK-B
2024-07-17,0.015288201295032833,BRK-B
2024-07-18,-0.008505146096207117,BRK-B
2024-07-19,-0.016635747548032653,BRK-B
2024-07-22,0.003475521351030908,BRK-B
2024-07-23,-0.004518558583101906,BRK-B
2024-07-24,-0.0027880047589448065,BRK-B
2024-07-25,0.0011322106418070188,BRK-B
2024-07-26,0.010085612478955674,BRK-B
2024-07-29,0.001485157179192953,BRK-B
2024-07-30,0.006730424182571637,BRK-B
2024-07-31,-0.006254837747682984,BRK-B
2024-08-01,-0.015256562010048436,BRK-B
2024-08-02,-0.007989653381202944,BRK-B
2024-08-05,-0.034176824707013886,BRK-B
2024-08-06,0.020351961236804383,BRK-B
2024-08-07,0.011560084796269576,BRK-B
2024-08-08,0.010585030320688915,BRK-B
2024-08-09,0.0003012580067625059,BRK-B
2024-08-12,-0.002965225147637307,BRK-B
2024-08-13,0.004693391911803291,BRK-B
2024-08-14,0.014014471236259984,BRK-B
2024-08-15,0.0054051476967396095,BRK-B
2024-08-16,0.008325046407362313,BRK-B
2024-08-19,0.009583539525449547,BRK-B
2024-08-20,-0.0009136164898425614,BRK-B
2024-08-21,-0.003925370919679372,BRK-B
2024-08-22,0.005441094139210678,BRK-B
2024-08-23,0.009687562335125133,BRK-B
2024-08-26,0.002448245047439679,BRK-B
2024-08-27,0.013509680697854742,BRK-B
2024-08-28,0.00859690296572313,BRK-B
2024-08-29,0.008136203553870125,BRK-B
2024-08-30,0.016119773660261627,BRK-B
2024-09-03,0.0019120295824026634,BRK-B
2024-09-04,0.0036491428831089134,BRK-B
2024-09-05,-0.028522460011241035,BRK-B
2024-09-06,-0.011829991915060734,BRK-B
2024-09-09,0.00041350380539739717,BRK-B
2024-09-10,-0.0015012117791574076,BRK-B
2024-09-11,-0.012681964512177957,BRK-B
2024-09-12,-0.004921675030431727,BRK-B
2024-09-13,-0.007230487282210207,BRK-B
2024-09-16,0.009316176055498726,BRK-B
2024-09-17,0.010845973504192585,BRK-B
2024-09-18,-0.00017514796695372592,BRK-B
2024-09-19,0.006811181143211442,BRK-B
2024-09-20,-0.009571238342150235,BRK-B
2024-09-23,-0.0007247514309701719,BRK-B
2024-09-24,-0.00092314699018059,BRK-B
2024-09-25,-0.00483987200556002,BRK-B
2024-09-26,0.004023360560515332,BRK-B
2024-09-27,0.007243842965294345,BRK-B
2024-09-30,0.006098779236839658,BRK-B
2024-10-01,-0.006192165391398885,BRK-B
2024-10-02,-0.0016177832326589314,BRK-B
2024-10-03,-0.008124076167841832,BRK-B
2024-10-04,0.01989140307222592,BRK-B
2024-10-07,-0.018334526480771718,BRK-B
2024-10-08,0.000661494582069988,BRK-B
2024-10-09,0.004627602820636678,BRK-B
2024-10-10,-0.002127662280520637,BRK-B
2024-10-11,0.011606178674308243,BRK-B
2024-10-14,-0.0004997294127032648,BRK-B
2024-10-15,0.005869780479511588,BRK-B
2024-10-16,0.006505597417812314,BRK-B
2024-10-17,0.00034358406079260106,BRK-B
2024-10-18,-0.002253983678844329,BRK-B
2024-10-21,-0.0013769022109880735,BRK-B
2024-10-22,-0.00583848550865429,BRK-B
2024-10-23,-0.0018204070500530412,BRK-B
2024-10-24,-0.006165728985929375,BRK-B
2024-10-25,-0.008213686651124208,BRK-B
2024-10-28,0.00986758082946837,BRK-B
2024-10-29,-0.0084407406914363,BRK-B
2024-10-30,0.0007478693008278192,BRK-B
2024-10-31,-0.008879853400785565,BRK-B
2024-11-01,0.0027055823302875037,BRK-B
2024-11-04,-0.021785300536106056,BRK-B
2024-11-05,0.006262834249375793,BRK-B
2024-11-06,0.05356580341676742,BRK-B
2024-11-07,-0.018703325075342114,BRK-B
2024-11-08,0.007128417500467554,BRK-B
2024-11-11,0.008523729868233909,BRK-B
2024-11-12,-0.0022894061112993525,BRK-B
2024-11-13,0.0038816992117027826,BRK-B
2024-11-14,-0.0008545052152721944,BRK-B
2024-11-15,0.005516327784750086,BRK-B
2024-11-18,0.004082702714804265,BRK-B
2024-11-19,-0.007073330726650506,BRK-B
2024-11-20,-6.398238330018735e-05,BRK-B
2024-11-21,0.006889514491049464,BRK-B
2024-11-22,0.0095538910073929,BRK-B
2024-11-25,0.0018045309993195424,BRK-B
2024-11-26,0.0023668493813706615,BRK-B
2024-11-27,0.009444978762811251,BRK-B
2024-11-29,-0.00012419798017193617,BRK-B
2024-12-02,-0.011780055837906978,BRK-B
2024-12-03,-0.014958172190546848,BRK-B
2024-12-04,-0.003977105228689992,BRK-B
2024-12-05,0.004804407167773084,BRK-B
2024-12-06,-0.00014877132653823288,BRK-B
2024-12-09,-0.014091402513947915,BRK-B
2024-12-10,-0.002974981993530079,BRK-B
2024-12-11,-0.002378377065804349,BRK-B
2024-12-12,-0.005981945161357749,BRK-B
2024-12-13,-0.0015917209483811146,BRK-B
2024-12-16,-0.005896444038965165,BRK-B
2024-12-17,0.0010105260165698127,BRK-B
2024-12-18,-0.019905208381959527,BRK-B
2024-12-19,0.006157773399651623,BRK-B
2024-12-20,0.008590412383940205,BRK-B
2024-12-23,0.0025374974967102837,BRK-B
2024-12-24,0.009486073513140347,BRK-B
2024-12-26,0.0009156737164848217,BRK-B
2024-12-27,-0.005598102469744792,BRK-B
2024-12-30,-0.00952882962138979,BRK-B
2024-12-31,0.0024769884733644165,BRK-B
2025-01-02,-0.004809373194608391,BRK-B
2025-01-03,0.005453317272874569,BRK-B
2025-01-06,-0.0047402634889701645,BRK-B
2025-01-07,0.003345095929143893,BRK-B
2025-01-08,-0.002384564730690708,BRK-B
2025-01-10,-0.020316910300513413,BRK-B
2025-01-13,0.0028238376850378,BRK-B
2025-01-14,0.013786567247188852,BRK-B
2025-01-15,0.018843212695442757,BRK-B
2025-01-16,0.00937817648772099,BRK-B
2025-01-17,0.011106101155013981,BRK-B
2025-01-21,0.0013249174078731052,BRK-B
2025-01-22,-0.017201266475890264,BRK-B
2025-01-23,-0.001476674076434259,BRK-B
2025-01-24,0.007307082981228286,BRK-B
2025-01-27,0.02484943479988222,BRK-B
2025-01-28,-0.009964210795649242,BRK-B
2025-01-29,-0.0015107165419792068,BRK-B
2025-01-30,0.006584827757715628,BRK-B
2025-01-31,-0.007790817462114741,BRK-B
2025-02-03,-0.008662871444404696,BRK-B
2025-02-04,0.006198758041399577,BRK-B
2025-02-05,0.013347923768003422,BRK-B
2025-02-06,0.00736704484292372,BRK-B
2025-02-07,-0.009387726781921346,BRK-B
2025-02-10,-0.005436343147882328,BRK-B
2025-02-11,0.005189552404756048,BRK-B
2025-02-12,-0.0018619461977296137,BRK-B
2025-02-13,0.018569900248090798,BRK-B
2025-02-14,-0.0018730752248249383,BRK-B
2025-02-18,0.006734942369507779,BRK-B
2025-02-19,0.0019675690216689468,BRK-B
2025-02-20,-0.004072185677990614,BRK-B
2025-02-21,-0.006351178157166459,BRK-B
2025-02-24,0.04110795754439622,BRK-B
2025-02-25,0.0028088637269123584,BRK-B
2025-02-26,-0.011444122157744485,BRK-B
2025-02-27,0.016818452653191818,BRK-B
2025-02-28,0.022730465843619596,BRK-B
2025-03-03,-0.007298192773588785,BRK-B
2025-03-04,-0.027877983051759037,BRK-B
2025-03-05,0.005324113109400619,BRK-B
2025-03-06,-0.0013239792620047819,BRK-B
2025-03-07,-0.004459266505370096,BRK-B
2025-03-10,0.002986180946913164,BRK-B
2025-03-11,-0.0017099297788755186,BRK-B
2025-03-12,-0.000624680218828666,BRK-B
2025-03-13,0.016756054195437686,BRK-B
2025-03-14,0.020525484553173046,BRK-B
2025-03-17,0.0163428577121707,BRK-B
2025-03-18,0.0002485705443204811,BRK-B
2025-03-19,0.004071577060003495,BRK-B
2025-03-20,0.006587013933495811,BRK-B
2025-03-21,-0.012898847381743739,BRK-B
2025-03-24,0.007549199371814197,BRK-B
2025-03-25,0.0057431200370121616,BRK-B
2025-03-26,0.008206226285359719,BRK-B
2025-03-27,0.002456813459258189,BRK-B
2025-03-28,-0.015359615491775336,BRK-B
2025-03-31,0.011913168209486624,BRK-B
2025-04-01,0.000769786945389761,BRK-B
2025-04-02,0.008874426453431283,BRK-B
2025-04-03,-0.014059357975319875,BRK-B
2025-04-04,-0.06907342397504257,BRK-B
2025-04-07,-0.006402730492763631,BRK-B
2025-04-08,0.004608690695219186,BRK-B
2025-04-09,0.058399556756721926,BRK-B
2025-04-10,-0.010740062281826002,BRK-B
2025-04-11,0.01609117278116723,BRK-B
2025-04-14,0.010322326097371715,BRK-B
2025-04-15,-0.0025495478382269177,BRK-B
2025-04-16,-0.022189770495001038,BRK-B
2025-04-17,0.003407899552763327,BRK-B
2025-04-21,-0.021786549982079628,BRK-B
2025-04-22,0.02736124878128665,BRK-B
2025-04-23,0.011559399729719644,BRK-B
2025-04-24,0.009168423363693945,BRK-B
2025-04-25,-0.001279047206841466,BRK-B
2025-04-28,-3.770440413874976e-05,BRK-B
2025-04-29,0.006836939891740501,BRK-B
2025-04-30,-0.0024692880373630155,BRK-B
2025-05-01,-0.005663421530707868,BRK-B
2025-05-02,0.018048785766052733,BRK-B
2025-05-05,-0.05122260838121939,BRK-B
2025-05-06,0.00035144521566143894,BRK-B
2025-05-07,0.011496405474614946,BRK-B
2025-05-08,-0.009590465408698345,BRK-B
2025-05-09,0.0009546814113492452,BRK-B
2025-05-12,0.0010900408168308395,BRK-B
2025-05-13,-0.004705391731664621,BRK-B
2025-05-14,-0.016566404050631922,BRK-B
2025-05-15,0.007806898536811158,BRK-B
2025-05-16,0.0137583252933422,BRK-B
2025-05-19,-0.003733123834400165,BRK-B
2025-05-20,-0.007123527605366942,BRK-B
2025-05-21,-0.003361228698161356,BRK-B
2025-05-22,-0.006824036967059688,BRK-B
2025-05-23,-0.0002184718460997992,BRK-B
2025-05-27,0.01132167859169364,BRK-B
2025-05-28,-0.01188235184820563,BRK-B
2025-05-29,0.006102060013922106,BRK-B
2025-05-30,-0.004385794090690398,BRK-B
2025-06-02,-0.0022819150646542496,BRK-B
2025-06-03,-0.009904359520512052,BRK-B
2025-06-04,-0.01371951621334122,BRK-B
2025-06-05,-0.004602871213085558,BRK-B
2025-06-06,0.009800729714433354,BRK-B
2025-06-09,-0.0004052685906145159,BRK-B
2025-06-10,-0.00445945259630165,BRK-B
2025-06-11,-0.006087981195708969,BRK-B
2025-06-12,0.004506866111022578,BRK-B
2025-06-13,-0.005710298596648178,BRK-B
2025-06-16,0.005517500911227158,BRK-B
2025-06-17,-0.013769046873363,BRK-B
2025-06-18,0.0034334483833631246,BRK-B
2025-06-20,-0.0005977831886987417,BRK-B
2025-06-23,0.006022445856240344,BRK-B
2025-06-24,0.011706382313931618,BRK-B
2025-06-25,-0.014732145921613427,BRK-B
2025-06-26,-0.002385807948203311,BRK-B
2025-06-27,0.0012988452709361553,BRK-B
2025-06-30,0.00018529966078029148,BRK-B
2025-07-01,0.007904968245748378,BRK-B
2025-07-02,-0.018647443145340725,BRK-B
2025-07-03,0.009407236326841595,BRK-B
2025-07-07,-0.014371136537532192,BRK-B
2025-07-08,-0.001171469489412269,BRK-B
2025-07-09,0.0030159013921811084,BRK-B
2025-07-10,-0.0013363985791556843,BRK-B
2025-07-11,-0.005039002482843391,BRK-B
2025-07-14,0.0009456819671416206,BRK-B
2025-07-15,-0.012974728028926186,BRK-B
2025-07-16,0.0025099284528231625,BRK-B
2025-07-17,0.0044344409172665245,BRK-B
2025-07-18,0.0008449385332518489,BRK-B
2025-07-21,0.0012874965910871783,BRK-B
2025-07-22,0.007841321203152063,BRK-B
2025-07-23,0.009411666187113532,BRK-B
2025-07-24,-0.004206118058884045,BRK-B
2025-07-25,0.007220143938066803,BRK-B
2025-07-28,-0.004895975956635046,BRK-B
2025-07-29,-0.0106705719704826,BRK-B
2025-07-30,-0.0011750830146520785,BRK-B
2025-07-31,-0.008655451926864455,BRK-B
2025-08-01,0.0020343974000689435,BRK-B
2025-08-04,-0.029037329948113588,BRK-B
2025-08-05,0.011064923987557762,BRK-B
2025-08-06,0.010168252646283404,BRK-B
2025-08-07,-0.015866589288565103,BRK-B
2025-08-08,0.008516247351692208,BRK-B
2025-08-11,-0.0014395851287983819,BRK-B
2025-08-12,0.012179122346966054,BRK-B
2025-08-13,0.01471116030243147,BRK-B
2025-08-14,0.004001599949464474,BRK-B
2025-08-15,-0.004215160069543034,BRK-B
2025-08-18,0.002766087118346361,BRK-B
2025-08-19,0.014189602735128037,BRK-B
2025-08-20,0.006944005139273068,BRK-B
2025-08-21,-0.00018416210861804672,BRK-B
2025-08-22,0.0008391568906085389,BRK-B
2025-08-25,-0.005766886143596661,BRK-B
2025-08-26,0.01240281144871802,BRK-B
2025-08-27,0.007131122542329171,BRK-B
2025-08-28,0.008351456710773641,BRK-B
2025-08-29,0.006241799156160077,BRK-B
2025-09-02,-0.0036581897842867805,BRK-B
2025-09-03,0.0006983588931388507,BRK-B
2025-09-04,0.010807819763663185,BRK-B
2025-09-05,-0.01408536938875804,BRK-B
2025-09-08,-0.011985494059370438,BRK-B
2025-09-09,-0.002146700071315677,BRK-B
2025-09-10,-0.005358042380859129,BRK-B
2025-09-11,0.01393653541662565,BRK-B
2025-09-12,-0.006379451820997972,BRK-B
2025-09-15,-0.004455749449034485,BRK-B
2025-09-16,-0.0011189695670451583,BRK-B
2025-09-17,0.0027291724160221076,BRK-B
2025-09-18,-0.0037169919001003304,BRK-B
2025-09-19,0.004791042005128698,BRK-B
2025-09-22,0.0017449230818957773,BRK-B
2025-09-23,0.0007899670964486294,BRK-B
2025-09-24,0.006051386758632482,BRK-B
2025-09-25,-0.0042849481955067326,BRK-B
2025-09-26,0.010243266954393704,BRK-B
2024-04-15,,C
2024-04-16,-0.026297829224944835,C
2024-04-17,0.020168321675715806,C
2024-04-18,0.002578675100577632,C
2024-04-19,0.014060351493743184,C
2024-04-22,0.03060536679017667,C
2024-04-23,0.02821980942536273,C
2024-04-24,-0.0031912710082269147,C
2024-04-25,-0.01088522958040894,C
2024-04-26,0.014079930716850653,C
2024-04-29,-0.006383682203207397,C
2024-04-30,-0.014937303494222398,C
2024-05-01,0.0003260499342798706,C
2024-05-02,0.003097024386828684,C
2024-05-03,-0.00032499930884177797,C
2024-05-06,0.02096880536294843,C
2024-05-07,-0.012896057245358583,C
2024-05-08,0.012096774193548487,C
2024-05-09,0.009083660475286415,C
2024-05-10,0.0033164732388624163,C
2024-05-13,-0.0020462341557659913,C
2024-05-14,0.002996823692999806,C
2024-05-15,0.010221696958986115,C
2024-05-16,-0.0015566388145459298,C
2024-05-17,-0.0010913578966375015,C
2024-05-20,-0.014203212919409847,C
2024-05-21,0.025015801459381315,C
2024-05-22,-0.014210661095189314,C
2024-05-23,-0.01253524351121904,C
2024-05-24,0.008886089641753303,C
2024-05-28,-0.01777290084259331,C
2024-05-29,-0.007045675516906713,C
2024-05-30,-0.0012900825435055996,C
2024-05-31,0.006135977171688678,C
2024-06-03,-0.006259078731345902,C
2024-06-04,-0.014373375580860381,C
2024-06-05,0.012125212080420722,C
2024-06-06,0.002752115390731724,C
2024-06-07,-0.0025831425728045643,C
2024-06-10,-0.005665239252778731,C
2024-06-11,-0.03727821755088612,C
2024-06-12,0.014710837687919254,C
2024-06-13,0.003666076101591642,C
2024-06-14,-0.014942681687229897,C
2024-06-17,0.012304053930674685,C
2024-06-18,0.01198796852385775,C
2024-06-20,-0.0026324424255600443,C
2024-06-21,-0.010392564574701835,C
2024-06-24,0.02250372455991556,C
2024-06-25,0.003912645547273774,C
2024-06-26,-0.0053589123293638075,C
2024-06-27,0.004897946727519198,C
2024-06-28,0.031031679465270523,C
2024-07-01,-0.00047271950409177865,C
2024-07-02,0.019706763266371885,C
2024-07-03,-0.003401379401130278,C
2024-07-05,-0.006670808428220432,C
2024-07-08,0.011088538154122585,C
2024-07-09,0.027958066847592722,C
2024-07-10,0.006461311577121265,C
2024-07-11,-0.018960946682745616,C
2024-07-12,-0.018109914137671157,C
2024-07-15,0.009609466504035602,C
2024-07-16,0.032698760721149966,C
2024-07-17,0.005054318184215312,C
2024-07-18,-0.040230752790241464,C
2024-07-19,0.0038526737918243015,C
2024-07-22,-0.009824983046440416,C
2024-07-23,0.0024806769319283273,C
2024-07-24,-0.015465570028776021,C
2024-07-25,0.011153045882370982,C
2024-07-26,0.012583463166571995,C
2024-07-29,-0.013501031747434555,C
2024-07-30,0.024416790362520757,C
2024-07-31,-0.015029686532318176,C
2024-08-01,-0.02466088997925786,C
2024-08-02,-0.07142858004040398,C
2024-08-05,-0.04339685687373607,C
2024-08-06,0.006226690882744412,C
2024-08-07,-0.007956166053983749,C
2024-08-08,0.03368382407929893,C
2024-08-09,-0.0027586180588294873,C
2024-08-12,0.0,C
2024-08-13,0.005359636453547756,C
2024-08-14,0.01943245440698882,C
2024-08-15,0.020917707557373655,C
2024-08-16,0.014540665258741647,C
2024-08-19,0.010260541331622575,C
2024-08-20,-0.011607245206752492,C
2024-08-21,-0.012722273308151344,C
2024-08-22,-0.0018172908073671445,C
2024-08-23,0.0284674159686944,C
2024-08-26,-0.00563241837075712,C
2024-08-27,-0.0017802331885695688,C
2024-08-28,-0.0016212463298691526,C
2024-08-29,0.0048716990604125154,C
2024-08-30,0.012281808474706057,C
2024-09-03,-0.018837808376013232,C
2024-09-04,-0.008135372721252088,C
2024-09-05,-0.005413353368003526,C
2024-09-06,-0.02539998166579638,C
2024-09-09,0.007615514668766643,C
2024-09-10,-0.026704738463872557,C
2024-09-11,-0.01121659218846116,C
2024-09-12,0.0005236054867996387,C
2024-09-13,0.005930513292020434,C
2024-09-16,0.012484849030060197,C
2024-09-17,0.015413624512530255,C
2024-09-18,0.010288423021289184,C
2024-09-19,0.05208679219376666,C
2024-09-20,-0.013963837856602601,C
2024-09-23,0.007080824681815923,C
2024-09-24,-0.01933529664055511,C
2024-09-25,-0.01613162589212913,C
2024-09-26,0.022027128069392443,C
2024-09-27,0.002592770212054063,C
2024-09-30,0.01179892605202748,C
2024-10-01,-0.012619762301698145,C
2024-10-02,0.0035592525662184737,C
2024-10-03,-0.011607245206752492,C
2024-10-04,0.021693002553688112,C
2024-10-07,-0.0006385842260073771,C
2024-10-08,0.010223693609358264,C
2024-10-09,0.013915260037301369,C
2024-10-10,-0.0099813346371046,C
2024-10-11,0.03560173815107737,C
2024-10-14,0.004107153654316464,C
2024-10-15,-0.05105291073354412,C
2024-10-16,0.02570243655873372,C
2024-10-17,-0.004357957654426037,C
2024-10-18,-0.017508249573388368,C
2024-10-21,-0.01622906392728707,C
2024-10-22,0.027979936778320225,C
2024-10-23,-0.007237301592684098,C
2024-10-24,-0.001584761910289223,C
2024-10-25,-0.019682566324869755,C
2024-10-28,0.03886019115611572,C
2024-10-29,0.00826057900632371,C
2024-10-30,-0.002937122186358665,C
2024-10-31,-0.0051163074582122325,C
2024-11-01,-0.007168444718692046,C
2024-11-04,-0.021346737245253267,C
2024-11-05,0.021170805567414686,C
2024-11-06,0.08418408613942563,C
2024-11-07,-0.013327512461455138,C
2024-11-08,0.007634659204325045,C
2024-11-11,0.017048023388658518,C
2024-11-12,-0.011174876426767733,C
2024-11-13,-0.0018834723231043737,C
2024-11-14,-0.010741731315514036,C
2024-11-15,0.008950852482665361,C
2024-11-18,0.0034903702197977005,C
2024-11-19,-0.005797123563462403,C
2024-11-20,-0.004664718687201419,C
2024-11-21,0.009812509972517258,C
2024-11-22,0.012907895997682495,C
2024-11-25,0.013029835478609142,C
2024-11-26,-0.014134275618374548,C
2024-11-27,0.005878188704077081,C
2024-11-29,0.010119712762445277,C
2024-12-02,0.007337330646448814,C
2024-12-03,0.000420209827053597,C
2024-12-04,0.0011201600826906688,C
2024-12-05,0.010209837159910418,C
2024-12-06,-0.0011075983294552838,C
2024-12-09,-0.004019416623620264,C
2024-12-10,0.00890619794339731,C
2024-12-11,-0.007448288490032318,C
2024-12-12,-0.007365186020565684,C
2024-12-13,-0.005879856742978085,C
2024-12-16,0.006759550951966009,C
2024-12-17,-0.005175480881850936,C
2024-12-18,-0.04218222559256268,C
2024-12-19,0.004403925576446532,C
2024-12-20,0.01125408203840661,C
2024-12-23,0.008382630166133165,C
2024-12-24,0.01762940255287848,C
2024-12-26,0.0049295559735365035,C
2024-12-27,-0.004905374654605499,C
2024-12-30,-0.008591557892275503,C
2024-12-31,0.0,C
2025-01-02,-0.006392910244979566,C
2025-01-03,0.015155812433403693,C
2025-01-06,0.024507012165768005,C
2025-01-07,0.01292277246373752,C
2025-01-08,-0.005700300857840901,C
2025-01-10,-0.02538903297999917,C
2025-01-13,0.019187606273242785,C
2025-01-14,0.010031653024724196,C
2025-01-15,0.06489791351110763,C
2025-01-16,0.0030663792443808013,C
2025-01-17,0.01885104683822303,C
2025-01-21,0.021002629704240938,C
2025-01-22,0.0002449402829611813,C
2025-01-23,0.0035500172219404824,C
2025-01-24,-0.006099048298681353,C
2025-01-27,-0.005031954408657779,C
2025-01-28,-0.013938537778113602,C
2025-01-29,0.0086314084430692,C
2025-01-30,0.015254910068615457,C
2025-01-31,-0.005252874443802624,C
2025-02-03,-0.022350481247739085,C
2025-02-04,-0.014194162099667618,C
2025-02-05,0.012487202925845375,C
2025-02-06,0.036118836894661666,C
2025-02-07,-0.007409214099172723,C
2025-02-10,-0.012114511123119343,C
2025-02-11,0.004707013967754747,C
2025-02-12,0.001972580834803006,C
2025-02-13,0.010212893630351827,C
2025-02-14,0.030572499182465185,C
2025-02-18,0.00023633900156205812,C
2025-02-19,-0.008153076147994986,C
2025-02-20,-0.03097457741117582,C
2025-02-21,-0.020776922646902896,C
2025-02-24,-0.013935977264117327,C
2025-02-25,-0.0050929656380972466,C
2025-02-26,0.01190171886920921,C
2025-02-27,-0.0025293657393965496,C
2025-02-28,0.0136933455566155,C
2025-03-03,-0.034771718391641504,C
2025-03-04,-0.062459502516405085,C
2025-03-05,0.008431245656069342,C
2025-03-06,-0.03262057679938324,C
2025-03-07,-0.0017002372268178911,C
2025-03-10,-0.04328690692582493,C
2025-03-11,0.0013350590862111211,C
2025-03-12,0.006666621455439836,C
2025-03-13,-0.010595932651137785,C
2025-03-14,0.023055114457367187,C
2025-03-17,0.016865421382626478,C
2025-03-18,0.0040034139194011775,C
2025-03-19,0.01737398461256978,C
2025-03-20,0.005319110308396713,C
2025-03-21,0.002227842701047811,C
2025-03-24,0.02861902559768792,C
2025-03-25,0.005807675578858751,C
2025-03-26,-0.016516762948456165,C
2025-03-27,-0.018978692383824436,C
2025-03-28,-0.021155138139827168,C
2025-03-31,0.009384274357055578,C
2025-04-01,-0.006338878176975538,C
2025-04-02,0.017295168767634372,C
2025-04-03,-0.12137684838184226,C
2025-04-04,-0.07803327880222011,C
2025-04-07,0.012385986457529752,C
2025-04-08,-0.0013593546037660165,C
2025-04-09,0.0915433218684707,C
2025-04-10,-0.039906489671060696,C
2025-04-11,0.0008118077112628796,C
2025-04-14,0.025632735994478795,C
2025-04-15,0.01755774420940792,C
2025-04-16,-0.03466505974599676,C
2025-04-17,0.018518543544862487,C
2025-04-21,-0.008853776652822387,C
2025-04-22,0.029669875032608095,C
2025-04-23,0.02711076556567793,C
2025-04-24,0.028054306557113273,C
2025-04-25,0.003961218142018774,C
2025-04-28,-0.0021920433320173904,C
2025-04-29,0.00878732403116289,C
2025-04-30,-0.007259001450891978,C
2025-05-01,-0.0035097670870049003,C
2025-05-02,0.03595534150554136,C
2025-05-05,-0.004958188019245191,C
2025-05-06,-0.010962367119654703,C
2025-05-07,0.01122785037557228,C
2025-05-08,0.019786468180049033,C
2025-05-09,-0.002652183738484304,C
2025-05-12,0.04842556839258627,C
2025-05-13,0.008810519295818331,C
2025-05-14,-0.0037051578725366685,C
2025-05-15,0.008898899731679233,C
2025-05-16,-0.0031595295769111242,C
2025-05-19,0.005414633202657004,C
2025-05-20,-0.003021092024651728,C
2025-05-21,-0.03267461537649652,C
2025-05-22,0.0,C
2025-05-23,-0.004494713147435991,C
2025-05-27,0.03256266249911799,C
2025-05-28,-0.005830163433011126,C
2025-05-29,0.006664001174660372,C
2025-05-30,-0.0027803401015044082,C
2025-06-02,0.006372853941561729,C
2025-06-03,0.00963055010750602,C
2025-06-04,-0.0016986443942441642,C
2025-06-05,0.0035339874041095953,C
2025-06-06,0.02073828101288755,C
2025-06-09,-0.0011500634401783172,C
2025-06-10,-0.0017909606361492525,C
2025-06-11,0.004485434827585344,C
2025-06-12,-0.0019136757047772956,C
2025-06-13,-0.023903907277747716,C
2025-06-16,0.022393911351551887,C
2025-06-17,-0.009094390767875549,C
2025-06-18,0.01279728355685994,C
2025-06-20,0.0012763047360380142,C
2025-06-23,0.01159979219259566,C
2025-06-24,0.022429419929524297,C
2025-06-25,0.018363296462627465,C
2025-06-26,0.02105779439672051,C
2025-06-27,0.00011846043037300191,C
2025-06-30,0.008769916061286409,C
2025-07-01,0.01351026620509077,C
2025-07-02,0.00567990625050574,C
2025-07-03,0.022591044677420236,C
2025-07-07,-0.012624016356761247,C
2025-07-08,-0.02317350245042049,C
2025-07-09,0.002571008782140227,C
2025-07-10,0.015036728077407746,C
2025-07-11,-0.004019274997262068,C
2025-07-14,0.008878088472999535,C
2025-07-15,0.03680001395089283,C
2025-07-16,-0.007716099737848925,C
2025-07-17,0.03410353042998793,C
2025-07-18,0.0038672319745813866,C
2025-07-21,-0.008560678956537227,C
2025-07-22,0.01457094929182512,C
2025-07-23,0.021170190040101344,C
2025-07-24,-0.006250635352368916,C
2025-07-25,0.007128633080267788,C
2025-07-28,-0.0054126849663602705,C
2025-07-29,-0.011198321932492483,C
2025-07-30,0.01407699147337671,C
2025-07-31,-0.022022760297652266,C
2025-08-01,-0.019957259104506075,C
2025-08-04,0.0027224218122083865,C
2025-08-05,-0.006081724335928684,C
2025-08-06,0.007757940776989436,C
2025-08-07,-0.010842458675079492,C
2025-08-08,0.016441959276613405,C
2025-08-11,-0.004529340915940372,C
2025-08-12,0.03715740868694728,C
2025-08-13,-0.01138496304795833,C
2025-08-14,0.00855781875895989,C
2025-08-15,-0.018541762623527136,C
2025-08-18,0.005656940607172478,C
2025-08-19,-0.005094495337664262,C
2025-08-20,-0.00608064548553322,C
2025-08-21,-0.006225199554077188,C
2025-08-22,0.02883687119498446,C
2025-08-25,-0.0027293946084384624,C
2025-08-26,0.007578960217927699,C
2025-08-27,0.012014223894829756,C
2025-08-28,-0.0005161871615573244,C
2025-08-29,-0.0025821111422019705,C
2025-09-02,-0.018535786695495715,C
2025-09-03,0.0026376873097682108,C
2025-09-04,0.021572167505956363,C
2025-09-05,-0.017305318021104243,C
2025-09-08,0.004926637454776506,C
2025-09-09,0.015333196507715696,C
2025-09-10,-0.0017464369769977228,C
2025-09-11,0.016980565575499096,C
2025-09-12,0.006274061409600407,C
2025-09-15,0.003519694946984009,C
2025-09-16,0.008517872194836684,C
2025-09-17,0.01112880319330789,C
2025-09-18,0.0063875934771377985,C
2025-09-19,0.0026364284094475554,C
2025-09-22,0.007888562097646545,C
2025-09-23,-0.004734736437182474,C
2025-09-24,-0.013106781302146486,C
2025-09-25,0.004525322947049215,C
2025-09-26,0.012829277747168577,C
2024-04-15,,CVX
2024-04-16,-0.008312694898380268,CVX
2024-04-17,0.0007678213343023099,CVX
2024-04-18,0.007480904561343982,CVX
2024-04-19,0.015421670132827137,CVX
2024-04-22,0.011999988555908114,CVX
2024-04-23,0.005743626143078107,CVX
2024-04-24,0.004421253876069509,CVX
2024-04-25,0.010454187066756493,CVX
2024-04-26,0.003690710399666175,CVX
2024-04-29,0.002652374724366302,CVX
2024-04-30,-0.03042143631870642,CVX
2024-05-01,-0.010169277275380417,CVX
2024-05-02,0.0068908777239848895,CVX
2024-05-03,-0.002986348163367847,CVX
2024-05-06,0.012792530744198505,CVX
2024-05-07,0.002279698769133809,CVX
2024-05-08,-0.0007991939772291623,CVX
2024-05-09,0.017903308615170532,CVX
2024-05-10,0.0022363879286881883,CVX
2024-05-13,-0.007779571149093001,CVX
2024-05-14,-0.005591674319401219,CVX
2024-05-15,-0.0034227587342134935,CVX
2024-05-16,-0.01202089345098023,CVX
2024-05-17,0.00980819335137717,CVX
2024-05-20,-0.009405537570043254,CVX
2024-05-21,-0.007260755699248667,CVX
2024-05-22,-0.015002774758832493,CVX
2024-05-23,-0.003998253814358144,CVX
2024-05-24,0.005161192468415843,CVX
2024-05-28,0.008177453477862473,CVX
2024-05-29,-0.01345573113674814,CVX
2024-05-30,0.008667945591182225,CVX
2024-05-31,0.025527667668074905,CVX
2024-06-03,-0.0298212954213386,CVX
2024-06-04,-0.008446600878606159,CVX
2024-06-05,-0.007365715232870218,CVX
2024-06-06,0.006129803680678281,CVX
2024-06-07,0.000962028873979115,CVX
2024-06-10,0.004228624131000336,CVX
2024-06-11,-0.0015949980301034339,CVX
2024-06-12,-0.014505746007914211,CVX
2024-06-13,-0.008948287329070825,CVX
2024-06-14,-0.0017664814193988354,CVX
2024-06-17,0.004063676262858085,CVX
2024-06-18,0.0009138937751631548,CVX
2024-06-20,0.021587409633248678,CVX
2024-06-21,-0.008682332837403162,CVX
2024-06-24,0.025953109292748078,CVX
2024-06-25,-0.0053354519976935855,CVX
2024-06-26,-0.015840020568453905,CVX
2024-06-27,0.0023726218866124693,CVX
2024-06-28,0.0006396548109108835,CVX
2024-07-01,0.0006393434643030549,CVX
2024-07-02,0.001469433435094425,CVX
2024-07-03,-0.00025514058138953466,CVX
2024-07-05,-0.015314970662055782,CVX
2024-07-08,0.00012963691774636743,CVX
2024-07-09,-0.008747528591319997,CVX
2024-07-10,0.014054184960905935,CVX
2024-07-11,0.0008379399209175187,CVX
2024-07-12,0.0021254788273237235,CVX
2024-07-15,0.01574649402858519,CVX
2024-07-16,-0.0017083588024650043,CVX
2024-07-17,0.02193060379907763,CVX
2024-07-18,0.004589750745975341,CVX
2024-07-19,-0.01741067668682772,CVX
2024-07-22,-0.013572029444909872,CVX
2024-07-23,-0.01847257184407014,CVX
2024-07-24,0.0063599909768259355,CVX
2024-07-25,0.015928199169745527,CVX
2024-07-26,0.0019042977310081977,CVX
2024-07-29,-0.007855995078209,CVX
2024-07-30,0.018965524297233305,CVX
2024-07-31,0.005640119415773137,CVX
2024-08-01,-0.04891883868511404,CVX
2024-08-02,-0.026667489160280722,CVX
2024-08-05,-0.026186464555595368,CVX
2024-08-06,-0.009885302767656978,CVX
2024-08-07,-0.0057250023730331945,CVX
2024-08-08,0.014605728372775184,CVX
2024-08-09,0.0034604469582060204,CVX
2024-08-12,0.00020690239437426428,CVX
2024-08-13,-0.005999243899772688,CVX
2024-08-14,0.003607383243001472,CVX
2024-08-15,0.014723196998489563,CVX
2024-08-16,0.003201643126243159,CVX
2024-08-19,-0.0029877261400238497,CVX
2024-08-20,-0.0145746738606648,CVX
2024-08-21,0.00435417010285577,CVX
2024-08-22,0.002821279814593014,CVX
2024-08-23,0.012969185789190707,CVX
2024-08-26,0.005961285136975691,CVX
2024-08-27,-0.010437730988268057,CVX
2024-08-28,-0.006464763307050592,CVX
2024-08-29,0.009726014855789833,CVX
2024-08-30,0.0035951620260468165,CVX
2024-09-03,-0.02223719739097907,CVX
2024-09-04,-0.017904025109388377,CVX
2024-09-05,-0.008024316109422447,CVX
2024-09-06,-0.01681682566066567,CVX
2024-09-09,0.012557776586480163,CVX
2024-09-10,-0.014754150243711073,CVX
2024-09-11,-0.0025319457103681886,CVX
2024-09-12,0.009646081984005406,CVX
2024-09-13,0.010056704467818367,CVX
2024-09-16,0.010525536740735308,CVX
2024-09-17,0.009289938477299753,CVX
2024-09-18,0.0038351791207933417,CVX
2024-09-19,0.007154756399422091,CVX
2024-09-20,0.004758860310890345,CVX
2024-09-23,0.01276771488100703,CVX
2024-09-24,-0.0006099792733220699,CVX
2024-09-25,-0.02360119226560997,CVX
2024-09-26,-0.013752835387587203,CVX
2024-09-27,0.02464962225928291,CVX
2024-09-30,0.012234508984058756,CVX
2024-10-01,0.01650025534925348,CVX
2024-10-02,0.008350033570355908,CVX
2024-10-03,0.00198743330786999,CVX
2024-10-04,-0.003371864508006195,CVX
2024-10-07,0.002520827983123919,CVX
2024-10-08,-0.015682869201720573,CVX
2024-10-09,0.006050379136029349,CVX
2024-10-10,0.006481799266721655,CVX
2024-10-11,0.005311400064349936,CVX
2024-10-14,0.002377497125246819,CVX
2024-10-15,-0.026683377812164233,CVX
2024-10-16,0.006769105996891289,CVX
2024-10-17,0.01660728361229813,CVX
2024-10-18,-0.0029761703526768324,CVX
2024-10-21,0.0008623872823383394,CVX
2024-10-22,0.00026506684012828075,CVX
2024-10-23,-0.0029154681072398603,CVX
2024-10-24,-0.00019935393506520516,CVX
2024-10-25,0.0023928256407703685,CVX
2024-10-28,-0.00179036056516102,CVX
2024-10-29,-0.013418288187594496,CVX
2024-10-30,-0.0031645650901066524,CVX
2024-10-31,0.0052009743774996675,CVX
2024-11-01,0.02855798811204835,CVX
2024-11-04,0.00587962274397813,CVX
2024-11-05,-0.003637056271702188,CVX
2024-11-06,0.028094631743094567,CVX
2024-11-07,-0.006023313092122229,CVX
2024-11-08,0.001020529431397188,CVX
2024-11-11,-0.0027400286487594405,CVX
2024-11-12,-0.007731672293081027,CVX
2024-11-13,0.022087758921145006,CVX
2024-11-14,0.01940525332262255,CVX
2024-11-15,-0.0023486086257423766,CVX
2024-11-18,-0.004088735408227406,CVX
2024-11-19,-0.0072156534147616025,CVX
2024-11-20,0.010839571813155091,CVX
2024-11-21,0.0018595614476715205,CVX
2024-11-22,0.004516461705661223,CVX
2024-11-25,-0.012318304954924253,CVX
2024-11-26,0.013532041411112639,CVX
2024-11-27,-0.0025841270663863325,CVX
2024-11-29,-0.0011104061063017534,CVX
2024-12-02,0.0017292289924732973,CVX
2024-12-03,-0.001787858534729292,CVX
2024-12-04,-0.02223314529049325,CVX
2024-12-05,0.006379449596459308,CVX
2024-12-06,-0.025669969816654148,CVX
2024-12-09,0.011852591295944404,CVX
2024-12-10,-0.0005093062778337432,CVX
2024-12-11,-0.00503180437027273,CVX
2024-12-12,-0.009602457816595411,CVX
2024-12-13,-0.0054295880048229606,CVX
2024-12-16,-0.02931042210926904,CVX
2024-12-17,-0.008369041208435624,CVX
2024-12-18,-0.027209498093913376,CVX
2024-12-19,-0.020335979298542584,CVX
2024-12-20,0.012044011906072072,CVX
2024-12-23,0.0008400077848127463,CVX
2024-12-24,0.006085158493105647,CVX
2024-12-26,0.0009732994522577698,CVX
2024-12-27,0.00013893785980378937,CVX
2024-12-30,-0.006458282470703125,CVX
2024-12-31,0.012371488942897857,CVX
2025-01-02,0.012910870086009218,CVX
2025-01-03,0.0077704269475755705,CVX
2025-01-06,-0.003990609214223451,CVX
2025-01-07,0.015822368042710533,CVX
2025-01-08,0.004746351569281604,CVX
2025-01-10,0.018895517499840864,CVX
2025-01-13,0.014431283287680285,CVX
2025-01-14,0.009977391258909396,CVX
2025-01-15,0.009114136330137468,CVX
2025-01-16,0.006631737760466994,CVX
2025-01-17,0.013113290713143932,CVX
2025-01-21,-0.020003689249523116,CVX
2025-01-22,-0.01156472300004907,CVX
2025-01-23,-0.002557439715541343,CVX
2025-01-24,-0.0023075483816890063,CVX
2025-01-27,0.010150991924262387,CVX
2025-01-28,-0.006487241883790351,CVX
2025-01-29,-0.003328879393837081,CVX
2025-01-30,0.0040465339645017195,CVX
2025-01-31,-0.04561159511734392,CVX
2025-02-03,0.001005388390842743,CVX
2025-02-04,0.0259810163248817,CVX
2025-02-05,-0.0015010816192839727,CVX
2025-02-06,-0.007124724214278122,CVX
2025-02-07,0.004739968727015098,CVX
2025-02-10,0.020639557437115208,CVX
2025-02-11,0.010720922662519117,CVX
2025-02-12,-0.0161331841052732,CVX
2025-02-13,0.006326733537401097,CVX
2025-02-14,-0.003464257942048743,CVX
2025-02-18,0.005278790675616429,CVX
2025-02-19,0.0068518957501106925,CVX
2025-02-20,0.00992175539645146,CVX
2025-02-21,-0.01177652998459322,CVX
2025-02-24,0.006181501606052686,CVX
2025-02-25,-0.009310287075721568,CVX
2025-02-26,-0.008183089082473893,CVX
2025-02-27,0.009862052245173336,CVX
2025-02-28,0.012446524357135669,CVX
2025-03-03,-0.03486318843479563,CVX
2025-03-04,-0.007119971023350602,CVX
2025-03-05,-0.007828963430304259,CVX
2025-03-06,0.014190036630807423,CVX
2025-03-07,0.022164102368668948,CVX
2025-03-10,0.007867538794549711,CVX
2025-03-11,-0.022148920041508702,CVX
2025-03-12,-0.00915111400151336,CVX
2025-03-13,0.0061570868715543625,CVX
2025-03-14,0.022199099333117145,CVX
2025-03-17,0.010826626557036256,CVX
2025-03-18,0.013167819567897032,CVX
2025-03-19,0.02014803521145203,CVX
2025-03-20,0.004388913180793708,CVX
2025-03-21,-0.0001214072461142024,CVX
2025-03-24,0.0016388726704761325,CVX
2025-03-25,0.005575070567967799,CVX
2025-03-26,0.01223332981457359,CVX
2025-03-27,-0.007858589716174036,CVX
2025-03-28,-0.0033603215067717906,CVX
2025-03-31,0.007224980279973758,CVX
2025-04-01,0.007292732797331336,CVX
2025-04-02,-0.012106067014618915,CVX
2025-04-03,-0.062173400778640975,CVX
2025-04-04,-0.08224440647882814,CVX
2025-04-07,-0.021845372065042,CVX
2025-04-08,-0.022975393228211183,CVX
2025-04-09,0.06645736208474307,CVX
2025-04-10,-0.07566940453418947,CVX
2025-04-11,0.004815596205718586,CVX
2025-04-14,-0.0022856119400835873,CVX
2025-04-15,-0.005764218119032938,CVX
2025-04-16,0.006094896425888674,CVX
2025-04-17,0.018543103542539408,CVX
2025-04-21,-0.03002828415370218,CVX
2025-04-22,0.026695636269160383,CVX
2025-04-23,-0.00451573461176713,CVX
2025-04-24,0.01748620702743864,CVX
2025-04-25,-0.0024448952237918764,CVX
2025-04-28,0.009875372436882524,CVX
2025-04-29,-0.005710228528946093,CVX
2025-04-30,-0.023259191831892623,CVX
2025-05-01,0.0014699173293462042,CVX
2025-05-02,0.016439201405161308,CVX
2025-05-05,-0.02166064981949456,CVX
2025-05-06,0.0007380524244695597,CVX
2025-05-07,0.0014010853544663693,CVX
2025-05-08,0.009205391131922536,CVX
2025-05-09,0.010580941900688146,CVX
2025-05-12,0.02260083399431978,CVX
2025-05-13,0.005154716929089309,CVX
2025-05-14,-0.004777013736661284,CVX
2025-05-15,0.004164582095829816,CVX
2025-05-16,-0.0011246197771547228,CVX
2025-05-19,-0.025404647820506,CVX
2025-05-20,-0.008809308775450497,CVX
2025-05-21,-0.012457249658658687,CVX
2025-05-22,-0.0019917695287965387,CVX
2025-05-23,0.009239412092779897,CVX
2025-05-27,0.00944784391646003,CVX
2025-05-28,-0.013132101389742079,CVX
2025-05-29,0.013895010515237116,CVX
2025-05-30,-0.008773886460272995,CVX
2025-06-02,0.008339425128736977,CVX
2025-06-03,0.012405736791195165,CVX
2025-06-04,-0.015621697505529775,CVX
2025-06-05,-0.0034214256199265325,CVX
2025-06-06,0.024178326990179855,CVX
2025-06-09,0.003922600147157285,CVX
2025-06-10,0.01840019677291127,CVX
2025-06-11,0.009975532716396396,CVX
2025-06-12,0.001312352831939867,CVX
2025-06-13,0.006484116944823537,CVX
2025-06-16,0.0008223912972094016,CVX
2025-06-17,0.019311150775812802,CVX
2025-06-18,-0.004434018374513071,CVX
2025-06-20,0.009177411349927667,CVX
2025-06-23,-0.01798731117695307,CVX
2025-06-24,-0.02253845529645493,CVX
2025-06-25,-0.0022292394107673585,CVX
2025-06-26,0.008447997975011612,CVX
2025-06-27,-0.004500201774346513,CVX
2025-06-30,-0.0041726884535880915,CVX
2025-07-01,0.016621306252064594,CVX
2025-07-02,0.01655552848845221,CVX
2025-07-03,0.0026354872341427527,CVX
2025-07-07,-0.006537718222184963,CVX
2025-07-08,0.03962016172660765,CVX
2025-07-09,-0.0014356644010492525,CVX
2025-07-10,0.007515317372732255,CVX
2025-07-11,0.007394430843796096,CVX
2025-07-14,-0.02356579563223915,CVX
2025-07-15,-0.006330309882725205,CVX
2025-07-16,-0.00510985639382644,CVX
2025-07-17,0.00973857211645579,CVX
2025-07-18,-0.008851972212030379,CVX
2025-07-21,-0.002399364345911592,CVX
2025-07-22,0.0024051351414169364,CVX
2025-07-23,0.020527872359878074,CVX
2025-07-24,0.01769858150657022,CVX
2025-07-25,-0.006353112247520776,CVX
2025-07-28,0.00929993848788202,CVX
2025-07-29,0.004799078614398766,CVX
2025-07-30,-0.02209769628528213,CVX
2025-07-31,-0.012503244331016017,CVX
2025-08-01,-0.0015827320900163588,CVX
2025-08-04,-0.0023778112606642754,CVX
2025-08-05,0.013241526012326865,CVX
2025-08-06,-0.0016988664286585742,CVX
2025-08-07,0.0024872685289221153,CVX
2025-08-08,0.012078811703399195,CVX
2025-08-11,-0.010063851453945838,CVX
2025-08-12,0.006451648829279399,CVX
2025-08-13,0.009259211688524616,CVX
2025-08-14,-0.004555023271440639,CVX
2025-08-15,0.008958490312203304,CVX
2025-08-18,-0.007856887279219071,CVX
2025-08-19,-0.021375271488936254,CVX
2025-08-20,0.008026323820415238,CVX
2025-08-21,0.015206903879986688,CVX
2025-08-22,0.016907679668436426,CVX
2025-08-25,0.0001264652508989883,CVX
2025-08-26,-0.005309711467095912,CVX
2025-08-27,0.0119471585887172,CVX
2025-08-28,0.0005023978164715448,CVX
2025-08-29,0.008034137085445092,CVX
2025-09-02,0.007658752682401904,CVX
2025-09-03,-0.02329607754930818,CVX
2025-09-04,-0.002340852352919587,CVX
2025-09-05,-0.0255564634212897,CVX
2025-09-08,0.0022126534542994403,CVX
2025-09-09,0.0055195201526989646,CVX
2025-09-10,0.018986032074495673,CVX
2025-09-11,0.0029153098006222677,CVX
2025-09-12,-0.00720378761231244,CVX
2025-09-15,0.0012729740148000879,CVX
2025-09-16,0.014175804221905564,CVX
2025-09-17,0.0034474305810667794,CVX
2025-09-18,-0.007808108117897117,CVX
2025-09-19,-0.016557477239100504,CVX
2025-09-22,-0.001024285610604081,CVX
2025-09-23,0.00877920596216275,CVX
2025-09-24,0.011180247283112621,CVX
2025-09-25,0.00967463635997623,CVX
2025-09-26,-0.003484305340595073,CVX
2024-04-15,,DBA
2024-04-16,-0.02299299127421439,DBA
2024-04-17,0.013562032577849825,DBA
2024-04-18,0.020464402238736357,DBA
2024-04-19,0.02236791040801811,DBA
2024-04-22,-0.01207090501929109,DBA
2024-04-23,-0.009163794052087448,DBA
2024-04-24,0.022736036040141405,DBA
2024-04-25,-0.01394125193932938,DBA
2024-04-26,-0.004967487978128071,DBA
2024-04-29,-0.03609832953182068,DBA
2024-04-30,-0.018326732463354367,DBA
2024-05-01,-0.0324675023083254,DBA
2024-05-02,-0.016359034695983543,DBA
2024-05-03,0.02217477754784758,DBA
2024-05-06,-0.007926517820262546,DBA
2024-05-07,0.030277514405574912,DBA
2024-05-08,-0.002857130400988561,DBA
2024-05-09,-0.0012280264539804575,DBA
2024-05-10,0.011065592704297522,DBA
2024-05-13,-0.04864210617058595,DBA
2024-05-14,0.009799806404514388,DBA
2024-05-15,0.006751048196686371,DBA
2024-05-16,-0.015088038606142273,DBA
2024-05-17,-0.0004255416545462243,DBA
2024-05-20,0.010642826838482389,DBA
2024-05-21,0.011373229164566068,DBA
2024-05-22,0.004164947126882312,DBA
2024-05-23,0.021567753515185695,DBA
2024-05-24,0.0016240729553520517,DBA
2024-05-28,0.02188889365661617,DBA
2024-05-29,0.009916700082467589,DBA
2024-05-30,-0.005498797905841957,DBA
2024-05-31,-0.00750397062984387,DBA
2024-06-03,0.004377262794473147,DBA
2024-06-04,-0.0023771579432040335,DBA
2024-06-05,0.0015885229425707248,DBA
2024-06-06,0.012291886666581542,DBA
2024-06-07,-0.006267130556553591,DBA
2024-06-10,-0.01892004074523579,DBA
2024-06-11,0.015267218860329557,DBA
2024-06-12,0.01899483710095695,DBA
2024-06-13,0.0038835099599894285,DBA
2024-06-14,-0.009284323697349106,DBA
2024-06-17,-0.014447513877990481,DBA
2024-06-18,0.001981027926410528,DBA
2024-06-20,-0.018584468315086422,DBA
2024-06-21,-0.009266702057385223,DBA
2024-06-24,-0.01342008628134661,DBA
2024-06-25,-0.012366081680907137,DBA
2024-06-26,-0.002086779589776766,DBA
2024-06-27,-0.01129236551596613,DBA
2024-06-28,0.006768183229402647,DBA
2024-07-01,-0.007562958134337272,DBA
2024-07-02,0.014817885761449157,DBA
2024-07-03,0.002503186274919411,DBA
2024-07-05,0.0066583371968453875,DBA
2024-07-08,-0.007441103811566929,DBA
2024-07-09,0.014577275224208819,DBA
2024-07-10,-0.01231531760642468,DBA
2024-07-11,0.017871999780567638,DBA
2024-07-12,-0.004491654200882822,DBA
2024-07-15,-0.005742386975703062,DBA
2024-07-16,-0.014026409067585899,DBA
2024-07-17,0.0,DBA
2024-07-18,0.002092098125826336,DBA
2024-07-19,-0.012943689495439004,DBA
2024-07-22,0.02664979206349316,DBA
2024-07-23,0.0,DBA
2024-07-24,-0.007416576093149607,DBA
2024-07-25,-0.006641753690272201,DBA
2024-07-26,-0.001253685176051511,DBA
2024-07-29,-0.011297090463312509,DBA
2024-07-30,0.008463849769047682,DBA
2024-07-31,-0.0037767584085620642,DBA
2024-08-01,-0.02021902050817581,DBA
2024-08-02,0.001289797349539823,DBA
2024-08-05,0.01073422027361648,DBA
2024-08-06,0.007646490689319441,DBA
2024-08-07,0.014755497116421656,DBA
2024-08-08,-0.012048151718135225,DBA
2024-08-09,0.018082354306601323,DBA
2024-08-12,-0.009500187977447783,DBA
2024-08-13,-0.009591307198785648,DBA
2024-08-14,0.00042106226870886054,DBA
2024-08-15,-0.000841770099789807,DBA
2024-08-16,0.004633555661840649,DBA
2024-08-19,0.018029362612080657,DBA
2024-08-20,0.007413442863951403,DBA
2024-08-21,0.00040884011676789456,DBA
2024-08-22,0.0004086730348364931,DBA
2024-08-23,0.008169965959124559,DBA
2024-08-26,0.011750364853840622,DBA
2024-08-27,0.002002448769889975,DBA
2024-08-28,-0.003597128334982269,DBA
2024-08-29,-0.002406717417084314,DBA
2024-08-30,0.00040202336935313276,DBA
2024-09-03,-0.008038539482999596,DBA
2024-09-04,-0.014991930091500127,DBA
2024-09-05,0.007404373061708824,DBA
2024-09-06,-0.011024926920664702,DBA
2024-09-09,0.017753935481686245,DBA
2024-09-10,-0.006490866121224292,DBA
2024-09-11,0.02164151456099872,DBA
2024-09-12,-0.0027977495421067644,DBA
2024-09-13,0.009619229009189434,DBA
2024-09-16,0.005954728676066168,DBA
2024-09-17,0.005130195737324206,DBA
2024-09-18,0.006674522217392065,DBA
2024-09-19,-0.000390024536657152,DBA
2024-09-20,-0.006632855320345632,DBA
2024-09-23,0.019245942501452618,DBA
2024-09-24,0.007321719503774693,DBA
2024-09-25,0.006886010305228396,DBA
2024-09-26,0.004559302455348968,DBA
2024-09-27,0.004160313947847216,DBA
2024-09-30,-0.01732576639138106,DBA
2024-10-01,-0.02223073669275255,DBA
2024-10-02,0.0007840242094951932,DBA
2024-10-03,0.0007833352870021404,DBA
2024-10-04,-0.006262225134630484,DBA
2024-10-07,-0.007877072091319604,DBA
2024-10-08,0.005954728676066168,DBA
2024-10-09,0.009076540680795553,DBA
2024-10-10,0.007430603688903359,DBA
2024-10-11,0.007763930660473539,DBA
2024-10-14,-0.005778105694155933,DBA
2024-10-15,0.006974053037595018,DBA
2024-10-16,-0.010003856528339239,DBA
2024-10-17,-0.002331887563538082,DBA
2024-10-18,-0.010518132331951757,DBA
2024-10-21,-0.0015747641251746547,DBA
2024-10-22,-0.003943232612893088,DBA
2024-10-23,-0.002375275748168093,DBA
2024-10-24,-0.015476241475779196,DBA
2024-10-25,0.0012092175449940346,DBA
2024-10-28,0.008051560455349493,DBA
2024-10-29,0.011581429615638905,DBA
2024-10-30,0.007895805903744835,DBA
2024-10-31,-0.001175114995637272,DBA
2024-11-01,-0.007058835497089411,DBA
2024-11-04,0.0007899075041364334,DBA
2024-11-05,0.0,DBA
2024-11-06,-0.0074980478655685134,DBA
2024-11-07,0.022266380693293453,DBA
2024-11-08,-0.009334880578160343,DBA
2024-11-11,-0.00353357499074225,DBA
2024-11-12,0.008274271030942915,DBA
2024-11-13,0.003126218180110607,DBA
2024-11-14,0.008570288769015555,DBA
2024-11-15,0.004248768364032651,DBA
2024-11-18,0.0030769201425404624,DBA
2024-11-19,0.005368074772162057,DBA
2024-11-20,0.005339485151159673,DBA
2024-11-21,-0.0018968567242575451,DBA
2024-11-22,0.007601701520304038,DBA
2024-11-25,0.0007544495507729732,DBA
2024-11-26,0.009046353746947844,DBA
2024-11-27,0.00448258983312666,DBA
2024-11-29,-0.004834479870484687,DBA
2024-12-02,-0.007473870001077021,DBA
2024-12-03,-0.004518032164821384,DBA
2024-12-04,0.004160313947847216,DBA
2024-12-05,0.016949181765373078,DBA
2024-12-06,0.0092592592592593,DBA
2024-12-09,0.004036719645928999,DBA
2024-12-10,0.008040910396444056,DBA
2024-12-11,-0.0032632397692841097,DBA
2024-12-12,-0.0010913309165258012,DBA
2024-12-13,0.00655500040703072,DBA
2024-12-16,0.004341564467557069,DBA
2024-12-17,-0.0018011939480158112,DBA
2024-12-18,0.00433059701184324,DBA
2024-12-19,-0.0179662235490734,DBA
2024-12-20,0.009879270344581137,DBA
2024-12-23,-0.043840615039761666,DBA
2024-12-24,0.005305089057788592,DBA
2024-12-26,-0.010554115318453516,DBA
2024-12-27,-0.015238080705915147,DBA
2024-12-30,0.016247584916672553,DBA
2024-12-31,0.01218118345063246,DBA
2025-01-02,0.0011282695176135782,DBA
2025-01-03,-0.004883586176437471,DBA
2025-01-06,-0.0022649855213588976,DBA
2025-01-07,0.0026484939090414272,DBA
2025-01-08,-0.005282995835790061,DBA
2025-01-10,0.003414269745978249,DBA
2025-01-13,0.011342125837701111,DBA
2025-01-14,-0.003364491685528659,DBA
2025-01-15,0.002625644982177766,DBA
2025-01-16,-0.014590325339594368,DBA
2025-01-17,0.009870927387078732,DBA
2025-01-21,0.012030063542673552,DBA
2025-01-22,0.011144102385227228,DBA
2025-01-23,0.0014695413863481388,DBA
2025-01-24,0.003668392539622145,DBA
2025-01-27,-0.0014620217337352193,DBA
2025-01-28,0.008784764780346288,DBA
2025-01-29,0.01306243168823129,DBA
2025-01-30,-0.007163351088572134,DBA
2025-01-31,-0.004328965903940496,DBA
2025-02-03,0.0014492394067344705,DBA
2025-02-04,0.003256156098961238,DBA
2025-02-05,0.005048730591712847,DBA
2025-02-06,-0.006817385300905587,DBA
2025-02-07,-0.003974010445765508,DBA
2025-02-10,0.01160680806551806,DBA
2025-02-11,0.0,DBA
2025-02-12,0.0028684089443096195,DBA
2025-02-13,0.007865614090240003,DBA
2025-02-14,-0.0007094876688458207,DBA
2025-02-18,0.007454706563859048,DBA
2025-02-19,-0.005637767869750232,DBA
2025-02-20,-0.010630731550676509,DBA
2025-02-21,-0.01325217901942466,DBA
2025-02-24,-0.01887472104592769,DBA
2025-02-25,0.0011098327241885197,DBA
2025-02-26,0.002217345693836137,DBA
2025-02-27,-0.011430728749925012,DBA
2025-02-28,-0.011935833688871411,DBA
2025-03-03,-0.016610061829345324,DBA
2025-03-04,0.005374330176482145,DBA
2025-03-05,0.007636458629725507,DBA
2025-03-06,-0.003789256401435126,DBA
2025-03-07,0.007987792969175178,DBA
2025-03-10,0.004905628708173682,DBA
2025-03-11,0.0003755249416819151,DBA
2025-03-12,-0.0022522322566455033,DBA
2025-03-13,0.0015049253439487487,DBA
2025-03-14,-0.006010584136606267,DBA
2025-03-17,0.015117216164744152,DBA
2025-03-18,0.0,DBA
2025-03-19,-0.0003723093318911408,DBA
2025-03-20,0.0018621689515898598,DBA
2025-03-21,-0.005947949802270314,DBA
2025-03-24,-0.002243809515929285,DBA
2025-03-25,0.0033733190239293442,DBA
2025-03-26,-0.007471078054518632,DBA
2025-03-27,-0.005269077578337722,DBA
2025-03-28,0.0015133941625751213,DBA
2025-03-31,-0.004911188671660294,DBA
2025-04-01,0.022399398222096245,DBA
2025-04-02,0.00928332703924828,DBA
2025-04-03,-0.007358379716477348,DBA
2025-04-04,-0.031134179645663007,DBA
2025-04-07,-0.025631220043534797,DBA
2025-04-08,-0.007852330623580261,DBA
2025-04-09,0.029679461274785046,DBA
2025-04-10,-0.009992322225507833,DBA
2025-04-11,0.021350901870097472,DBA
2025-04-14,-0.0011402044814067258,DBA
2025-04-15,-0.005327294267089333,DBA
2025-04-16,0.01453714908140813,DBA
2025-04-17,0.0049019290543994565,DBA
2025-04-21,-0.0007504862307676774,DBA
2025-04-22,0.013143086462630293,DBA
2025-04-23,-0.0003706534118423921,DBA
2025-04-24,0.01038193154520628,DBA
2025-04-25,0.008440350173810174,DBA
2025-04-28,-0.006914069500509212,DBA
2025-04-29,-0.011359522275231293,DBA
2025-04-30,-0.006300966611501035,DBA
2025-05-01,-0.007086856788279583,DBA
2025-05-02,0.009015768728468432,DBA
2025-05-05,-0.005584568967623049,DBA
2025-05-06,0.0063646605062135375,DBA
2025-05-07,-0.00037196137817585573,DBA
2025-05-08,0.001488612092646724,DBA
2025-05-09,0.0040877224442696924,DBA
2025-05-12,-0.0011103140687359625,DBA
2025-05-13,0.014449773729371174,DBA
2025-05-14,-0.005478437659896307,DBA
2025-05-15,0.006243117119053121,DBA
2025-05-16,-0.0021897615612302967,DBA
2025-05-19,0.008778338324019641,DBA
2025-05-20,0.0025380600078990234,DBA
2025-05-21,0.0010850158068502758,DBA
2025-05-22,-0.010115631631447353,DBA
2025-05-23,-0.009489059580351289,DBA
2025-05-27,-0.004789947077750711,DBA
2025-05-28,-0.010736797966304557,DBA
2025-05-29,-0.0056137583227895416,DBA
2025-05-30,0.00489277642485475,DBA
2025-06-02,-0.002621782777999626,DBA
2025-06-03,0.0026286745917734056,DBA
2025-06-04,0.007490593628312725,DBA
2025-06-05,0.01338292250768558,DBA
2025-06-06,0.008070407612154273,DBA
2025-06-09,-0.003275114777551602,DBA
2025-06-10,-0.01168308513891958,DBA
2025-06-11,-0.0007388421865219819,DBA
2025-06-12,-0.0014787064438770425,DBA
2025-06-13,-0.001851208588873443,DBA
2025-06-16,0.007789354560558515,DBA
2025-06-17,-0.01030550923295026,DBA
2025-06-18,-0.004090691911479705,DBA
2025-06-20,-0.013816311790384228,DBA
2025-06-23,0.002650499630013403,DBA
2025-06-24,-0.007175174848697785,DBA
2025-06-25,-0.00798786551951991,DBA
2025-06-26,0.0023005930259931695,DBA
2025-06-27,0.007268574540703954,DBA
2025-06-30,-0.006836320003697383,DBA
2025-07-01,-0.019120459169937876,DBA
2025-07-02,0.008577045769006197,DBA
2025-07-03,0.0007730401919705532,DBA
2025-07-07,-0.006952503260689524,DBA
2025-07-08,0.0011668878924087078,DBA
2025-07-09,0.007381528195303577,DBA
2025-07-10,-0.006170452970653217,DBA
2025-07-11,0.0,DBA
2025-07-14,0.0042684788920828165,DBA
2025-07-15,-0.010046303321653682,DBA
2025-07-16,0.010148255777378878,DBA
2025-07-17,-0.0038639288007662476,DBA
2025-07-18,0.009697439617583292,DBA
2025-07-21,-0.004994278320627599,DBA
2025-07-22,0.002702690959660803,DBA
2025-07-23,0.008856428789610682,DBA
2025-07-24,0.0,DBA
2025-07-25,-0.004580184570190604,DBA
2025-07-28,0.005751519132249916,DBA
2025-07-29,-0.008387316705829262,DBA
2025-07-30,-0.0019223815443745185,DBA
2025-07-31,-0.0023112275831422835,DBA
2025-08-01,-0.008880291336829771,DBA
2025-08-04,0.00233733797288882,DBA
2025-08-05,0.007384397102134788,DBA
2025-08-06,0.002700605502244491,DBA
2025-08-07,0.01000385652833935,DBA
2025-08-08,-0.0015238444010416963,DBA
2025-08-11,0.016024421631619212,DBA
2025-08-12,0.006759305702155993,DBA
2025-08-13,0.0033569621178926035,DBA
2025-08-14,-0.011152388152968262,DBA
2025-08-15,0.017293198416384437,DBA
2025-08-18,-0.0014781599766494624,DBA
2025-08-19,0.004071010404862019,DBA
2025-08-20,0.00258022868921004,DBA
2025-08-21,0.0029411735831661456,DBA
2025-08-22,0.01136361650071871,DBA
2025-08-25,-0.00036245845692384204,DBA
2025-08-26,-0.005801299777183244,DBA
2025-08-27,0.009482138153114716,DBA
2025-08-28,-0.005780341244511877,DBA
2025-08-29,0.009084302174474423,DBA
2025-09-02,-0.01152321532406586,DBA
2025-09-03,-0.004735922204080589,DBA
2025-09-04,-0.002928254926782059,DBA
2025-09-05,-0.0029368547862792527,DBA
2025-09-08,0.004418293074653024,DBA
2025-09-09,-0.006598251489923768,DBA
2025-09-10,0.0040589926735994375,DBA
2025-09-11,0.0073502671690122146,DBA
2025-09-12,0.003283478770117032,DBA
2025-09-15,0.014909085360440333,DBA
2025-09-16,-0.0053744041329395476,DBA
2025-09-17,-0.02089336883731785,DBA
2025-09-18,-0.003679189858238674,DBA
2025-09-19,-0.004062060955002722,DBA
2025-09-22,-0.004449348718572166,DBA
2025-09-23,-0.001489791991025391,DBA
2025-09-24,0.0033569621178926035,DBA
2025-09-25,-0.0022304634495626807,DBA
2025-09-26,0.005216072610004785,DBA
2024-04-15,,DIA
2024-04-16,0.0017757637806306015,DIA
2024-04-17,-0.0014021873217947567,DIA
2024-04-18,0.0010332073605696657,DIA
2024-04-19,0.005187358337060077,DIA
2024-04-22,0.006766738827858276,DIA
2024-04-23,0.006930444151801662,DIA
2024-04-24,-0.0015063804187190888,DIA
2024-04-25,-0.009156146580267421,DIA
2024-04-26,0.0036490183814483768,DIA
2024-04-29,0.0038973352616724632,DIA
2024-04-30,-0.014773275379088235,DIA
2024-05-01,0.002009916578454396,DIA
2024-05-02,0.008815213409595124,DIA
2024-05-03,0.011877607453241401,DIA
2024-05-06,0.004343726868891062,DIA
2024-05-07,0.0007465002400082188,DIA
2024-05-08,0.004476052877667724,DIA
2024-05-09,0.009014517810477907,DIA
2024-05-10,0.0029949052684803412,DIA
2024-05-13,-0.0018219576751038469,DIA
2024-05-14,0.0028393123293850575,DIA
2024-05-15,0.009353385744036657,DIA
2024-05-16,-0.00017533391212376515,DIA
2024-05-17,0.0018537130026625714,DIA
2024-05-20,-0.004625593316791798,DIA
2024-05-21,0.0017080951151868806,DIA
2024-05-22,-0.005316202225981725,DIA
2024-05-23,-0.015126304504124,DIA
2024-05-24,-5.116728993115327e-05,DIA
2024-05-28,-0.0052222211458746726,DIA
2024-05-29,-0.01034487768427661,DIA
2024-05-30,-0.00806067838726443,DIA
2024-05-31,0.01585925243455444,DIA
2024-06-03,-0.0033287966066765096,DIA
2024-06-04,0.0032881616698450244,DIA
2024-06-05,0.00263216171961278,DIA
2024-06-06,0.0020590116477032794,DIA
2024-06-07,-0.0021575433870021365,DIA
2024-06-10,0.002059302248853978,DIA
2024-06-11,-0.00339080709816475,DIA
2024-06-12,-0.0007217021378350674,DIA
2024-06-13,-0.002089291840111751,DIA
2024-06-14,-0.0010856426344948433,DIA
2024-06-17,0.005485678114325321,DIA
2024-06-18,0.0014412169836948152,DIA
2024-06-20,0.007529404752755431,DIA
2024-06-21,-0.0018619404001603002,DIA
2024-06-24,0.006746089520985432,DIA
2024-06-25,-0.007513127291016164,DIA
2024-06-26,0.0005626342051159305,DIA
2024-06-27,0.0008179310198506151,DIA
2024-06-28,-0.001098152718516432,DIA
2024-07-01,0.0008436749115283693,DIA
2024-07-02,0.004674850890997728,DIA
2024-07-03,-0.0011696762253335935,DIA
2024-07-05,0.002214763802420583,DIA
2024-07-08,-0.0006096539103659371,DIA
2024-07-09,-0.001321580401984157,DIA
2024-07-10,0.010994063463576564,DIA
2024-07-11,0.0009313676385542813,DIA
2024-07-12,0.006765089174291639,DIA
2024-07-15,0.005095868280426963,DIA
2024-07-16,0.018143002724708035,DIA
2024-07-17,0.005541153623442874,DIA
2024-07-18,-0.01264775944386931,DIA
2024-07-19,-0.009269249120664957,DIA
2024-07-22,0.002977991445838768,DIA
2024-07-23,-0.0016330661192053286,DIA
2024-07-24,-0.011945715936697354,DIA
2024-07-25,0.0020567807435289964,DIA
2024-07-26,0.01622070926614816,DIA
2024-07-29,-0.0011330676003029616,DIA
2024-07-30,0.004685442654257743,DIA
2024-07-31,0.0026508592389924424,DIA
2024-08-01,-0.012876641714106407,DIA
2024-08-02,-0.015127857394826805,DIA
2024-08-05,-0.02598647092219597,DIA
2024-08-06,0.008143517272992007,DIA
2024-08-07,-0.0056159669950616165,DIA
2024-08-08,0.017407226426081168,DIA
2024-08-09,0.0015968896389446652,DIA
2024-08-12,-0.003492357090037035,DIA
2024-08-13,0.010209055142367474,DIA
2024-08-14,0.005781914436166602,DIA
2024-08-15,0.014471765347594534,DIA
2024-08-16,0.0021188167468628727,DIA
2024-08-19,0.0058268062499136075,DIA
2024-08-20,-0.001344351916749531,DIA
2024-08-21,0.0010524590717415627,DIA
2024-08-22,-0.003691971158466645,DIA
2024-08-23,0.010675310367760371,DIA
2024-08-26,0.0021611215245525006,DIA
2024-08-27,0.00041193406481765393,DIA
2024-08-28,-0.003754070710251134,DIA
2024-08-29,0.006247890667329337,DIA
2024-08-30,0.005556734006473274,DIA
2024-09-03,-0.014319674148719708,DIA
2024-09-04,0.0004144142053243982,DIA
2024-09-05,-0.004775649111958713,DIA
2024-09-06,-0.009768374670334867,DIA
2024-09-09,0.011323427098284267,DIA
2024-09-10,-0.0019312505828592563,DIA
2024-09-11,0.002473862793043846,DIA
2024-09-12,0.006597141934443274,DIA
2024-09-13,0.0072092657521245496,DIA
2024-09-16,0.00588037409517006,DIA
2024-09-17,-0.0002874960845841157,DIA
2024-09-18,-0.0025643658610365883,DIA
2024-09-19,0.012542351306091382,DIA
2024-09-20,-0.001993299472226484,DIA
2024-09-23,0.0012839194853175862,DIA
2024-09-24,0.002422216443997316,DIA
2024-09-25,-0.007130527872475256,DIA
2024-09-26,0.005964878863154777,DIA
2024-09-27,0.003154539882469498,DIA
2024-09-30,0.0004018983455498226,DIA
2024-10-01,-0.0038286895818734346,DIA
2024-10-02,0.0009727251770093037,DIA
2024-10-03,-0.0045744179067318536,DIA
2024-10-04,0.008167037920985498,DIA
2024-10-07,-0.008974795771663824,DIA
2024-10-08,0.0028359726482896086,DIA
2024-10-09,0.010099810178918034,DIA
2024-10-10,-0.0009175018046332362,DIA
2024-10-11,0.009584155063157684,DIA
2024-10-14,0.005038144302378367,DIA
2024-10-15,-0.007774619948547445,DIA
2024-10-16,0.007437883267589207,DIA
2024-10-17,0.004016555956131818,DIA
2024-10-18,0.0004393627842362857,DIA
2024-10-21,-0.007558291929855798,DIA
2024-10-22,-0.00013973393408028834,DIA
2024-10-23,-0.009666660269000538,DIA
2024-10-24,-0.003245848318105815,DIA
2024-10-25,-0.0062296100298830925,DIA
2024-10-28,0.00695728872552559,DIA
2024-10-29,-0.0037022361805899573,DIA
2024-10-30,-0.0017751479289941363,DIA
2024-10-31,-0.009673945636670123,DIA
2024-11-01,0.006584145166255384,DIA
2024-11-04,-0.005637280717067927,DIA
2024-11-05,0.010166248353306262,DIA
2024-11-06,0.03535406967778254,DIA
2024-11-07,0.00036594848955684434,DIA
2024-11-08,0.006218639228221079,DIA
2024-11-11,0.006589317467418754,DIA
2024-11-12,-0.008171361904672714,DIA
2024-11-13,0.0009558317124986893,DIA
2024-11-14,-0.004797492924842883,DIA
2024-11-15,-0.007288102244551453,DIA
2024-11-18,-0.0007364786012441504,DIA
2024-11-19,-0.0031092519310087496,DIA
2024-11-20,0.00334999588600704,DIA
2024-11-21,0.01077619236846239,DIA
2024-11-22,0.009545076952307774,DIA
2024-11-25,0.00992868007068437,DIA
2024-11-26,0.0029493416110002446,DIA
2024-11-27,-0.0025396868562570507,DIA
2024-11-29,0.0052485955125105566,DIA
2024-12-02,-0.0029994137050363134,DIA
2024-12-03,-0.001894138263660361,DIA
2024-12-04,0.006809680263496709,DIA
2024-12-05,-0.005033904735401773,DIA
2024-12-06,-0.0033878340110974348,DIA
2024-12-09,-0.004629335463432804,DIA
2024-12-10,-0.0031229985009305627,DIA
2024-12-11,-0.0026594980037600857,DIA
2024-12-12,-0.005062079280736653,DIA
2024-12-13,-0.0020441863377983482,DIA
2024-12-16,-0.0022759860962587863,DIA
2024-12-17,-0.006387270625628161,DIA
2024-12-18,-0.026057822881884518,DIA
2024-12-19,0.0007307471540751731,DIA
2024-12-20,0.0094457630253586,DIA
2024-12-23,0.0008167407862431642,DIA
2024-12-24,0.008417042197920166,DIA
2024-12-26,0.0016415987400650867,DIA
2024-12-27,-0.0074097816726163,DIA
2024-12-30,-0.009837234851925891,DIA
2024-12-31,-0.0006341194086914026,DIA
2025-01-02,-0.003995328336148685,DIA
2025-01-03,0.007928305724213436,DIA
2025-01-06,-7.02284367443129e-05,DIA
2025-01-07,-0.004214216491395195,DIA
2025-01-08,0.0018809355930773375,DIA
2025-01-10,-0.015957614419610966,DIA
2025-01-13,0.008656678508697446,DIA
2025-01-14,0.005177800467302207,DIA
2025-01-15,0.01667645875497037,DIA
2025-01-16,-0.0015731831647797234,DIA
2025-01-17,0.007322281212313486,DIA
2025-01-21,0.01237579330995886,DIA
2025-01-22,0.002681192136824606,DIA
2025-01-23,0.009291166866518763,DIA
2025-01-24,-0.0028290667560536553,DIA
2025-01-27,0.00675493117396897,DIA
2025-01-28,0.002885150650853374,DIA
2025-01-29,-0.0027430498344880316,DIA
2025-01-30,0.0036674598043267004,DIA
2025-01-31,-0.007642245487740729,DIA
2025-02-03,-0.0025147075550171483,DIA
2025-02-04,0.0028361352258394756,DIA
2025-02-05,0.007047818681212847,DIA
2025-02-06,-0.0029198030556211174,DIA
2025-02-07,-0.00947780394583786,DIA
2025-02-10,0.0037461718730844584,DIA
2025-02-11,0.0029902121856104635,DIA
2025-02-12,-0.005559123422883339,DIA
2025-02-13,0.008182505337463342,DIA
2025-02-14,-0.003286681546766146,DIA
2025-02-18,0.00029162807671889723,DIA
2025-02-19,0.001681915988104743,DIA
2025-02-20,-0.00958201502369116,DIA
2025-02-21,-0.01862614543527019,DIA
2025-02-24,0.0008752847821140719,DIA
2025-02-25,0.0036821533795374783,DIA
2025-02-26,-0.004104300380348369,DIA
2025-02-27,-0.004581641688892302,DIA
2025-02-28,0.013923878636954434,DIA
2025-03-03,-0.014325795216933335,DIA
2025-03-04,-0.015089423659263135,DIA
2025-03-05,0.011513954959592176,DIA
2025-03-06,-0.010616320094918086,DIA
2025-03-07,0.005541244195730766,DIA
2025-03-10,-0.02047825930805347,DIA
2025-03-11,-0.011323273762375408,DIA
2025-03-12,-0.0019047548969109984,DIA
2025-03-13,-0.012489463160466507,DIA
2025-03-14,0.016096645119415998,DIA
2025-03-17,0.00926908281802108,DIA
2025-03-18,-0.006392959925594743,DIA
2025-03-19,0.009339098407888491,DIA
2025-03-20,-0.000713615672338741,DIA
2025-03-21,-0.0011901361654079734,DIA
2025-03-24,0.013988835578600645,DIA
2025-03-25,0.0007756165771655166,DIA
2025-03-26,-0.003733963436527765,DIA
2025-03-27,-0.0030408234012549995,DIA
2025-03-28,-0.01730743670961432,DIA
2025-03-31,0.01024977098232216,DIA
2025-04-01,-0.0006906938686037645,DIA
2025-04-02,0.005815206422226771,DIA
2025-04-03,-0.039831285944638806,DIA
2025-04-04,-0.05429149581394355,DIA
2025-04-07,-0.009524539128588638,DIA
2025-04-08,-0.008140781089827298,DIA
2025-04-09,0.07862296728155482,DIA
2025-04-10,-0.025610702916612715,DIA
2025-04-11,0.01574507455936236,DIA
2025-04-14,0.008733322718127434,DIA
2025-04-15,-0.004217902215034708,DIA
2025-04-16,-0.017190563989740837,DIA
2025-04-17,-0.013635113067795412,DIA
2025-04-21,-0.02488754752386213,DIA
2025-04-22,0.026859179631959273,DIA
2025-04-23,0.010309563363517293,DIA
2025-04-24,0.012805959125361532,DIA
2025-04-25,9.970079866428172e-05,DIA
2025-04-28,0.003117051604022203,DIA
2025-04-29,0.007308530394263046,DIA
2025-04-30,0.002788689584762638,DIA
2025-05-01,0.0026579147993732732,DIA
2025-05-02,0.013794106651523919,DIA
2025-05-05,-0.0018884339607794232,DIA
2025-05-06,-0.009751175074039886,DIA
2025-05-07,0.006883200141613921,DIA
2025-05-08,0.006884848981601577,DIA
2025-05-09,-0.003527571851390854,DIA
2025-05-12,0.028635849798940738,DIA
2025-05-13,-0.006411619051606365,DIA
2025-05-14,-0.0022775781130086603,DIA
2025-05-15,0.00696712228844909,DIA
2025-05-16,0.0072494019245212815,DIA
2025-05-19,0.003493191406856555,DIA
2025-05-20,-0.002499783438132619,DIA
2025-05-21,-0.019251940879223883,DIA
2025-05-22,0.00016718166977613969,DIA
2025-05-23,-0.005945324264381546,DIA
2025-05-27,0.01806264207189101,DIA
2025-05-28,-0.005733142953377235,DIA
2025-05-29,0.0024677945854654215,DIA
2025-05-30,0.000923199016063414,DIA
2025-06-02,0.0020337834673034294,DIA
2025-06-03,0.005428284338182099,DIA
2025-06-04,-0.002511695264642788,DIA
2025-06-05,-0.0022826780607384523,DIA
2025-06-06,0.01040168797181873,DIA
2025-06-09,-4.673311317482387e-05,DIA
2025-06-10,0.002918106365547013,DIA
2025-06-11,-2.3228622208826266e-05,DIA
2025-06-12,0.0020716576308541512,DIA
2025-06-13,-0.017840119050387182,DIA
2025-06-16,0.008206998984744418,DIA
2025-06-17,-0.007436458282847114,DIA
2025-06-18,-0.0006381059843045822,DIA
2025-06-20,-0.002554125867039847,DIA
2025-06-23,0.009389205622597263,DIA
2025-06-24,0.01190925328779735,DIA
2025-06-25,-0.0021588782815569196,DIA
2025-06-26,0.009468216309759692,DIA
2025-06-27,0.009379410026768342,DIA
2025-06-30,0.006050214375535212,DIA
2025-07-01,0.009622196325161259,DIA
2025-07-02,-0.00040464651359195525,DIA
2025-07-03,0.007600469851718916,DIA
2025-07-07,-0.009127622511810096,DIA
2025-07-08,-0.003648637651323172,DIA
2025-07-09,0.004837434122788364,DIA
2025-07-10,0.004454267603851703,DIA
2025-07-11,-0.006562133652365576,DIA
2025-07-14,0.0022769331365288803,DIA
2025-07-15,-0.009964444665934491,DIA
2025-07-16,0.005020996218843221,DIA
2025-07-17,0.006465358449787573,DIA
2025-07-18,-0.004402298750514899,DIA
2025-07-21,0.0004060656766136095,DIA
2025-07-22,0.0034277219134570824,DIA
2025-07-23,0.011798813603065339,DIA
2025-07-24,-0.006885689261352024,DIA
2025-07-25,0.004271887733859447,DIA
2025-07-28,-0.0015143928832097586,DIA
2025-07-29,-0.004148604556263424,DIA
2025-07-30,-0.0038523588478316384,DIA
2025-07-31,-0.007712076441330429,DIA
2025-08-01,-0.012711543566604866,DIA
2025-08-04,0.013976857433280587,DIA
2025-08-05,-0.0015164503154263542,DIA
2025-08-06,0.0018814583685569097,DIA
2025-08-07,-0.005090843255844524,DIA
2025-08-08,0.005003211591294132,DIA
2025-08-11,-0.004322057395170886,DIA
2025-08-12,0.010613356074885116,DIA
2025-08-13,0.010659397386940883,DIA
2025-08-14,-0.0005785451423088173,DIA
2025-08-15,0.0008237490296794103,DIA
2025-08-18,-0.0010678063480337174,DIA
2025-08-19,0.0005345078687848392,DIA
2025-08-20,0.0001557497502944205,DIA
2025-08-21,-0.003137736314968387,DIA
2025-08-22,0.019399491471360664,DIA
2025-08-25,-0.00781799056082999,DIA
2025-08-26,0.0031341357565082273,DIA
2025-08-27,0.0033884322603623396,DIA
2025-08-28,0.00166657844365381,DIA
2025-08-29,-0.001532459541444653,DIA
2025-09-02,-0.005437547427571299,DIA
2025-09-03,-0.0007715341311683721,DIA
2025-09-04,0.008361598079882349,DIA
2025-09-05,-0.004507160296713275,DIA
2025-09-08,0.0026594474573669036,DIA
2025-09-09,0.003967552630779636,DIA
2025-09-10,-0.0045414227756903625,DIA
2025-09-11,0.013138027434428379,DIA
2025-09-12,-0.005628693340697599,DIA
2025-09-15,0.0016328485327019582,DIA
2025-09-16,-0.0028039396708875453,DIA
2025-09-17,0.005405665009213134,DIA
2025-09-18,0.0029701146602403306,DIA
2025-09-19,0.0006700766386138479,DIA
2025-09-22,0.0015769019364890724,DIA
2025-09-23,-0.001725404463041813,DIA
2025-09-24,-0.003996815786357577,DIA
2025-09-25,-0.0034488663740857017,DIA
2025-09-26,0.006203352303833842,DIA
2024-04-15,,DIS
2024-04-16,0.008233734664038428,DIS
2024-04-17,-0.008254257417305233,DIS
2024-04-18,-0.004515690855373067,DIS
2024-04-19,0.0016009988854148727,DIS
2024-04-22,-0.005505752093256211,DIS
2024-04-23,0.015358525346124363,DIS
2024-04-24,0.0018467952349261463,DIS
2024-04-25,-0.010094816927344374,DIS
2024-04-26,-0.00035464473994262224,DIS
2024-04-29,-0.005766002896503308,DIS
2024-04-30,-0.008743784269479304,DIS
2024-05-01,-0.005580514182742524,DIS
2024-05-02,0.019370015610287616,DIS
2024-05-03,0.009234602114755353,DIS
2024-05-06,0.02472283536913622,DIS
2024-05-07,-0.09513180831911217,DIS
2024-05-08,0.00047445727343586874,DIS
2024-05-09,0.003414269745978249,DIS
2024-05-10,-9.453814689941442e-05,DIS
2024-05-13,0.0003781162225273693,DIS
2024-05-14,-0.004535607565233413,DIS
2024-05-15,-0.0244898136537558,DIS
2024-05-16,0.005838339234353729,DIS
2024-05-17,-0.0011609049375399527,DIS
2024-05-20,-0.003389815729986423,DIS
2024-05-21,0.0010690049438326632,DIS
2024-05-22,9.702462507199527e-05,DIS
2024-05-23,-0.02290810578390623,DIS
2024-05-24,0.010927860461971806,DIS
2024-05-28,0.006682392795800407,DIS
2024-05-29,-0.015228476677170866,DIS
2024-05-30,0.008128466664846457,DIS
2024-05-31,0.021730646806134235,DIS
2024-06-03,-0.01097109978698485,DIS
2024-06-04,0.005449111669559192,DIS
2024-06-05,-0.01771026612432225,DIS
2024-06-06,-0.0028571518771166593,DIS
2024-06-07,0.003260565497873902,DIS
2024-06-10,0.011817972596243065,DIS
2024-06-11,-0.018201237649109747,DIS
2024-06-12,-0.0006939594816912642,DIS
2024-06-13,-0.007043717186224874,DIS
2024-06-14,-0.0011988722307713084,DIS
2024-06-17,0.015504605415992412,DIS
2024-06-18,-0.00019697245594596513,DIS
2024-06-20,0.003349717614685943,DIS
2024-06-21,0.004222312653558102,DIS
2024-06-24,-0.0028355656170100385,DIS
2024-06-25,0.002157222828661931,DIS
2024-06-26,-0.00019566187537689572,DIS
2024-06-27,-9.788741632998921e-05,DIS
2024-06-28,-0.028188287217698615,DIS
2024-07-01,-0.012589384514795743,DIS
2024-07-02,-0.000510027042950556,DIS
2024-07-03,0.006327204409617204,DIS
2024-07-05,-0.0062874226016073065,DIS
2024-07-08,-0.006327126550706219,DIS
2024-07-09,-0.0032864299660857466,DIS
2024-07-10,-0.0008243362033901747,DIS
2024-07-11,-0.0038156413522147936,DIS
2024-07-12,0.005486529893050207,DIS
2024-07-15,-0.002676768394810014,DIS
2024-07-16,0.016516965301495823,DIS
2024-07-17,-0.011780274679893954,DIS
2024-07-18,-0.005343712425368241,DIS
2024-07-19,-0.01084825954980817,DIS
2024-07-22,-0.01681638443989175,DIS
2024-07-23,-0.033889247902808006,DIS
2024-07-24,-0.01253573080100756,DIS
2024-07-25,-0.006570199857845238,DIS
2024-07-26,0.008070857842082946,DIS
2024-07-29,0.02457465892330779,DIS
2024-07-30,0.017907548695559106,DIS
2024-07-31,-0.0010661954701456366,DIS
2024-08-01,-0.006831031838735346,DIS
2024-08-02,-0.0373992825663626,DIS
2024-08-05,-0.019984380056113582,DIS
2024-08-06,0.024948763634783377,DIS
2024-08-07,-0.04457043549875739,DIS
2024-08-08,0.0,DIS
2024-08-09,0.0029083294865361875,DIS
2024-08-12,-0.0030159162393181838,DIS
2024-08-13,-0.004072117353673188,DIS
2024-08-14,0.008177623716294269,DIS
2024-08-15,0.028852813160112678,DIS
2024-08-16,0.005743914077843915,DIS
2024-08-19,0.01702123842241554,DIS
2024-08-20,-0.011891674022062704,DIS
2024-08-21,0.010920474484758635,DIS
2024-08-22,-0.008818375672323575,DIS
2024-08-23,0.007117431079635805,DIS
2024-08-26,0.01347174529144346,DIS
2024-08-27,-0.009588115767293681,DIS
2024-08-28,-0.015511591181964435,DIS
2024-08-29,0.003575815202402355,DIS
2024-08-30,0.0063467287642708925,DIS
2024-09-03,-0.013830493892305618,DIS
2024-09-04,0.001346378887916222,DIS
2024-09-05,-0.006722671978947825,DIS
2024-09-06,-0.008009013787387165,DIS
2024-09-09,0.004548486301793053,DIS
2024-09-10,0.0006792527787613523,DIS
2024-09-11,-0.0009049980732327434,DIS
2024-09-12,0.011096052539853352,DIS
2024-09-13,0.013997759879980087,DIS
2024-09-16,0.014356657963006558,DIS
2024-09-17,0.01099621287979713,DIS
2024-09-18,0.0077536206759711845,DIS
2024-09-19,-0.0013892378742116351,DIS
2024-09-20,0.0032103056346162173,DIS
2024-09-23,-0.008319986979166694,DIS
2024-09-24,0.007744446716676956,DIS
2024-09-25,0.0024548588061239496,DIS
2024-09-26,0.013628607370651524,DIS
2024-09-27,0.008508458129769192,DIS
2024-09-30,0.0018748078447115013,DIS
2024-10-01,-0.02224762797934232,DIS
2024-10-02,0.0010632479625338753,DIS
2024-10-03,-0.005523146723667383,DIS
2024-10-04,0.01623415910551529,DIS
2024-10-07,-0.02900685330498709,DIS
2024-10-08,0.0012988716027144687,DIS
2024-10-09,0.011782470140747625,DIS
2024-10-10,-0.006517100644186646,DIS
2024-10-11,0.012259376447330883,DIS
2024-10-14,0.008923871154735918,DIS
2024-10-15,-0.007897230602925354,DIS
2024-10-16,0.026852035093594795,DIS
2024-10-17,-0.0021705331728439914,DIS
2024-10-18,0.007665194289950605,DIS
2024-10-21,-0.006784498776693071,DIS
2024-10-22,0.001241928314804852,DIS
2024-10-23,-0.005168492981611483,DIS
2024-10-24,-0.008728141693016944,DIS
2024-10-25,-0.0038784354367296103,DIS
2024-10-28,0.01231188239476455,DIS
2024-10-29,-0.0007276475784284697,DIS
2024-10-30,-0.010922661524636057,DIS
2024-10-31,0.011779502478108883,DIS
2024-11-01,-0.004054047838049968,DIS
2024-11-04,-0.00020871144531842134,DIS
2024-11-05,0.008769144272494422,DIS
2024-11-06,0.023388204496203047,DIS
2024-11-07,0.00040449909772699577,DIS
2024-11-08,0.0009096971354796146,DIS
2024-11-11,0.018582145320785504,DIS
2024-11-12,0.0012888880887496068,DIS
2024-11-13,0.017130442553997094,DIS
2024-11-14,0.0623053100644726,DIS
2024-11-15,0.05461875856357912,DIS
2024-11-18,-0.013382002876469956,DIS
2024-11-19,-0.009864389092398396,DIS
2024-11-20,0.01636723000582152,DIS
2024-11-21,0.0040258977408753616,DIS
2024-11-22,0.008106697134587781,DIS
2024-11-25,0.0030263594423107776,DIS
2024-11-26,-0.004741405618601813,DIS
2024-11-27,0.018622794133487774,DIS
2024-11-29,-0.001105418835924299,DIS
2024-12-02,-0.002638950841681864,DIS
2024-12-03,-0.006060145883187706,DIS
2024-12-04,0.004637191323992429,DIS
2024-12-05,-0.0041883739868097125,DIS
2024-12-06,0.0019742777419191615,DIS
2024-12-09,-0.01816159244080162,DIS
2024-12-10,0.0010470530140733736,DIS
2024-12-11,-0.0010459578407636672,DIS
2024-12-12,0.002530328191108655,DIS
2024-12-13,-0.013577068470594589,DIS
2024-12-16,-0.010852265460395638,DIS
2024-12-17,0.008116992487384067,DIS
2024-12-18,-0.014776130052626124,DIS
2024-12-19,0.00017965220238047586,DIS
2024-12-20,0.0059261562039882865,DIS
2024-12-23,-0.005623469251830326,DIS
2024-12-24,0.010412890635781213,DIS
2024-12-26,-8.879270658068705e-05,DIS
2024-12-27,-0.008884939785742452,DIS
2024-12-30,-0.006723442218571796,DIS
2024-12-31,0.004963857465837496,DIS
2025-01-02,-0.004759755604487492,DIS
2025-01-03,0.0030680740680513185,DIS
2025-01-06,-0.0009895700497269955,DIS
2025-01-07,0.0030616508649006224,DIS
2025-01-08,-0.014633245913900694,DIS
2025-01-10,-0.010112979124889843,DIS
2025-01-13,-0.0052462005229558795,DIS
2025-01-14,0.0003701046895787652,DIS
2025-01-15,0.0005549163620941489,DIS
2025-01-16,-0.015899438120271836,DIS
2025-01-17,0.005260168733886683,DIS
2025-01-21,0.015698003717743658,DIS
2025-01-22,0.0010119651650399852,DIS
2025-01-23,0.02049447116045333,DIS
2025-01-24,0.010086479983317576,DIS
2025-01-27,0.010520619091062722,DIS
2025-01-28,-0.01058758590978548,DIS
2025-01-29,0.0093633231449326,DIS
2025-01-30,0.002120309732246639,DIS
2025-01-31,-0.00326194785847278,DIS
2025-02-03,0.008314191240974322,DIS
2025-02-04,-0.006140324107387629,DIS
2025-02-05,-0.02436012411199706,DIS
2025-02-06,0.014022031929850964,DIS
2025-02-07,-0.010973287248857488,DIS
2025-02-10,-0.014252226432940773,DIS
2025-02-11,-0.0023792289452305715,DIS
2025-02-12,0.0019263137069684966,DIS
2025-02-13,0.003295733497147957,DIS
2025-02-14,0.007208695518992281,DIS
2025-02-18,-0.007428879463926896,DIS
2025-02-19,0.01633808831156669,DIS
2025-02-20,-0.0071845121987065275,DIS
2025-02-21,-0.017096330506328195,DIS
2025-02-24,0.023375604643187886,DIS
2025-02-25,-0.006025163555149704,DIS
2025-02-26,0.011761540451598274,DIS
2025-02-27,-0.0046499531784549575,DIS
2025-02-28,0.022370007616371756,DIS
2025-03-03,-0.00887523821744629,DIS
2025-03-04,-0.03351359826770328,DIS
2025-03-05,0.002751999050402576,DIS
2025-03-06,-0.0354953557778479,DIS
2025-03-07,0.0007588146715651334,DIS
2025-03-10,-0.023030994749087985,DIS
2025-03-11,-0.050252233344598274,DIS
2025-03-12,0.008784480050536336,DIS
2025-03-13,-0.0191372959575411,DIS
2025-03-14,0.0182718756362259,DIS
2025-03-17,0.007299282493494097,DIS
2025-03-18,-0.00010066562166899384,DIS
2025-03-19,0.009461524467472504,DIS
2025-03-20,-0.01425865282801475,DIS
2025-03-21,0.006069173279554585,DIS
2025-03-24,0.007239103431839089,DIS
2025-03-25,0.014274309251543382,DIS
2025-03-26,-0.008168505324958497,DIS
2025-03-27,-0.003274477426591149,DIS
2025-03-28,-0.023693353167987485,DIS
2025-03-31,0.006423954883026495,DIS
2025-04-01,-0.010334312812606106,DIS
2025-04-02,0.002047470798703488,DIS
2025-04-03,-0.09235800131994454,DIS
2025-04-04,-0.059770348688420794,DIS
2025-04-07,-0.0027534506273220183,DIS
2025-04-08,-0.018967608321370233,DIS
2025-04-09,0.11894274443844033,DIS
2025-04-10,-0.0679133740011868,DIS
2025-04-11,-0.003989252069617533,DIS
2025-04-14,-0.002709338310669218,DIS
2025-04-15,0.004134165591558325,DIS
2025-04-16,-0.026349905150859776,DIS
2025-04-17,0.024646623151678426,DIS
2025-04-21,-0.009550732011684548,DIS
2025-04-22,0.02488090878441218,DIS
2025-04-23,0.013938954915584834,DIS
2025-04-24,0.031160513142110435,DIS
2025-04-25,0.002999629337390397,DIS
2025-04-28,-0.0013291439832741059,DIS
2025-04-29,0.011202245627906837,DIS
2025-04-30,-0.002413087914024614,DIS
2025-05-01,-0.0015393006525125097,DIS
2025-05-02,0.018500169038015768,DIS
2025-05-05,-0.004108522674826642,DIS
2025-05-06,0.0006513685614610853,DIS
2025-05-07,0.1076271928611976,DIS
2025-05-08,0.029679758226877517,DIS
2025-05-09,0.007800605721073106,DIS
2025-05-12,0.042948794765979015,DIS
2025-05-13,0.00805502223600163,DIS
2025-05-14,0.014006152149913076,DIS
2025-05-15,-0.006375077077554248,DIS
2025-05-16,0.01069325374433161,DIS
2025-05-19,-0.006700709919813974,DIS
2025-05-20,-0.0026629064619737575,DIS
2025-05-21,-0.016909945848681884,DIS
2025-05-22,0.0060655275619996285,DIS
2025-05-23,-0.012687807680760832,DIS
2025-05-27,0.02406124097955531,DIS
2025-05-28,-0.007476005364205784,DIS
2025-05-29,0.004483500852320743,DIS
2025-05-30,0.009105555285017664,DIS
2025-06-02,-0.000796213433795101,DIS
2025-06-03,0.005754772407623454,DIS
2025-06-04,-0.000968315244974427,DIS
2025-06-05,-0.00845888714902443,DIS
2025-06-06,0.012174555775735785,DIS
2025-06-09,0.015452169557965911,DIS
2025-06-10,0.026543313138679858,DIS
2025-06-11,0.006653695475421495,DIS
2025-06-12,-0.00761375550764487,DIS
2025-06-13,-0.005648749392948238,DIS
2025-06-16,0.0130574943500823,DIS
2025-06-17,-0.011299012935935604,DIS
2025-06-18,-0.0022855891758567504,DIS
2025-06-20,-0.0019514963154801945,DIS
2025-06-23,0.001020171294601857,DIS
2025-06-24,0.007643325060542772,DIS
2025-06-25,0.006489647140025312,DIS
2025-06-26,0.01708257366275734,DIS
2025-06-27,0.007245161041092629,DIS
2025-06-30,0.013650530066450672,DIS
2025-07-01,-0.004193244605299573,DIS
2025-07-02,-0.004129844648621206,DIS
2025-07-03,0.008294004026865975,DIS
2025-07-07,-0.006774164015246997,DIS
2025-07-08,-0.010880187783701811,DIS
2025-07-09,-0.009932680081299217,DIS
2025-07-10,0.007876601802791594,DIS
2025-07-11,-0.013902557140124339,DIS
2025-07-14,0.0008342243416186168,DIS
2025-07-15,-0.008252045125416663,DIS
2025-07-16,0.007059979107335135,DIS
2025-07-17,0.019946581503385463,DIS
2025-07-18,-0.006464290331769762,DIS
2025-07-21,-0.004776822927040958,DIS
2025-07-22,0.001820599365858655,DIS
2025-07-23,0.015529530156338955,DIS
2025-07-24,-0.008052753160110782,DIS
2025-07-25,-0.003936004424360706,DIS
2025-07-28,-0.009055721273291684,DIS
2025-07-29,-0.0038215425270123893,DIS
2025-07-30,-0.003085670380134853,DIS
2025-07-31,-0.003597124827526499,DIS
2025-08-01,-0.02115694953864289,DIS
2025-08-04,0.02367271826848394,DIS
2025-08-05,-0.00863006948022882,DIS
2025-08-06,-0.026622731017609147,DIS
2025-08-07,-0.01988365852162377,DIS
2025-08-08,-0.003986507434368014,DIS
2025-08-11,0.0010673552099644823,DIS
2025-08-12,0.010395363280508052,DIS
2025-08-13,0.025677085276127443,DIS
2025-08-14,-0.0028292338201433287,DIS
2025-08-15,-0.0079098803908223,DIS
2025-08-18,0.010052895989645316,DIS
2025-08-19,-0.0024024573261234305,DIS
2025-08-20,0.006622553493527139,DIS
2025-08-21,-0.007091608207126843,DIS
2025-08-22,0.022803558615920982,DIS
2025-08-25,-0.009675260979081224,DIS
2025-08-26,-0.000509706559004286,DIS
2025-08-27,0.003739862357034829,DIS
2025-08-28,-0.0038106271673903347,DIS
2025-08-29,0.006290359296233117,DIS
2025-09-02,-0.0009292161928006193,DIS
2025-09-03,-0.007525149360868011,DIS
2025-09-04,0.012182657510959594,DIS
2025-09-05,-0.007575068722987965,DIS
2025-09-08,0.0078873093622005,DIS
2025-09-09,-0.012369518988616046,DIS
2025-09-10,-0.013461717594623668,DIS
2025-09-11,0.011140866269345961,DIS
2025-09-12,-0.009566131953074097,DIS
2025-09-15,-0.0029320139752928576,DIS
2025-09-16,-0.003373113478497669,DIS
2025-09-17,0.007550074562547859,DIS
2025-09-18,-0.010680429630202992,DIS
2025-09-19,-0.009576862861534363,DIS
2025-09-22,-0.010548563248088616,DIS
2025-09-23,-0.002754065079224821,DIS
2025-09-24,0.010512252161922309,DIS
2025-09-25,-0.003879065857554931,DIS
2025-09-26,0.004248193344620788,DIS
2024-04-15,,GBTC
2024-04-16,-0.0088684012040946,GBTC
2024-04-17,-0.028095914161781144,GBTC
2024-04-18,0.04179708111129199,GBTC
2024-04-19,0.012902069198791333,GBTC
2024-04-22,0.034025529831654744,GBTC
2024-04-23,-0.000843790090451102,GBTC
2024-04-24,-0.03901365568168935,GBTC
2024-04-25,0.012302281188361519,GBTC
2024-04-26,-0.014930557617503726,GBTC
2024-04-29,-0.011984495800946071,GBTC
2024-04-30,-0.06332496995178727,GBTC
2024-05-01,-0.03561227831341274,GBTC
2024-05-02,0.04383887550247678,GBTC
2024-05-03,0.04653800574776823,GBTC
2024-05-06,0.016630488814738387,GBTC
2024-05-07,-0.002311540726554373,GBTC
2024-05-08,-0.014435878454798323,GBTC
2024-05-09,0.004882416367324005,GBTC
2024-05-10,-0.02843259788117858,GBTC
2024-05-13,0.040748309131285465,GBTC
2024-05-14,-0.025093421318931775,GBTC
2024-05-15,0.07374951444320899,GBTC
2024-05-16,-0.013600843023247489,GBTC
2024-05-17,0.029472604876854325,GBTC
2024-05-20,0.04470119606976852,GBTC
2024-05-21,-0.012820537981431679,GBTC
2024-05-22,0.005681816623793523,GBTC
2024-05-23,-0.03631961242574877,GBTC
2024-05-24,0.030653296367306293,GBTC
2024-05-28,-0.012189221353047786,GBTC
2024-05-29,-0.017604462707882407,GBTC
2024-05-30,0.0222743482115888,GBTC
2024-05-31,-0.015563599885849655,GBTC
2024-06-03,0.023631276055174677,GBTC
2024-06-04,0.018045817072778858,GBTC
2024-06-05,0.011657602534747014,GBTC
2024-06-06,-0.0113654195013001,GBTC
2024-06-07,-0.0183617638178466,GBTC
2024-06-10,0.004066332298908737,GBTC
2024-06-11,-0.029969241390472745,GBTC
2024-06-12,0.0011690466737142025,GBTC
2024-06-13,-0.013511281331386682,GBTC
2024-06-14,-0.016232700264639854,GBTC
2024-06-17,0.01770368198261485,GBTC
2024-06-18,-0.03428469746321128,GBTC
2024-06-20,0.009618734239475346,GBTC
2024-06-21,-0.01195219181791729,GBTC
2024-06-24,-0.07766482407201625,GBTC
2024-06-25,0.04580878755071294,GBTC
2024-06-26,-0.016175924975059597,GBTC
2024-06-27,0.0072048572442968695,GBTC
2024-06-28,-0.023477592260839564,GBTC
2024-07-01,0.05353114088870625,GBTC
2024-07-02,-0.02139419305314172,GBTC
2024-07-03,-0.022408445309140768,GBTC
2024-07-05,-0.06541183055195254,GBTC
2024-07-08,-0.0011963815520793508,GBTC
2024-07-09,0.02515469664215675,GBTC
2024-07-10,-0.008373946759932194,GBTC
2024-07-11,-0.0003927634006875014,GBTC
2024-07-12,0.00471517862076265,GBTC
2024-07-15,0.10070388319050116,GBTC
2024-07-16,0.02771362534628241,GBTC
2024-07-17,-0.008988763880905859,GBTC
2024-07-18,-0.01622184615214628,GBTC
2024-07-19,0.05815603144870041,GBTC
2024-07-22,0.014745302145703354,GBTC
2024-07-23,-0.040620856709851605,GBTC
2024-07-24,0.00223753955397199,GBTC
2024-07-25,-0.014940749648946317,GBTC
2024-07-26,0.051778228662213044,GBTC
2024-07-29,-0.010774092704206706,GBTC
2024-07-30,-0.024326433502641964,GBTC
2024-07-31,-0.010076022712389054,GBTC
2024-08-01,-0.029575589102229682,GBTC
2024-08-02,-0.013061544891279975,GBTC
2024-08-05,-0.14537798586886785,GBTC
2024-08-06,0.063350559141369,GBTC
2024-08-07,-0.03640780090445028,GBTC
2024-08-08,0.08610035021490536,GBTC
2024-08-09,0.020662018467863863,GBTC
2024-08-12,-0.02706055313819722,GBTC
2024-08-13,0.029724024866967458,GBTC
2024-08-14,-0.03113398601099393,GBTC
2024-08-15,-0.0317089088155873,GBTC
2024-08-16,0.04681321028824681,GBTC
2024-08-19,-0.012807066904726883,GBTC
2024-08-20,0.009995772354900456,GBTC
2024-08-21,0.0343229563236056,GBTC
2024-08-22,-0.021579755326616712,GBTC
2024-08-23,0.05680398385825902,GBTC
2024-08-26,-0.0057098033136416815,GBTC
2024-08-27,-0.01960399363300591,GBTC
2024-08-28,-0.051908700907922656,GBTC
2024-08-29,0.005752033780632493,GBTC
2024-08-30,-0.009743679165288288,GBTC
2024-09-03,-0.011764689562792419,GBTC
2024-09-04,0.0010822345505383524,GBTC
2024-09-05,-0.03437838167757601,GBTC
2024-09-06,-0.04612631841310644,GBTC
2024-09-09,0.06830985801982825,GBTC
2024-09-10,0.014941778296090114,GBTC
2024-09-11,-0.006278352661876707,GBTC
2024-09-12,0.013725429901408015,GBTC
2024-09-13,0.023855590790289316,GBTC
2024-09-16,-0.03148614649911041,GBTC
2024-09-17,0.03532728846288036,GBTC
2024-09-18,0.0004186823858491895,GBTC
2024-09-19,0.05419544053087422,GBTC
2024-09-20,-0.006947246554146469,GBTC
2024-09-23,0.007595464269179342,GBTC
2024-09-24,0.016266607762473795,GBTC
2024-09-25,-0.018153431846296364,GBTC
2024-09-26,0.024652121218188272,GBTC
2024-09-27,0.014939861158048462,GBTC
2024-09-30,-0.03460143998801701,GBTC
2024-10-01,-0.02732675382406402,GBTC
2024-10-02,-0.024429983490095508,GBTC
2024-10-03,0.013773031872465591,GBTC
2024-10-04,0.022643030725822744,GBTC
2024-10-07,0.015297872722718653,GBTC
2024-10-08,-0.01823945666124893,GBTC
2024-10-09,-0.02019386087956354,GBTC
2024-10-10,-0.021228334080365063,GBTC
2024-10-11,0.05853861194023491,GBTC
2024-10-14,0.04396258333694414,GBTC
2024-10-15,0.015624994321203678,GBTC
2024-10-16,0.010881835635213388,GBTC
2024-10-17,-0.01336305134428073,GBTC
2024-10-18,0.027088010361969284,GBTC
2024-10-21,-0.013003646599169305,GBTC
2024-10-22,-0.004639079659147671,GBTC
2024-10-23,-0.01510062579810667,GBTC
2024-10-24,0.028203630742516417,GBTC
2024-10-25,-0.02264358521993004,GBTC
2024-10-28,0.043134317365710384,GBTC
2024-10-29,0.04135061496321524,GBTC
2024-10-30,-0.010230559331079192,GBTC
2024-10-31,-0.025753349221221744,GBTC
2024-11-01,-0.010789467402139707,GBTC
2024-11-04,-0.02763127957543343,GBTC
2024-11-05,0.03140767316810211,GBTC
2024-11-06,0.09842306480684782,GBTC
2024-11-07,0.004620504967730588,GBTC
2024-11-08,0.002792348323961358,GBTC
2024-11-11,0.1338247679892346,GBTC
2024-11-12,0.029037880681650252,GBTC
2024-11-13,0.001123040823953092,GBTC
2024-11-14,-0.0253821009754841,GBTC
2024-11-15,0.04762586415242809,GBTC
2024-11-18,-0.0005493876784593565,GBTC
2024-11-19,0.011131032367107663,GBTC
2024-11-20,0.019162761587751875,GBTC
2024-11-21,0.040805511070252765,GBTC
2024-11-22,0.010506081521616917,GBTC
2024-11-25,-0.04374292452761741,GBTC
2024-11-26,-0.04309201907854476,GBTC
2024-11-27,0.06443122687898017,GBTC
2024-11-29,0.0035146660262821428,GBTC
2024-12-02,-0.013750131131771148,GBTC
2024-12-03,-0.00105224033064788,GBTC
2024-12-04,0.036076439805933,GBTC
2024-12-05,0.0,GBTC
2024-12-06,0.025543200463522764,GBTC
2024-12-09,-0.054151118741556425,GBTC
2024-12-10,0.003013175973035187,GBTC
2024-12-11,0.05159358285785798,GBTC
2024-12-12,-0.013662879703565167,GBTC
2024-12-13,0.017126217330801552,GBTC
2024-12-16,0.040237713694135646,GBTC
2024-12-17,0.008212359783082546,GBTC
2024-12-18,-0.05784442897930664,GBTC
2024-12-19,-0.04372883060430233,GBTC
2024-12-20,0.0019654288060626524,GBTC
2024-12-23,-0.03609261268696351,GBTC
2024-12-24,0.06430603612323238,GBTC
2024-12-26,-0.0342892914806161,GBTC
2024-12-27,-0.011615692423425306,GBTC
2024-12-30,-0.0030715242518063457,GBTC
2024-12-31,-0.008439449027929258,GBTC
2025-01-02,0.04309649535366544,GBTC
2025-01-03,0.010490837562471267,GBTC
2025-01-06,0.038708080010271706,GBTC
2025-01-07,-0.05663874525457602,GBTC
2025-01-08,-0.025768393328286288,GBTC
2025-01-10,0.008055833070330198,GBTC
2025-01-13,-0.012253571477202407,GBTC
2025-01-14,0.031148832854952957,GBTC
2025-01-15,0.032692558651655546,GBTC
2025-01-16,0.007471145102831089,GBTC
2025-01-17,0.043866334844891997,GBTC
2025-01-21,0.012883800788753508,GBTC
2025-01-22,-0.01688071507341382,GBTC
2025-01-23,-0.009673463747090105,GBTC
2025-01-24,0.015506674229610384,GBTC
2025-01-27,-0.03510879203115824,GBTC
2025-01-28,-0.0009969075520833703,GBTC
2025-01-29,0.03006116648563073,GBTC
2025-01-30,0.007265663124452315,GBTC
2025-01-31,-0.033301233865156044,GBTC
2025-02-03,-0.002984771573604106,GBTC
2025-02-04,-0.024697465046294997,GBTC
2025-02-05,-0.014196196133685612,GBTC
2025-02-06,-0.003892099696823581,GBTC
2025-02-07,-0.012112533471758113,GBTC
2025-02-10,0.016348027537437693,GBTC
2025-02-11,-0.021922362074118684,GBTC
2025-02-12,0.018567659118659208,GBTC
2025-02-13,-0.007552106875097442,GBTC
2025-02-14,0.010364745511349582,GBTC
2025-02-18,-0.032852859487282116,GBTC
2025-02-19,0.021482255666039007,GBTC
2025-02-20,0.025368037049494196,GBTC
2025-02-21,-0.03781572230295627,GBTC
2025-02-24,-0.009592342714121127,GBTC
2025-02-25,-0.06349198041193393,GBTC
2025-02-26,-0.04179838476453146,GBTC
2025-02-27,-0.011392626992365873,GBTC
2025-02-28,0.010007637492801535,GBTC
2025-03-03,0.021318092717816928,GBTC
2025-03-04,0.010436558830113185,GBTC
2025-03-05,0.04102414580246205,GBTC
2025-03-06,-0.015651134088852436,GBTC
2025-03-07,-0.023424211650921234,GBTC
2025-03-10,-0.09245530637747057,GBTC
2025-03-11,0.05237861007659328,GBTC
2025-03-12,-0.0019786493067933675,GBTC
2025-03-13,-0.03339939967823202,GBTC
2025-03-14,0.05632685105653801,GBTC
2025-03-17,-0.002091103749514267,GBTC
2025-03-18,-0.025894264193346506,GBTC
2025-03-19,0.03856783091911686,GBTC
2025-03-20,-0.016126592646071525,GBTC
2025-03-21,-0.0027067715064027498,GBTC
2025-03-24,0.052020460858226425,GBTC
2025-03-25,-0.0007165748139426054,GBTC
2025-03-26,-0.018789408141960173,GBTC
2025-03-27,0.005700911690850408,GBTC
2025-03-28,-0.03808143358091165,GBTC
2025-03-31,-0.015261440489166667,GBTC
2025-04-01,0.030535607627381056,GBTC
2025-04-02,0.02293021444550125,GBTC
2025-04-03,-0.05735072761327875,GBTC
2025-04-04,0.02408890529855312,GBTC
2025-04-07,-0.07132086194212495,GBTC
2025-04-08,-0.0159116665011918,GBTC
2025-04-09,0.07309025343284992,GBTC
2025-04-10,-0.03413285961644463,GBTC
2025-04-11,0.05491876735119483,GBTC
2025-04-14,0.012826409334133482,GBTC
2025-04-15,-0.011025111187167647,GBTC
2025-04-16,0.003615629754364136,GBTC
2025-04-17,0.007054841968356262,GBTC
2025-04-21,0.02936356130922202,GBTC
2025-04-22,0.04677097409673525,GBTC
2025-04-23,0.021441352922024315,GBTC
2025-04-24,0.0010834484699673297,GBTC
2025-04-25,0.019209932415039876,GBTC
2025-04-28,-0.007034759822921899,GBTC
2025-04-29,0.0058815994621792544,GBTC
2025-04-30,-0.013023300424366724,GBTC
2025-05-01,0.026255616881312616,GBTC
2025-05-02,0.004329596244680323,GBTC
2025-05-05,-0.027825013689056766,GBTC
2025-05-06,0.006853025379988331,GBTC
2025-05-07,0.01294543195986253,GBTC
2025-05-08,0.053754963755350715,GBTC
2025-05-09,0.01862962992286943,GBTC
2025-05-12,-0.01399287311362829,GBTC
2025-05-13,0.029876776685832107,GBTC
2025-05-14,-0.014625972014611022,GBTC
2025-05-15,-0.0017173625541402338,GBTC
2025-05-16,0.009216023904061954,GBTC
2025-05-19,0.013515166777938292,GBTC
2025-05-20,0.01501681922248177,GBTC
2025-05-21,0.014676358439059678,GBTC
2025-05-22,0.023212385230923838,GBTC
2025-05-23,-0.022343810501567418,GBTC
2025-05-27,0.010610960938052472,GBTC
2025-05-28,-0.027229729551294435,GBTC
2025-05-29,-0.012453984732161305,GBTC
2025-05-30,-0.009488360500336523,GBTC
2025-06-02,-0.0014551078550476548,GBTC
2025-06-03,0.017607827619965155,GBTC
2025-06-04,-0.012887849543246954,GBTC
2025-06-05,-0.029859782208089936,GBTC
2025-06-06,0.024672939027209795,GBTC
2025-06-09,0.04183381577986589,GBTC
2025-06-10,0.007937438072950442,GBTC
2025-06-11,-0.006716871352678844,GBTC
2025-06-12,-0.018421292567322056,GBTC
2025-06-13,-0.016153944303518464,GBTC
2025-06-16,0.034045631202279436,GBTC
2025-06-17,-0.03677760034746924,GBTC
2025-06-18,-0.008969671075994334,GBTC
2025-06-20,-0.0052592990941867646,GBTC
2025-06-23,-0.00036885255897556313,GBTC
2025-06-24,0.023862173913777873,GBTC
2025-06-25,0.019822219704754174,GBTC
2025-06-26,-0.0016491858953353589,GBTC
2025-06-27,-0.006961608706674061,GBTC
2025-06-30,0.007961004512728742,GBTC
2025-07-01,-0.022044120078015372,GBTC
2025-07-02,0.04182740186833711,GBTC
2025-07-03,-0.004165227456675136,GBTC
2025-07-07,-0.011966989461472233,GBTC
2025-07-08,0.007055485273537165,GBTC
2025-07-09,0.028491387888790465,GBTC
2025-07-10,0.013851058076079559,GBTC
2025-07-11,0.04188127363894778,GBTC
2025-07-14,0.01440236806432571,GBTC
2025-07-15,-0.02913752998546959,GBTC
2025-07-16,0.02477359315184602,GBTC
2025-07-17,-0.0025558877515394762,GBTC
2025-07-18,-0.013880023499120764,GBTC
2025-07-21,-0.005630189140586217,GBTC
2025-07-22,0.022430370972678082,GBTC
2025-07-23,-0.007880701296533954,GBTC
2025-07-24,0.0055817585082158505,GBTC
2025-07-25,-0.01932106695876845,GBTC
2025-07-28,0.01099373545924398,GBTC
2025-07-29,-0.005383290426202114,GBTC
2025-07-30,-0.005412427093155148,GBTC
2025-07-31,-0.0010883595680274416,GBTC
2025-08-01,-0.031488335455288174,GBTC
2025-08-04,0.015074856299765127,GBTC
2025-08-05,-0.009420437458626196,GBTC
2025-08-06,0.014544675449831734,GBTC
2025-08-07,0.019408933946927,GBTC
2025-08-08,-0.009303338247926618,GBTC
2025-08-11,0.021947963164970608,GBTC
2025-08-12,0.005021917289175448,GBTC
2025-08-13,0.02700405040883691,GBTC
2025-08-14,-0.039855057297464636,GBTC
2025-08-15,-0.009164404033650597,GBTC
2025-08-18,-0.005549533490343372,GBTC
2025-08-19,-0.02801179095842865,GBTC
2025-08-20,0.010807149214051348,GBTC
2025-08-21,-0.018821722064533364,GBTC
2025-08-22,0.041203234343741624,GBTC
2025-08-25,-0.05134641383953653,GBTC
2025-08-26,0.0033325778753687807,GBTC
2025-08-27,0.008704640447623868,GBTC
2025-08-28,-0.0013625837061185253,GBTC
2025-08-29,-0.0336554768298013,GBTC
2025-09-02,0.023885149197800493,GBTC
2025-09-03,0.01310051784670807,GBTC
2025-09-04,-0.02189201707128885,GBTC
2025-09-05,0.016583558500590012,GBTC
2025-09-08,0.004334898899647444,GBTC
2025-09-09,-0.007042284644873109,GBTC
2025-09-10,0.020590289286888108,GBTC
2025-09-11,0.007845740177817362,GBTC
2025-09-12,0.020351444265116703,GBTC
2025-09-15,-0.013732993310413777,GBTC
2025-09-16,0.013703232649324049,GBTC
2025-09-17,-0.010247491627669247,GBTC
2025-09-18,0.01597088813327896,GBTC
2025-09-19,-0.020598455874695998,GBTC
2025-09-22,-0.02612345668169125,GBTC
2025-09-23,-0.004546505008144908,GBTC
2025-09-24,0.01632793189402193,GBTC
2025-09-25,-0.03651275049994773,GBTC
2025-09-26,-0.001282656338753685,GBTC
2024-04-15,,GE
2024-04-16,0.01990889797886064,GE
2024-04-17,-0.006953281296798508,GE
2024-04-18,-0.017537070467337323,GE
2024-04-19,-0.031907969170342554,GE
2024-04-22,0.014386092921348181,GE
2024-04-23,0.08276178489730412,GE
2024-04-24,-0.021092072185277866,GE
2024-04-25,0.013003279312038485,GE
2024-04-26,0.006759342886083708,GE
2024-04-29,0.01318139395870399,GE
2024-04-30,-0.016231978112836054,GE
2024-05-01,-0.01310103992103373,GE
2024-05-02,0.018409533485207907,GE
2024-05-03,0.009038374484872769,GE
2024-05-06,0.02352081284501617,GE
2024-05-07,0.004822275124767517,GE
2024-05-08,0.0004740006614130099,GE
2024-05-09,-0.008054012823852763,GE
2024-05-10,-0.024596985774253732,GE
2024-05-13,-0.023748345983925723,GE
2024-05-14,0.0031347962382444194,GE
2024-05-15,0.02168750762939453,GE
2024-05-16,-0.01437576366285609,GE
2024-05-17,-0.007634035283109686,GE
2024-05-20,-0.003815126728876961,GE
2024-05-21,0.010798601418163134,GE
2024-05-22,-0.001180139387616408,GE
2024-05-23,0.027672389875018633,GE
2024-05-24,0.012525761787636647,GE
2024-05-28,0.007350718425144898,GE
2024-05-29,-0.02942567351043035,GE
2024-05-30,0.0036674255644399967,GE
2024-05-31,0.005724740918859661,GE
2024-06-03,-0.02228407829346235,GE
2024-06-04,-0.0004954900763535219,GE
2024-06-05,0.007249957451636702,GE
2024-06-06,-0.011873318353342488,GE
2024-06-07,0.008093656401927607,GE
2024-06-10,0.005681806937679168,GE
2024-06-11,-0.01522964740427224,GE
2024-06-12,0.004302833866176137,GE
2024-06-13,-0.03328159272762621,GE
2024-06-14,0.0012203894818343386,GE
2024-06-17,0.047151594909508265,GE
2024-06-18,0.010659839114793845,GE
2024-06-20,0.00018184384478936444,GE
2024-06-21,-0.004606027314157157,GE
2024-06-24,-0.022528081364349806,GE
2024-06-25,-0.005045456537113968,GE
2024-06-26,0.005697136958931814,GE
2024-06-27,-0.000871510148035104,GE
2024-06-28,-0.009532702674746929,GE
2024-07-01,0.0,GE
2024-07-02,0.015600400757977084,GE
2024-07-03,0.009600514593101739,GE
2024-07-05,-0.015337423312883458,GE
2024-07-08,0.018878497067270184,GE
2024-07-09,-0.002445997061519045,GE
2024-07-10,0.01575425727030355,GE
2024-07-11,-0.02281230445935123,GE
2024-07-12,-0.01797186076467905,GE
2024-07-15,0.0034589212675821823,GE
2024-07-16,0.0206192566762462,GE
2024-07-17,-0.03801045262148517,GE
2024-07-18,0.01359625669751341,GE
2024-07-19,0.002141265892410482,GE
2024-07-22,0.022811471832082653,GE
2024-07-23,0.05677074099910939,GE
2024-07-24,-0.05639533109443129,GE
2024-07-25,0.014602557440690278,GE
2024-07-26,0.031213939678161662,GE
2024-07-29,0.0003533217093008023,GE
2024-07-30,-0.014069579433375834,GE
2024-07-31,0.016240752866557795,GE
2024-08-01,-0.002643930413107065,GE
2024-08-02,-0.05578793060797127,GE
2024-08-05,-0.01197902535293327,GE
2024-08-06,0.024690601458950745,GE
2024-08-07,-0.0008627558141514058,GE
2024-08-08,0.0214642300791541,GE
2024-08-09,0.009178215487343655,GE
2024-08-12,-0.0015557336087396179,GE
2024-08-13,0.006532100608705571,GE
2024-08-14,-5.959612541606152e-05,GE
2024-08-15,0.011848797435687564,GE
2024-08-16,-0.003059928592387906,GE
2024-08-19,0.008912728858196495,GE
2024-08-20,-0.005499252459456594,GE
2024-08-21,0.007118015271355471,GE
2024-08-22,-0.008878529787126554,GE
2024-08-23,0.009075958341561607,GE
2024-08-26,0.0,GE
2024-08-27,-0.0013432760536112864,GE
2024-08-28,0.0051464389482027695,GE
2024-08-29,0.009949419691908545,GE
2024-08-30,0.005991434930073591,GE
2024-09-03,-0.05961509961292899,GE
2024-09-04,0.013092952978381422,GE
2024-09-05,-0.015087728406029788,GE
2024-09-06,-0.015990297701431344,GE
2024-09-09,0.025553622062602477,GE
2024-09-10,0.009857814114642371,GE
2024-09-11,-0.003772844892458771,GE
2024-09-12,0.0201382069240319,GE
2024-09-13,0.05055982313111973,GE
2024-09-16,0.01772494774369693,GE
2024-09-17,-0.006117728149336976,GE
2024-09-18,0.0178561591970694,GE
2024-09-19,0.014219561792192303,GE
2024-09-20,0.0068220293762830675,GE
2024-09-23,0.006615832799551136,GE
2024-09-24,0.005247286281720109,GE
2024-09-25,-0.0017399653310278262,GE
2024-09-26,-0.025035680807702798,GE
2024-09-27,0.004279801509263548,GE
2024-09-30,0.017261823626906647,GE
2024-10-01,-0.012090352938587179,GE
2024-10-02,0.0007514728253092962,GE
2024-10-03,-0.013677338652466564,GE
2024-10-04,0.017347340540509126,GE
2024-10-07,-0.0059867174803586165,GE
2024-10-08,0.008119995979346983,GE
2024-10-09,0.009654865028047244,GE
2024-10-10,-0.006128506284818536,GE
2024-10-11,0.016159943779650465,GE
2024-10-14,0.007689899521562404,GE
2024-10-15,-0.010694063782259455,GE
2024-10-16,0.008448262001813367,GE
2024-10-17,0.002289533032445057,GE
2024-10-18,-5.1887172096809486e-05,GE
2024-10-21,0.008410752879154604,GE
2024-10-22,-0.09045972533550595,GE
2024-10-23,0.02847276505732199,GE
2024-10-24,-0.010732549518628787,GE
2024-10-25,-0.003560695282568971,GE
2024-10-28,-0.02088221868067619,GE
2024-10-29,-0.007470332767074761,GE
2024-10-30,0.003389809408478772,GE
2024-10-31,-0.016376549589710354,GE
2024-11-01,-0.0004657226197647413,GE
2024-11-04,0.0003494324965644946,GE
2024-11-05,0.02037727126185196,GE
2024-11-06,0.031381947805467325,GE
2024-11-07,-0.010566433178598511,GE
2024-11-08,0.033323965623062834,GE
2024-11-11,-0.0013527406704322287,GE
2024-11-12,-0.010403111152706646,GE
2024-11-13,0.005037221704006667,GE
2024-11-14,-0.028110719823158936,GE
2024-11-15,-0.008239917438316091,GE
2024-11-18,0.0033347178042384407,GE
2024-11-19,0.0002252888979847878,GE
2024-11-20,0.0023653873322830865,GE
2024-11-21,0.004045405315130646,GE
2024-11-22,0.013710111863917795,GE
2024-11-25,-0.005188999250832604,GE
2024-11-26,0.02436046404803016,GE
2024-11-27,-0.021668471656262955,GE
2024-11-29,0.008637859943922743,GE
2024-12-02,-0.009442255084126883,GE
2024-12-03,0.0015517555725361731,GE
2024-12-04,0.010679463605272277,GE
2024-12-05,-0.053325981712844084,GE
2024-12-06,0.015441548275962447,GE
2024-12-09,-0.024262412930915467,GE
2024-12-10,-0.0002918693066781275,GE
2024-12-11,-0.015355898973579807,GE
2024-12-12,-0.02259249034857158,GE
2024-12-13,0.007158846464072166,GE
2024-12-16,-0.0013252287692477882,GE
2024-12-17,6.037617486187585e-05,GE
2024-12-18,-0.03528351022822007,GE
2024-12-19,0.030322014354805082,GE
2024-12-20,0.021662572811412373,GE
2024-12-23,0.003860599715650226,GE
2024-12-24,0.014613662041573994,GE
2024-12-26,0.0038485531644969484,GE
2024-12-27,-0.012024351663203592,GE
2024-12-30,-0.011641555187104524,GE
2024-12-31,-0.007793056334430504,GE
2025-01-02,0.010792032641130156,GE
2025-01-03,0.01998938518998683,GE
2025-01-06,0.0028494429823460177,GE
2025-01-07,-0.0008118259908723724,GE
2025-01-08,0.003366037022068058,GE
2025-01-10,-0.006940811802177871,GE
2025-01-13,-0.0006989056758179846,GE
2025-01-14,0.030832855745795973,GE
2025-01-15,0.019393829378854477,GE
2025-01-16,-0.0030505730403788123,GE
2025-01-17,0.0173027735356881,GE
2025-01-21,0.025430646657194522,GE
2025-01-22,0.004586669921875064,GE
2025-01-23,0.06604375876564217,GE
2025-01-24,-0.02016933760062689,GE
2025-01-27,-0.011639101835490773,GE
2025-01-28,-0.0001543455571824115,GE
2025-01-29,0.02401899708715094,GE
2025-01-30,0.03249623818363556,GE
2025-01-31,-0.009729045720398566,GE
2025-02-03,0.0026526171179666047,GE
2025-02-04,-0.00945572450540888,GE
2025-02-05,0.011870656060029239,GE
2025-02-06,0.007234312808156451,GE
2025-02-07,-0.0037852993717282235,GE
2025-02-10,-0.0002922718187379214,GE
2025-02-11,0.017542179524909107,GE
2025-02-12,0.00392678879738062,GE
2025-02-13,-0.006105699213048599,GE
2025-02-14,-0.00043192713393647164,GE
2025-02-18,0.008690630054560833,GE
2025-02-19,0.001999229651963974,GE
2025-02-20,-0.008361019034850092,GE
2025-02-21,-0.04268469592620172,GE
2025-02-24,-0.005604739563253358,GE
2025-02-25,0.002818164861722927,GE
2025-02-26,0.011742842814873145,GE
2025-02-27,-0.0008928522098375913,GE
2025-02-28,0.027553012230363327,GE
2025-03-03,-0.024253498489197,GE
2025-03-04,-0.015795218535151756,GE
2025-03-05,0.018765385356767528,GE
2025-03-06,-0.03185183678144288,GE
2025-03-07,-0.011221611395034636,GE
2025-03-10,-0.008924482496040276,GE
2025-03-11,-0.0020820003469206316,GE
2025-03-12,0.01710827643653645,GE
2025-03-13,-0.013230778620793249,GE
2025-03-14,0.024373778640660815,GE
2025-03-17,0.024960672485975,GE
2025-03-18,-0.006137729548366111,GE
2025-03-19,0.02380603714286811,GE
2025-03-20,-0.007977888748385897,GE
2025-03-21,0.00098078857556394,GE
2025-03-24,0.029882872183481624,GE
2025-03-25,0.009037764324249409,GE
2025-03-26,-0.022439115900905082,GE
2025-03-27,-0.007185177554414168,GE
2025-03-28,-0.029143189516705248,GE
2025-03-31,0.0013507554886751372,GE
2025-04-01,0.01818635773494459,GE
2025-04-02,-0.01972613546351898,GE
2025-04-03,-0.06076988101322267,GE
2025-04-04,-0.11096310175561863,GE
2025-04-07,0.005335407965195937,GE
2025-04-08,0.009958248058052899,GE
2025-04-09,0.10568583380361063,GE
2025-04-10,-0.030757780927076372,GE
2025-04-11,0.0008815143350320298,GE
2025-04-14,0.023834435375663876,GE
2025-04-15,-0.0017742033927671264,GE
2025-04-16,-0.01734260382645758,GE
2025-04-17,-0.0036174495650805882,GE
2025-04-21,-0.018922863246948585,GE
2025-04-22,0.06072321952139337,GE
2025-04-23,0.023786870568877516,GE
2025-04-24,0.0192586282909053,GE
2025-04-25,0.005166855755788902,GE
2025-04-28,0.012246172576041658,GE
2025-04-29,-0.0017922961727453446,GE
2025-04-30,0.005186998933330633,GE
2025-05-01,0.010270950645909327,GE
2025-05-02,0.020087403986200236,GE
2025-05-05,0.005970175789040022,GE
2025-05-06,-0.0016272438686601998,GE
2025-05-07,0.0063278620652325035,GE
2025-05-08,0.02177023325114913,GE
2025-05-09,0.0021912499821261644,GE
2025-05-12,0.01856154684478617,GE
2025-05-13,0.012011897325735932,GE
2025-05-14,0.007491667336364749,GE
2025-05-15,0.027504028124728075,GE
2025-05-16,0.010462960351363293,GE
2025-05-19,0.015143647102087376,GE
2025-05-20,-0.0001274970468480019,GE
2025-05-21,-0.007311065463164179,GE
2025-05-22,-0.01400183740549088,GE
2025-05-23,0.010943626902834236,GE
2025-05-27,0.03861852206900518,GE
2025-05-28,0.007817021255648537,GE
2025-05-29,0.0020109389619000773,GE
2025-05-30,0.007167431085157716,GE
2025-06-02,0.006384417234147621,GE
2025-06-03,0.00561661311477768,GE
2025-06-04,0.008076545204569685,GE
2025-06-05,0.0041453813213157,GE
2025-06-06,0.014726924185586743,GE
2025-06-09,-0.01650823901770715,GE
2025-06-10,-0.03742891501945267,GE
2025-06-11,0.014545472200251819,GE
2025-06-12,-0.022523617966217047,GE
2025-06-13,-0.014125585699630294,GE
2025-06-16,-0.0002536467279572463,GE
2025-06-17,-0.0033397873871467976,GE
2025-06-18,0.0005938468277770781,GE
2025-06-20,0.014752620867961141,GE
2025-06-23,0.03525923304328216,GE
2025-06-24,0.003793238572564084,GE
2025-06-25,0.0046230910411431125,GE
2025-06-26,0.00440178523562218,GE
2025-06-27,0.013984041859904206,GE
2025-06-30,0.011315941235165106,GE
2025-07-01,-0.03251878433360733,GE
2025-07-02,-0.0171472339538995,GE
2025-07-03,0.008702777866445244,GE
2025-07-07,0.007169430406128052,GE
2025-07-08,-0.006434710975270153,GE
2025-07-09,0.013276659537663438,GE
2025-07-10,0.008948210269561718,GE
2025-07-11,0.01128396389943509,GE
2025-07-14,0.027092624769216922,GE
2025-07-15,0.008881669293166805,GE
2025-07-16,0.005705139122075709,GE
2025-07-17,-0.022165429629682265,GE
2025-07-18,0.01148759124173182,GE
2025-07-21,-0.0015573505496977447,GE
2025-07-22,-0.014684568084411764,GE
2025-07-23,0.016138967860159337,GE
2025-07-24,0.018352523840191592,GE
2025-07-25,0.013357659944851719,GE
2025-07-28,-0.00360842077964052,GE
2025-07-29,-0.001108561432347055,GE
2025-07-30,0.011986202003766655,GE
2025-07-31,-0.009029432757907907,GE
2025-08-01,-0.0062711442144768315,GE
2025-08-04,0.025428784539875515,GE
2025-08-05,-0.014878962117349515,GE
2025-08-06,0.0005879893612392717,GE
2025-08-07,-0.0009549352386906129,GE
2025-08-08,0.010991915567656552,GE
2025-08-11,0.0006908928208402276,GE
2025-08-12,0.016097356392733797,GE
2025-08-13,-0.03851524994881539,GE
2025-08-14,0.003124402667694648,GE
2025-08-15,-0.006859495809349414,GE
2025-08-18,0.0022400824709474243,GE
2025-08-19,-0.009387295275317564,GE
2025-08-20,0.0019178346921056022,GE
2025-08-21,0.00851970046866768,GE
2025-08-22,-0.008112808399778793,GE
2025-08-25,0.0003001034503882227,GE
2025-08-26,0.027493407946360682,GE
2025-08-27,-0.0021537429095147553,GE
2025-08-28,0.009694508276253178,GE
2025-08-29,-0.002898506496263553,GE
2025-09-02,0.0006904158175085051,GE
2025-09-03,0.0019607756222863593,GE
2025-09-04,0.022976829290682232,GE
2025-09-05,-0.010769752880801287,GE
2025-09-08,-0.011388543739000445,GE
2025-09-09,0.0006882899830038536,GE
2025-09-10,0.025955740230265034,GE
2025-09-11,-0.00652766691228468,GE
2025-09-12,0.0004617306575500635,GE
2025-09-15,0.018069495877651498,GE
2025-09-16,0.021584498457892787,GE
2025-09-17,-0.011844220248642734,GE
2025-09-18,0.026217603930537514,GE
2025-09-19,0.013632294457806893,GE
2025-09-22,-0.00039857086048744605,GE
2025-09-23,0.015314650313575262,GE
2025-09-24,-0.01743944313284107,GE
2025-09-25,-0.01038959455215982,GE
2025-09-26,-0.0074028593568654655,GE
2024-04-15,,GLD
2024-04-16,0.0012220152803359419,GLD
2024-04-17,-0.007368252752093185,GLD
2024-04-18,0.0034154561341945833,GLD
2024-04-19,0.003131535140574959,GLD
2024-04-22,-0.02470249054532203,GLD
2024-04-23,-0.002458663172418052,GLD
2024-04-24,-0.0018600907225296837,GLD
2024-04-25,0.005963468053189924,GLD
2024-04-26,0.003241927353549112,GLD
2024-04-29,-0.002031218037689575,GLD
2024-04-30,-0.019937078844561418,GLD
2024-05-01,0.00906215232545482,GLD
2024-05-02,-0.0030870874411647042,GLD
2024-05-03,-0.0007976266365629092,GLD
2024-05-06,0.010518361024399514,GLD
2024-05-07,-0.004600326433150892,GLD
2024-05-08,-0.002941061869504713,GLD
2024-05-09,0.015778607960932778,GLD
2024-05-10,0.008112513438038427,GLD
2024-05-13,-0.011202103844459854,GLD
2024-05-14,0.008462045119477013,GLD
2024-05-15,0.012838750510223873,GLD
2024-05-16,-0.0038933433506626036,GLD
2024-05-17,0.0164977725898805,GLD
2024-05-20,0.004023937591649318,GLD
2024-05-21,-0.001469548604570936,GLD
2024-05-22,-0.01837396956557802,GLD
2024-05-23,-0.019944570339717638,GLD
2024-05-24,0.0009271136061119734,GLD
2024-05-28,0.010513172896031486,GLD
2024-05-29,-0.009303812074716977,GLD
2024-05-30,0.0018967600627461945,GLD
2024-05-31,-0.00586417430627717,GLD
2024-06-03,0.008917780500373507,GLD
2024-06-04,-0.008977059834655465,GLD
2024-06-05,0.011845603201319,GLD
2024-06-06,0.007391356612921562,GLD
2024-06-07,-0.03568330143379639,GLD
2024-06-10,0.009168181127878317,GLD
2024-06-11,0.0028566106093961263,GLD
2024-06-12,0.0026617200115086614,GLD
2024-06-13,-0.008150148984962247,GLD
2024-06-14,0.012959545903254766,GLD
2024-06-17,-0.005191652247571676,GLD
2024-06-18,0.004007271832187298,GLD
2024-06-20,0.012484347826456466,GLD
2024-06-21,-0.015493238109986152,GLD
2024-06-24,0.003957566385821121,GLD
2024-06-25,-0.004962237629221655,GLD
2024-06-26,-0.009228168111804491,GLD
2024-06-27,0.011336925587312363,GLD
2024-06-28,9.297647872519299e-05,GLD
2024-07-01,0.002604589701363791,GLD
2024-07-02,-4.643394389247657e-05,GLD
2024-07-03,0.011273000380832565,GLD
2024-07-05,0.013486798057397165,GLD
2024-07-08,-0.012402074526820739,GLD
2024-07-09,0.0016957473442755777,GLD
2024-07-10,0.0036603361122538036,GLD
2024-07-11,0.017733403441032136,GLD
2024-07-12,-0.0006270969301161999,GLD
2024-07-15,0.0032271131671974818,GLD
2024-07-16,0.019925798233449088,GLD
2024-07-17,-0.004643206403117217,GLD
2024-07-18,-0.006381186355259194,GLD
2024-07-19,-0.017937829186174925,GLD
2024-07-22,0.00031573231212611574,GLD
2024-07-23,0.003516676143213937,GLD
2024-07-24,-0.0035043524704835294,GLD
2024-07-25,-0.01564473026582147,GLD
2024-07-26,0.010534525866662925,GLD
2024-07-29,-0.0014050562105476505,GLD
2024-07-30,0.009985461488319247,GLD
2024-07-31,0.018110725786084414,GLD
2024-08-01,-0.003442943141866439,GLD
2024-08-02,-0.0019046282784819235,GLD
2024-08-05,-0.012691935106198704,GLD
2024-08-06,-0.008000713832612472,GLD
2024-08-07,-0.0006796279952806517,GLD
2024-08-08,0.015688013635013043,GLD
2024-08-09,0.0024552612171107047,GLD
2024-08-12,0.017144665770273848,GLD
2024-08-13,-0.001532358906807807,GLD
2024-08-14,-0.008155751250824572,GLD
2024-08-15,0.0031388449312386157,GLD
2024-08-16,0.02238773852658915,GLD
2024-08-19,-0.0016380226467286318,GLD
2024-08-20,0.0036699887797402297,GLD
2024-08-21,-0.0013336178629832496,GLD
2024-08-22,-0.011975011209935604,GLD
2024-08-23,0.011553425520716143,GLD
2024-08-26,0.0031893380775307456,GLD
2024-08-27,0.002706671669018279,GLD
2024-08-28,-0.007026862307456638,GLD
2024-08-29,0.005177980359189593,GLD
2024-08-30,-0.0071260085162319076,GLD
2024-09-03,-0.0043235765879541255,GLD
2024-09-04,0.000607926500195255,GLD
2024-09-05,0.008332306942507639,GLD
2024-09-06,-0.007402630408956501,GLD
2024-09-09,0.004205876079289794,GLD
2024-09-10,0.004404097525005923,GLD
2024-09-11,-0.001590555949419148,GLD
2024-09-12,0.017567284525531468,GLD
2024-09-13,0.009943683944142245,GLD
2024-09-16,-8.374817448153493e-05,GLD
2024-09-17,-0.0055309113549146804,GLD
2024-09-18,-0.007710465405288858,GLD
2024-09-19,0.01554075728197235,GLD
2024-09-20,0.012710660066880486,GLD
2024-09-23,0.0019404068737312041,GLD
2024-09-24,0.01396907347432852,GLD
2024-09-25,-0.001381767735031958,GLD
2024-09-26,0.005086884066794806,GLD
2024-09-27,-0.007935830791900744,GLD
2024-09-30,-0.007999374253898295,GLD
2024-10-01,0.010491249392624136,GLD
2024-10-02,0.00020358719772617384,GLD
2024-10-03,-0.0006920058878576718,GLD
2024-10-04,-0.001996030315693287,GLD
2024-10-07,-0.0033877625757333663,GLD
2024-10-08,-0.007371925565205384,GLD
2024-10-09,-0.005446185963701722,GLD
2024-10-10,0.007342892553628744,GLD
2024-10-11,0.010913408354139564,GLD
2024-10-14,-0.001629502157067031,GLD
2024-10-15,0.003468359323146597,GLD
2024-10-16,0.005001609209081437,GLD
2024-10-17,0.00598831083503093,GLD
2024-10-18,0.010618185005034864,GLD
2024-10-21,-0.00019900127714245208,GLD
2024-10-22,0.01078732362833379,GLD
2024-10-23,-0.012050555849465017,GLD
2024-10-24,0.007693259346016168,GLD
2024-10-25,0.0020569789010425055,GLD
2024-10-28,3.945407605776552e-05,GLD
2024-10-29,0.010894858433216914,GLD
2024-10-30,0.005505891218995584,GLD
2024-10-31,-0.015495166963743978,GLD
2024-11-01,-0.0041023758773532926,GLD
2024-11-04,0.0014259144001700363,GLD
2024-11-05,0.002254447895034817,GLD
2024-11-06,-0.030386729020158154,GLD
2024-11-07,0.016076503855530166,GLD
2024-11-08,-0.006769426092267161,GLD
2024-11-11,-0.02347155656813127,GLD
2024-11-12,-0.008631355179477884,GLD
2024-11-13,-0.010081225320474285,GLD
2024-11-14,-0.0026091417886487944,GLD
2024-11-15,-0.0017720694429753658,GLD
2024-11-18,0.019020246289590537,GLD
2024-11-19,0.008959325127211537,GLD
2024-11-20,0.005632045702723465,GLD
2024-11-21,0.008339500390982302,GLD
2024-11-22,0.012892210445830665,GLD
2024-11-25,-0.029458856541118794,GLD
2024-11-26,0.0019383092584315254,GLD
2024-11-27,0.002222714763140843,GLD
2024-11-29,0.008624546377060671,GLD
2024-12-02,-0.008754403389975018,GLD
2024-12-03,0.002012776164397767,GLD
2024-12-04,0.003033679807253664,GLD
2024-12-05,-0.007397709454119217,GLD
2024-12-06,0.0003705687954560499,GLD
2024-12-09,0.009919751769426055,GLD
2024-12-10,0.01316431251835759,GLD
2024-12-11,0.009533812345188464,GLD
2024-12-12,-0.014663722649505995,GLD
2024-12-13,-0.012091578404740733,GLD
2024-12-16,0.002415209844427002,GLD
2024-12-17,-0.0038386247250202787,GLD
2024-12-18,-0.01918507783771317,GLD
2024-12-19,0.0014210967336203417,GLD
2024-12-20,0.010434056495473909,GLD
2024-12-23,-0.004708795377563968,GLD
2024-12-24,0.001992014086009908,GLD
2024-12-26,0.006751179863859091,GLD
2024-12-27,-0.0068705038771271765,GLD
2024-12-30,-0.0031896811646235923,GLD
2024-12-31,0.006233636577161361,GLD
2025-01-02,0.013587714119632333,GLD
2025-01-03,-0.007864039973028869,GLD
2025-01-06,-0.0012320959587239777,GLD
2025-01-07,0.005633435188264313,GLD
2025-01-08,0.005315681488123669,GLD
2025-01-10,0.009558310004399662,GLD
2025-01-13,-0.009951255605703757,GLD
2025-01-14,0.005249423200524461,GLD
2025-01-15,0.007488993695735191,GLD
2025-01-16,0.006910965874952435,GLD
2025-01-17,-0.005307269747253374,GLD
2025-01-21,0.01548521901629396,GLD
2025-01-22,0.005135652699768123,GLD
2025-01-23,-0.0014148699521492336,GLD
2025-01-24,0.006218705580030903,GLD
2025-01-27,-0.0104048052682425,GLD
2025-01-28,0.008656417783572623,GLD
2025-01-29,-0.0038404097330004827,GLD
2025-01-30,0.01514551884715587,GLD
2025-01-31,0.0019763991077348386,GLD
2025-02-03,0.005337271410283728,GLD
2025-02-04,0.00984841707528572,GLD
2025-02-05,0.006209542410714253,GLD
2025-02-06,-0.0026502562908058414,GLD
2025-02-07,0.0017841598670260694,GLD
2025-02-10,0.016938239196991,GLD
2025-02-11,-0.0036516022155236305,GLD
2025-02-12,0.0010471549570203464,GLD
2025-02-13,0.009862831092105617,GLD
2025-02-14,-0.014871773334245608,GLD
2025-02-18,0.01656090548123368,GLD
2025-02-19,0.000554096378723612,GLD
2025-02-20,0.0005168326664386491,GLD
2025-02-21,-0.0009225433005247696,GLD
2025-02-24,0.005429568123388684,GLD
2025-02-25,-0.013188334192659745,GLD
2025-02-26,0.0015263333689308212,GLD
2025-02-27,-0.015239958822878874,GLD
2025-02-28,-0.006265820058134697,GLD
2025-03-03,0.013180390342641513,GLD
2025-03-04,0.008697635934455272,GLD
2025-03-05,0.0020813110966888537,GLD
2025-03-06,-0.005081207410422395,GLD
2025-03-07,0.0005219558189655249,GLD
2025-03-10,-0.008755937163287819,GLD
2025-03-11,0.011727541035094546,GLD
2025-03-12,0.004346793335703092,GLD
2025-03-13,0.017756144523255468,GLD
2025-03-14,0.00039975774946587883,GLD
2025-03-17,0.0054135329342379634,GLD
2025-03-18,0.011671955843306048,GLD
2025-03-19,0.004107707999658539,GLD
2025-03-20,-0.0012805854303336028,GLD
2025-03-21,-0.008049901213267985,GLD
2025-03-24,-0.004452548665506595,GLD
2025-03-25,0.004400365088198743,GLD
2025-03-26,-0.0008259812019960622,GLD
2025-03-27,0.013405732882559862,GLD
2025-03-28,0.007412123023167849,GLD
2025-03-31,0.014363222998346137,GLD
2025-04-01,-0.0019782303576065807,GLD
2025-04-02,0.0020516615880092903,GLD
2025-04-03,-0.006038278082531101,GLD
2025-04-04,-0.02339226273628292,GLD
2025-04-07,-0.02148580630415131,GLD
2025-04-08,0.005443793790763651,GLD
2025-04-09,0.03699125081478161,GLD
2025-04-10,0.0244235794430141,GLD
2025-04-11,0.019086664805096243,GLD
2025-04-14,-0.005705977012200658,GLD
2025-04-15,0.005232379352138938,GLD
2025-04-16,0.0325408102664011,GLD
2025-04-17,-0.004390692094044635,GLD
2025-04-21,0.03093558529908469,GLD
2025-04-22,-0.014195668551963636,GLD
2025-04-23,-0.023978630729734163,GLD
2025-04-24,0.014556277018207942,GLD
2025-04-25,-0.010841679678267213,GLD
2025-04-28,0.01424210344049559,GLD
2025-04-29,-0.009738925467677184,GLD
2025-04-30,-0.007482221012837353,GLD
2025-05-01,-0.02077228754256477,GLD
2025-05-02,0.0017481999132260562,GLD
2025-05-05,0.029867754776654154,GLD
2025-05-06,0.02802400275899264,GLD
2025-05-07,-0.014993060801348546,GLD
2025-05-08,-0.0196942722998793,GLD
2025-05-09,0.007254674259445482,GLD
2025-05-12,-0.028190568373488878,GLD
2025-05-13,0.004258992599597278,GLD
2025-05-14,-0.021037827999516923,GLD
2025-05-15,0.015963953531585195,GLD
2025-05-16,-0.012087047232674286,GLD
2025-05-19,0.012880671121226372,GLD
2025-05-20,0.0186222454642182,GLD
2025-05-21,0.007378683875855163,GLD
2025-05-22,-0.008861493387459118,GLD
2025-05-23,0.021906288045034472,GLD
2025-05-27,-0.016949152542372836,GLD
2025-05-28,-0.0022660178699712707,GLD
2025-05-29,0.0059247154716217665,GLD
2025-05-30,-0.006576942326457891,GLD
2025-06-02,0.026581051258171673,GLD
2025-06-03,-0.008855551213511115,GLD
2025-06-04,0.006441974072654677,GLD
2025-06-05,-0.00504987891618125,GLD
2025-06-06,-0.013416073696802311,GLD
2025-06-09,0.004718534884218695,GLD
2025-06-10,0.000293510988597534,GLD
2025-06-11,0.005412290790508978,GLD
2025-06-12,0.0124202002480438,GLD
2025-06-13,0.013100564311248064,GLD
2025-06-16,-0.01425909653729851,GLD
2025-06-17,0.0005131941200071655,GLD
2025-06-18,-0.005385627565021256,GLD
2025-06-20,-0.00041901914110908933,GLD
2025-06-23,0.0030631724583116693,GLD
2025-06-24,-0.015719378751237634,GLD
2025-06-25,0.003037305817845004,GLD
2025-06-26,-0.0011070472235482631,GLD
2025-06-27,-0.018123728993798327,GLD
2025-06-30,0.01198454729743359,GLD
2025-07-01,0.008923010663382636,GLD
2025-07-02,0.005527596405484614,GLD
2025-07-03,-0.006822911403597365,GLD
2025-07-07,0.000748780548875283,GLD
2025-07-08,-0.010443411868664265,GLD
2025-07-09,0.004471282664348264,GLD
2025-07-10,0.0022257895319868215,GLD
2025-07-11,0.009601575193336043,GLD
2025-07-14,-0.0036553174266280575,GLD
2025-07-15,-0.004155705135267751,GLD
2025-07-16,0.004988096125243757,GLD
2025-07-17,-0.0021735334020257513,GLD
2025-07-18,0.002600924347578637,GLD
2025-07-21,0.015370115792427752,GLD
2025-07-22,0.009484882235462067,GLD
2025-07-23,-0.01240118112003663,GLD
2025-07-24,-0.006118276977772341,GLD
2025-07-25,-0.0092499926477293,GLD
2025-07-28,-0.00647361832754334,GLD
2025-07-29,0.002750389076383808,GLD
2025-07-30,-0.017273497289540862,GLD
2025-07-31,0.0066454015709211944,GLD
2025-08-01,0.020299689958884537,GLD
2025-08-04,0.005823229257701401,GLD
2025-08-05,0.0008040912066364925,GLD
2025-08-06,-0.00212110700071233,GLD
2025-08-07,0.008437987494967825,GLD
2025-08-08,-0.00022357985855403495,GLD
2025-08-11,-0.014374701087597641,GLD
2025-08-12,-0.0009074665058316222,GLD
2025-08-13,0.0030492830145867345,GLD
2025-08-14,-0.006338706734070332,GLD
2025-08-15,0.0005858183101099534,GLD
2025-08-18,-0.0015612675411803556,GLD
2025-08-19,-0.005473279447945512,GLD
2025-08-20,0.010122175284489776,GLD
2025-08-21,-0.0034698951143765644,GLD
2025-08-22,0.01070642694476942,GLD
2025-08-25,-0.0024148368614391735,GLD
2025-08-26,0.007262047243691283,GLD
2025-08-27,0.0020187288833615202,GLD
2025-08-28,0.007419038046796889,GLD
2025-08-29,0.00964990177666114,GLD
2025-09-02,0.023642559312442524,GLD
2025-09-03,0.007831992196408066,GLD
2025-09-04,-0.004418882618094533,GLD
2025-09-05,0.01334594055214322,GLD
2025-09-08,0.011388067271604019,GLD
2025-09-09,-0.002269905468609168,GLD
2025-09-10,0.0035922056391106683,GLD
2025-09-11,-0.0014913797811720864,GLD
2025-09-12,0.0019715725978484144,GLD
2025-09-15,0.01040483601055886,GLD
2025-09-16,0.0020064107533963593,GLD
2025-09-17,-0.007715171664187115,GLD
2025-09-18,-0.0040063094596702875,GLD
2025-09-19,0.010607227252210416,GLD
2025-09-22,0.01730643093326134,GLD
2025-09-23,0.004086375052867464,GLD
2025-09-24,-0.009063049726670935,GLD
2025-09-25,0.004165188877066628,GLD
2025-09-26,0.00577227044053652,GLD
2024-04-15,,GOOGL
2024-04-16,-0.0029704682426330287,GOOGL
2024-04-17,0.006930099524071975,GOOGL
2024-04-18,0.0034732956962304495,GOOGL
2024-04-19,-0.0123068921001801,GOOGL
2024-04-22,0.014212489411733031,GOOGL
2024-04-23,0.012669540203511742,GOOGL
2024-04-24,0.005497348705765237,GOOGL
2024-04-25,-0.01966948272965563,GOOGL
2024-04-26,0.10224357018103958,GOOGL
2024-04-29,-0.033730754025565024,GOOGL
2024-04-30,-0.020282848275559373,GOOGL
2024-05-01,0.00663473300868489,GOOGL
2024-05-02,0.016843613429484927,GOOGL
2024-05-03,0.003721104274072795,GOOGL
2024-05-06,0.005142313932695375,GOOGL
2024-05-07,0.01873880893582247,GOOGL
2024-05-08,-0.010919679516423364,GOOGL
2024-05-09,0.0034242638702011163,GOOGL
2024-05-10,-0.007707771038090505,GOOGL
2024-05-13,0.0029054581138308055,GOOGL
2024-05-14,0.007094696420553603,GOOGL
2024-05-15,0.012739216951964893,GOOGL
2024-05-16,0.009680587920250172,GOOGL
2024-05-17,0.010793460568757407,GOOGL
2024-05-20,0.004884701932733826,GOOGL
2024-05-21,0.005256658061245423,GOOGL
2024-05-22,-0.008265398764437104,GOOGL
2024-05-23,-0.016044912987358995,GOOGL
2024-05-24,0.00829733457842008,GOOGL
2024-05-28,0.00805753676815213,GOOGL
2024-05-29,-0.002834467218255199,GOOGL
2024-05-30,-0.021546295722802533,GOOGL
2024-05-31,0.002265989124777157,GOOGL
2024-06-03,0.003884047356204734,GOOGL
2024-06-04,0.0035802686593704447,GOOGL
2024-06-05,0.00932165509270333,GOOGL
2024-06-06,0.007525181220407351,GOOGL
2024-06-07,-0.012844390134946093,GOOGL
2024-06-10,0.003152515028104874,GOOGL
2024-06-11,0.009199478092027924,GOOGL
2024-06-12,0.0066243811645958495,GOOGL
2024-06-13,-0.014792675197364824,GOOGL
2024-06-14,0.009305718143097108,GOOGL
2024-06-17,0.0025454619838289894,GOOGL
2024-06-18,-0.012130495873610037,GOOGL
2024-06-20,0.006910770113514042,GOOGL
2024-06-21,0.01888826870908833,GOOGL
2024-06-24,-0.0022824898455959808,GOOGL
2024-06-25,0.026838508681128692,GOOGL
2024-06-26,-0.0008150513366261825,GOOGL
2024-06-27,0.008320637038659706,GOOGL
2024-06-28,-0.01758270698039588,GOOGL
2024-07-01,0.0046116476795330374,GOOGL
2024-07-02,0.012295753497226114,GOOGL
2024-07-03,0.003131082994251466,GOOGL
2024-07-05,0.025723811166128874,GOOGL
2024-07-08,-0.008237184018588528,GOOGL
2024-07-09,-0.0002645244251214818,GOOGL
2024-07-10,0.011641427653612757,GOOGL
2024-07-11,-0.029343998150875406,GOOGL
2024-07-12,-0.002694400928305307,GOOGL
2024-07-15,0.007888860416590315,GOOGL
2024-07-16,-0.013992390647253106,GOOGL
2024-07-17,-0.015767692069138084,GOOGL
2024-07-18,-0.018395767055902623,GOOGL
2024-07-19,-0.00016882648930549582,GOOGL
2024-07-22,0.02257117203747505,GOOGL
2024-07-23,0.0006605114680295898,GOOGL
2024-07-24,-0.050387748179861136,GOOGL
2024-07-25,-0.030991171593532707,GOOGL
2024-07-26,-0.001673832982664547,GOOGL
2024-07-29,0.015149693289202792,GOOGL
2024-07-30,0.0044829499929706085,GOOGL
2024-07-31,0.007340419574153545,GOOGL
2024-08-01,-0.004547037482949046,GOOGL
2024-08-02,-0.024010254020958244,GOOGL
2024-08-05,-0.04446179946769113,GOOGL
2024-08-06,-0.006028299616120503,GOOGL
2024-08-07,0.004106445023965843,GOOGL
2024-08-08,0.019441275263788693,GOOGL
2024-08-09,0.010121578732357417,GOOGL
2024-08-12,-0.008431630098681975,GOOGL
2024-08-13,0.011522647441851497,GOOGL
2024-08-14,-0.02308728350617517,GOOGL
2024-08-15,0.005799139258504837,GOOGL
2024-08-16,0.010291405026053857,GOOGL
2024-08-19,0.022766269650395188,GOOGL
2024-08-20,0.0030599058765152787,GOOGL
2024-08-21,-0.007955417098533535,GOOGL
2024-08-22,-0.012360584723031587,GOOGL
2024-08-23,0.011111062463500687,GOOGL
2024-08-26,0.0032605274776138504,GOOGL
2024-08-27,-0.008907143438307563,GOOGL
2024-08-28,-0.011112379485396673,GOOGL
2024-08-29,-0.006570508345812409,GOOGL
2024-08-30,0.009890011840699708,GOOGL
2024-09-03,-0.03684664030203022,GOOGL
2024-09-04,-0.005782941399210428,GOOGL
2024-09-05,0.00504959130924898,GOOGL
2024-09-06,-0.04019338020497276,GOOGL
2024-09-09,-0.014643463304340743,GOOGL
2024-09-10,-0.0003362453735479276,GOOGL
2024-09-11,0.01681689720445778,GOOGL
2024-09-12,0.023352730178463954,GOOGL
2024-09-13,0.017906808641432237,GOOGL
2024-09-16,0.0038104332474522273,GOOGL
2024-09-17,0.007971718240460612,GOOGL
2024-09-18,0.003075509740455118,GOOGL
2024-09-19,0.01457982520899792,GOOGL
2024-09-20,0.008942870073396447,GOOGL
2024-09-23,-0.010636287507343023,GOOGL
2024-09-24,0.002718487278497772,GOOGL
2024-09-25,-0.004929372272252763,GOOGL
2024-09-26,0.007678433291201436,GOOGL
2024-09-27,0.007497088752744796,GOOGL
2024-09-30,0.011588955112169064,GOOGL
2024-10-01,0.0068736771039785705,GOOGL
2024-10-02,-0.006766901285351179,GOOGL
2024-10-03,0.0,GOOGL
2024-10-04,0.007234999058400415,GOOGL
2024-10-07,-0.02442237454016294,GOOGL
2024-10-08,0.008590067443699612,GOOGL
2024-10-09,-0.015330357693184582,GOOGL
2024-10-10,0.001359206844640637,GOOGL
2024-10-11,0.00715698203976145,GOOGL
2024-10-14,0.010536640301541444,GOOGL
2024-10-15,0.003031037703989048,GOOGL
2024-10-16,-0.0018131454102779943,GOOGL
2024-10-17,-0.013502124829752216,GOOGL
2024-10-18,0.003007460352245417,GOOGL
2024-10-21,0.003977537403968556,GOOGL
2024-10-22,0.006521557979303871,GOOGL
2024-10-23,-0.014290908435715344,GOOGL
2024-10-24,-0.000368580655139894,GOOGL
2024-10-25,0.01567111008252242,GOOGL
2024-10-28,0.00877350342323302,GOOGL
2024-10-29,0.017754267234917354,GOOGL
2024-10-30,0.028170758158974074,GOOGL
2024-10-31,-0.01920214361226058,GOOGL
2024-11-01,0.001051912074917949,GOOGL
2024-11-04,-0.011967936676512858,GOOGL
2024-11-05,0.0029543842104176044,GOOGL
2024-11-06,0.0398844632648756,GOOGL
2024-11-07,0.024021333777787035,GOOGL
2024-11-08,-0.013277974531033854,GOOGL
2024-11-11,0.011213904858736967,GOOGL
2024-11-12,0.007041801889060784,GOOGL
2024-11-13,-0.015086390860252319,GOOGL
2024-11-14,-0.018448138202588393,GOOGL
2024-11-15,-0.017598794314080624,GOOGL
2024-11-18,0.016290784793934643,GOOGL
2024-11-19,0.016086662956857234,GOOGL
2024-11-20,-0.012014369235977762,GOOGL
2024-11-21,-0.047448522829006246,GOOGL
2024-11-22,-0.01712110178594184,GOOGL
2024-11-25,0.017540662090326453,GOOGL
2024-11-26,0.008768274823861777,GOOGL
2024-11-27,0.0006504293609714829,GOOGL
2024-11-29,-0.001654545803733698,GOOGL
2024-12-02,0.015034084585985541,GOOGL
2024-12-03,-0.000874739929257351,GOOGL
2024-12-04,0.01768413005753522,GOOGL
2024-12-05,-0.009921407214448785,GOOGL
2024-12-06,0.011990311234575168,GOOGL
2024-12-09,0.0037776222194372266,GOOGL
2024-12-10,0.05588186876101098,GOOGL
2024-12-11,0.055246507688601953,GOOGL
2024-12-12,-0.017604847953268443,GOOGL
2024-12-13,-0.011148152296318159,GOOGL
2024-12-16,0.03603411692112979,GOOGL
2024-12-17,-0.006305326299569147,GOOGL
2024-12-18,-0.035922650385002974,GOOGL
2024-12-19,0.0005838673774691827,GOOGL
2024-12-20,0.015383848282740642,GOOGL
2024-12-23,0.016822533614216484,GOOGL
2024-12-24,0.00760414987622382,GOOGL
2024-12-26,-0.0026005532876889337,GOOGL
2024-12-27,-0.014519486237524415,GOOGL
2024-12-30,-0.007885396643430465,GOOGL
2024-12-31,-0.010144333746505807,GOOGL
2025-01-02,0.0006866857999356935,GOOGL
2025-01-03,0.01245843161906679,GOOGL
2025-01-06,0.026487314296298026,GOOGL
2025-01-07,-0.007009649302840648,GOOGL
2025-01-08,-0.007877684288958298,GOOGL
2025-01-10,-0.009847917979700083,GOOGL
2025-01-13,-0.005363459775601043,GOOGL
2025-01-14,-0.007067645063349004,GOOGL
2025-01-15,0.031055569313084286,GOOGL
2025-01-16,-0.013500380201731277,GOOGL
2025-01-17,0.01601781286212045,GOOGL
2025-01-21,0.010459199243662232,GOOGL
2025-01-22,0.0016157135092094155,GOOGL
2025-01-23,-0.001966020059727458,GOOGL
2025-01-24,0.0112638197517545,GOOGL
2025-01-27,-0.04195599057782573,GOOGL
2025-01-28,0.018195117760209323,GOOGL
2025-01-29,0.0005632391635057576,GOOGL
2025-01-30,0.027941207475330687,GOOGL
2025-01-31,0.015681830197863622,GOOGL
2025-02-03,-0.013675171485615367,GOOGL
2025-02-04,0.025592651516260112,GOOGL
2025-02-05,-0.07292374598161078,GOOGL
2025-02-06,0.0014111967275229897,GOOGL
2025-02-07,-0.0326722837484823,GOOGL
2025-02-10,0.006096929454732614,GOOGL
2025-02-11,-0.006167179111685961,GOOGL
2025-02-12,-0.009227318402138418,GOOGL
2025-02-13,0.0137791992314511,GOOGL
2025-02-14,-0.004888813071307951,GOOGL
2025-02-18,-0.007882046583997493,GOOGL
2025-02-19,0.008162376694381912,GOOGL
2025-02-20,-0.0038322809817774584,GOOGL
2025-02-21,-0.02654959883670749,GOOGL
2025-02-24,-0.0022821087262164808,GOOGL
2025-02-25,-0.021366816351769513,GOOGL
2025-02-26,-0.015334639547855522,GOOGL
2025-02-27,-0.024489062885240664,GOOGL
2025-02-28,0.010563790975055554,GOOGL
2025-03-03,-0.019203689780966315,GOOGL
2025-03-04,0.02341179444772301,GOOGL
2025-03-05,0.012286485642480915,GOOGL
2025-03-06,-0.0038723740168810084,GOOGL
2025-03-07,0.00876120947700465,GOOGL
2025-03-10,-0.04595654817160022,GOOGL
2025-03-11,-0.01103274784424868,GOOGL
2025-03-12,0.018714992988714485,GOOGL
2025-03-13,-0.026030794612098007,GOOGL
2025-03-14,0.016773231005567935,GOOGL
2025-03-17,-0.007251266947844837,GOOGL
2025-03-18,-0.022034178983030284,GOOGL
2025-03-19,0.02004108581190911,GOOGL
2025-03-20,-0.0066507800472874745,GOOGL
2025-03-21,0.007309597168913662,GOOGL
2025-03-24,0.022501293121616417,GOOGL
2025-03-25,0.01717560238913629,GOOGL
2025-03-26,-0.03224671715951766,GOOGL
2025-03-27,-0.017084648655884216,GOOGL
2025-03-28,-0.04875495188788481,GOOGL
2025-03-31,0.002008666849710128,GOOGL
2025-04-01,0.015713967564416453,GOOGL
2025-04-02,-0.00019108701016345986,GOOGL
2025-04-03,-0.04024447488299632,GOOGL
2025-04-04,-0.03397024333678289,GOOGL
2025-04-07,0.007898309397506242,GOOGL
2025-04-08,-0.013969356400393984,GOOGL
2025-04-09,0.09682107851485466,GOOGL
2025-04-10,-0.037111707771944835,GOOGL
2025-04-11,0.028268497960901806,GOOGL
2025-04-14,0.012282092033006897,GOOGL
2025-04-15,-0.017350912419331843,GOOGL
2025-04-16,-0.01906465212771813,GOOGL
2025-04-17,-0.014152469464758122,GOOGL
2025-04-21,-0.023088154330594857,GOOGL
2025-04-22,0.025733074415090984,GOOGL
2025-04-23,0.025615665488501804,GOOGL
2025-04-24,0.025297666696984633,GOOGL
2025-04-25,0.016825765664927106,GOOGL
2025-04-28,-0.00833542879447191,GOOGL
2025-04-29,-0.002801799056921128,GOOGL
2025-04-30,-0.008491512108233734,GOOGL
2025-05-01,0.0157430727453145,GOOGL
2025-05-02,0.01692495769304525,GOOGL
2025-05-05,0.001097408619825213,GOOGL
2025-05-06,-0.005968034506178221,GOOGL
2025-05-07,-0.07259689490224808,GOOGL
2025-05-08,0.01915704718552047,GOOGL
2025-05-09,-0.009917026130429218,GOOGL
2025-05-12,0.03738138601549723,GOOGL
2025-05-13,0.00675244238353323,GOOGL
2025-05-14,0.036607511957484684,GOOGL
2025-05-15,-0.00852626501150433,GOOGL
2025-05-16,0.013600851648113865,GOOGL
2025-05-19,0.002105968106294265,GOOGL
2025-05-20,-0.015371668438796005,GOOGL
2025-05-21,0.027930247288605825,GOOGL
2025-05-22,0.013704304651468435,GOOGL
2025-05-23,-0.014045730467999284,GOOGL
2025-05-27,0.02629543920984334,GOOGL
2025-05-28,-0.003123153876200324,GOOGL
2025-05-29,-0.002900905072113158,GOOGL
2025-05-30,-0.0006982143416812692,GOOGL
2025-06-02,-0.015779705526881793,GOOGL
2025-06-03,-0.016860948494928918,GOOGL
2025-06-04,0.011252921280511696,GOOGL
2025-06-05,0.0009521193644970172,GOOGL
2025-06-06,0.03251879046184669,GOOGL
2025-06-09,0.013876115636464181,GOOGL
2025-06-10,0.014254130375519258,GOOGL
2025-06-11,-0.006998879939990044,GOOGL
2025-06-12,-0.009303688178676217,GOOGL
2025-06-13,-0.005862258378981577,GOOGL
2025-06-16,0.01202270639222447,GOOGL
2025-06-17,-0.004638837497310089,GOOGL
2025-06-18,-0.014947369534749622,GOOGL
2025-06-20,-0.0385414704147482,GOOGL
2025-06-23,-0.008701373941149115,GOOGL
2025-06-24,0.009564754571724787,GOOGL
2025-06-25,0.02344539367482623,GOOGL
2025-06-26,0.01675650769322634,GOOGL
2025-06-27,0.028754210477215603,GOOGL
2025-06-30,-0.01288300603531134,GOOGL
2025-07-01,-0.002213013670223307,GOOGL
2025-07-02,0.015923584565922022,GOOGL
2025-07-03,0.004982083479003974,GOOGL
2025-07-07,-0.015262103892355383,GOOGL
2025-07-08,-0.01374508042346223,GOOGL
2025-07-09,0.012961656910557284,GOOGL
2025-07-10,0.0056618731040984915,GOOGL
2025-07-11,0.014469132951631547,GOOGL
2025-07-14,0.007603058430686094,GOOGL
2025-07-15,0.0024234547660435535,GOOGL
2025-07-16,0.005329677036830294,GOOGL
2025-07-17,0.0033338831845759476,GOOGL
2025-07-18,0.008061857025696506,GOOGL
2025-07-21,0.0272344569945544,GOOGL
2025-07-22,0.006522831112902638,GOOGL
2025-07-23,-0.005801194897021911,GOOGL
2025-07-24,0.010198194212151845,GOOGL
2025-07-25,0.0052557345915569265,GOOGL
2025-07-28,-0.003105864310356088,GOOGL
2025-07-29,0.016460681996079085,GOOGL
2025-07-30,0.003984668093470534,GOOGL
2025-07-31,-0.023558769203535168,GOOGL
2025-08-01,-0.014434544563696416,GOOGL
2025-08-04,0.031248285574688284,GOOGL
2025-08-05,-0.0018970217900114994,GOOGL
2025-08-06,0.0072943863065790815,GOOGL
2025-08-07,0.0021929111255085676,GOOGL
2025-08-08,0.024933817372051692,GOOGL
2025-08-11,-0.0020851860429123015,GOOGL
2025-08-12,0.011641772825326413,GOOGL
2025-08-13,-0.0067866118268749,GOOGL
2025-08-14,0.00485242471261893,GOOGL
2025-08-15,0.004730420043013828,GOOGL
2025-08-18,-0.001961716078753062,GOOGL
2025-08-19,-0.009483993492782505,GOOGL
2025-08-20,-0.011162374947880749,GOOGL
2025-08-21,0.0021572981134894142,GOOGL
2025-08-22,0.031739656259777815,GOOGL
2025-08-25,0.011645442272406825,GOOGL
2025-08-26,-0.006475159805969133,GOOGL
2025-08-27,0.001641384275815616,GOOGL
2025-08-28,0.020050143376580065,GOOGL
2025-08-29,0.006000776205459912,GOOGL
2025-09-02,-0.007327028001321567,GOOGL
2025-09-03,0.09136502011329983,GOOGL
2025-09-04,0.007110029322859424,GOOGL
2025-09-05,0.011622888130744524,GOOGL
2025-09-08,-0.0040851349526263014,GOOGL
2025-09-09,0.02388485625123682,GOOGL
2025-09-10,-0.0019196540687471675,GOOGL
2025-09-11,0.005017338953168027,GOOGL
2025-09-12,0.001788941811812439,GOOGL
2025-09-15,0.04489201587040781,GOOGL
2025-09-16,-0.0017884700415349286,GOOGL
2025-09-17,-0.006489906271085144,GOOGL
2025-09-18,0.010018835459584041,GOOGL
2025-09-19,0.010673342278439968,GOOGL
2025-09-22,-0.008597685422860546,GOOGL
2025-09-23,-0.0034451159125369335,GOOGL
2025-09-24,-0.01796075739762648,GOOGL
2025-09-25,-0.005462515605930585,GOOGL
2025-09-26,0.0030513854122893314,GOOGL
2024-04-15,,GS
2024-04-16,-0.010027987134018201,GS
2024-04-17,0.017764497734135576,GS
2024-04-18,-0.001980684566595059,GS
2024-04-19,0.0022078705087429373,GS
2024-04-22,0.03304456956315738,GS
2024-04-23,0.015933853598255387,GS
2024-04-24,-0.002264130790278651,GS
2024-04-25,-0.0070679384728586925,GS
2024-04-26,0.017902677656918442,GS
2024-04-29,0.007577683604729879,GS
2024-04-30,-0.009516970652376777,GS
2024-05-01,0.0005624915206101644,GS
2024-05-02,0.01316312204357617,GS
2024-05-03,0.01296896515379009,GS
2024-05-06,0.012529145199961844,GS
2024-05-07,0.00029295278315122353,GS
2024-05-08,0.007097847004745805,GS
2024-05-09,0.01926386646472289,GS
2024-05-10,-0.001821903979088657,GS
2024-05-13,-0.0025729848469788763,GS
2024-05-14,0.01082547775054854,GS
2024-05-15,0.016620487920472105,GS
2024-05-16,-0.003368463894429019,GS
2024-05-17,0.006888857923694314,GS
2024-05-20,-0.010219786981145895,GS
2024-05-21,0.016136002897370272,GS
2024-05-22,-0.017070212616194125,GS
2024-05-23,-0.009148343227774691,GS
2024-05-24,0.006613551936402562,GS
2024-05-28,-0.0029706299903401456,GS
2024-05-29,-0.005741467442806014,GS
2024-05-30,-0.015180353561188409,GS
2024-05-31,0.01397058808577456,GS
2024-06-03,-0.0033732981345919733,GS
2024-06-04,0.0007032766251575673,GS
2024-06-05,0.014012749953583592,GS
2024-06-06,-0.007754259723313783,GS
2024-06-07,-0.006963550314132538,GS
2024-06-10,-0.00298963719898937,GS
2024-06-11,-0.020460807031336348,GS
2024-06-12,0.009971466232041815,GS
2024-06-13,-0.005237365811417316,GS
2024-06-14,0.00024641055238827647,GS
2024-06-17,0.008332216305830809,GS
2024-06-18,0.016104669505429214,GS
2024-06-20,0.0013553879874836916,GS
2024-06-21,-0.017181520198499833,GS
2024-06-24,0.02645609279816874,GS
2024-06-25,-0.010192801169480625,GS
2024-06-26,-0.003323318717527779,GS
2024-06-27,-0.021717181184151113,GS
2024-06-28,0.014261404590105053,GS
2024-07-01,0.025070737872008975,GS
2024-07-02,0.004205628421799723,GS
2024-07-03,0.004961294106327285,GS
2024-07-05,-0.006774690837676567,GS
2024-07-08,0.000150634371637981,GS
2024-07-09,0.017232432171233603,GS
2024-07-10,0.012816505399971367,GS
2024-07-11,0.000709967482074525,GS
2024-07-12,0.0013563296988570173,GS
2024-07-15,0.02573561302378402,GS
2024-07-16,0.02192060172382182,GS
2024-07-17,-0.0016699064773503247,GS
2024-07-18,-0.03180134902549514,GS
2024-07-19,-0.002632604845215547,GS
2024-07-22,0.0043511762543244625,GS
2024-07-23,0.010491921119230252,GS
2024-07-24,-0.011073822527770782,GS
2024-07-25,0.010293772595830086,GS
2024-07-26,0.014886838688303206,GS
2024-07-29,-0.01264452552758144,GS
2024-07-30,0.026282700468720277,GS
2024-07-31,0.006644620527894274,GS
2024-08-01,-0.01750388716475737,GS
2024-08-02,-0.05894581451765846,GS
2024-08-05,-0.02468983782317291,GS
2024-08-06,0.024399835464894437,GS
2024-08-07,0.005933411036703973,GS
2024-08-08,0.026976129436181218,GS
2024-08-09,0.00924310034275666,GS
2024-08-12,-0.00970915365481384,GS
2024-08-13,0.013264680620816094,GS
2024-08-14,0.013741532975721338,GS
2024-08-15,0.0006416218143339147,GS
2024-08-16,0.010500622955625927,GS
2024-08-19,0.0008328697537436369,GS
2024-08-20,-0.014543862337348501,GS
2024-08-21,-0.0017694231095273238,GS
2024-08-22,0.002598413904695507,GS
2024-08-23,0.02344553174833619,GS
2024-08-26,-0.0030427118481609616,GS
2024-08-27,-0.001201065937005641,GS
2024-08-28,-0.007747551783502948,GS
2024-08-29,0.013450459364351852,GS
2024-08-30,0.00029404801938759384,GS
2024-09-03,-0.04466439695232116,GS
2024-09-04,0.006523659888203248,GS
2024-09-05,-0.00562532545903871,GS
2024-09-06,-0.01695092942625598,GS
2024-09-09,0.01868189205045101,GS
2024-09-10,-0.04388317358821925,GS
2024-09-11,0.008648574278450338,GS
2024-09-12,0.006133633398770266,GS
2024-09-13,0.010399512089547036,GS
2024-09-16,0.01288129930380233,GS
2024-09-17,0.00047409305093570886,GS
2024-09-18,-0.0016688189944710219,GS
2024-09-19,0.039725123887528246,GS
2024-09-20,-0.0107178890506745,GS
2024-09-23,-0.002046403765142868,GS
2024-09-24,0.001226323047529343,GS
2024-09-25,-0.013814655068082993,GS
2024-09-26,0.011768535665810598,GS
2024-09-27,0.003199702758846179,GS
2024-09-30,-0.006820373407669389,GS
2024-10-01,-0.009977524327893339,GS
2024-10-02,0.003712950112785496,GS
2024-10-03,-0.011971756027096214,GS
2024-10-04,0.018638135043891335,GS
2024-10-07,-0.0010905738365943884,GS
2024-10-08,0.003942445162511632,GS
2024-10-09,0.017338915408841693,GS
2024-10-10,-0.0028900421161673906,GS
2024-10-11,0.024974165293773387,GS
2024-10-14,0.012492760719602591,GS
2024-10-15,-0.000707785972620778,GS
2024-10-16,0.014319040542962513,GS
2024-10-17,-0.0016230426439768353,GS
2024-10-18,-0.000945179584120992,GS
2024-10-21,-0.020246002283881293,GS
2024-10-22,0.0009656238157347286,GS
2024-10-23,-0.0021222759248392675,GS
2024-10-24,0.0141144385550529,GS
2024-10-25,-0.022688321094494812,GS
2024-10-28,0.021420292678233643,GS
2024-10-29,0.0013369727342193993,GS
2024-10-30,0.0002288760022930436,GS
2024-10-31,-0.012604969639550379,GS
2024-11-01,0.0030127998315783167,GS
2024-11-04,-0.015172763522986799,GS
2024-11-05,0.030285296723138844,GS
2024-11-06,0.13097759909322915,GS
2024-11-07,-0.023171915183681002,GS
2024-11-08,0.012178619756427533,GS
2024-11-11,0.022197360881567763,GS
2024-11-12,-0.016186870480615623,GS
2024-11-13,0.0027505421518911888,GS
2024-11-14,-0.009440923611039764,GS
2024-11-15,0.008375652466780181,GS
2024-11-18,-0.00935065538704638,GS
2024-11-19,-0.011241663057780515,GS
2024-11-20,0.0009460039704660694,GS
2024-11-21,0.02436717965090618,GS
2024-11-22,0.011189284040224123,GS
2024-11-25,0.0004147449946070303,GS
2024-11-26,0.004095933176006206,GS
2024-11-27,-0.0001156190325660722,GS
2024-11-29,0.00518642070334141,GS
2024-12-02,-0.011272302724422367,GS
2024-12-03,0.0006149060239590831,GS
2024-12-04,-0.005597254553433628,GS
2024-12-05,-0.003190249218468444,GS
2024-12-06,0.004825745545778304,GS
2024-12-09,-0.009271607568204776,GS
2024-12-10,-0.0152998820019844,GS
2024-12-11,0.012871079918356898,GS
2024-12-12,-0.0016032337838284283,GS
2024-12-13,-0.010361564264622314,GS
2024-12-16,0.0014518628295594471,GS
2024-12-17,-0.019869397906464914,GS
2024-12-18,-0.04251060239983673,GS
2024-12-19,0.006796892747614747,GS
2024-12-20,0.021859574297433015,GS
2024-12-23,0.00826718585545505,GS
2024-12-24,0.021041291064901824,GS
2024-12-26,-0.002676774854423747,GS
2024-12-27,-0.008688450291046701,GS
2024-12-30,-0.004564554334139159,GS
2024-12-31,-0.001621467519090869,GS
2025-01-02,0.004103900677545402,GS
2025-01-03,0.00897444117538404,GS
2025-01-06,0.005619446913943893,GS
2025-01-07,-0.0056052031216553555,GS
2025-01-08,-0.00017233604560951132,GS
2025-01-10,-0.03451608368178294,GS
2025-01-13,0.005267878941127124,GS
2025-01-14,0.015241170448164754,GS
2025-01-15,0.06017173525525776,GS
2025-01-16,0.011668219440894578,GS
2025-01-17,0.021125976628231458,GS
2025-01-21,0.014058835924602109,GS
2025-01-22,-0.003166666346140934,GS
2025-01-23,0.010699697722928336,GS
2025-01-24,-0.004065638132818572,GS
2025-01-27,-0.0056837729289112016,GS
2025-01-28,0.007137377284914814,GS
2025-01-29,-0.0006584868582539816,GS
2025-01-30,0.013053448900940179,GS
2025-01-31,-0.008208127137636523,GS
2025-02-03,-0.012539083370932236,GS
2025-02-04,0.0028622445286297094,GS
2025-02-05,0.0177710108508764,GS
2025-02-06,0.019784581694294978,GS
2025-02-07,-0.0035245759659712217,GS
2025-02-10,-0.008187215912950574,GS
2025-02-11,-0.005057474542806362,GS
2025-02-12,0.0027192537423215146,GS
2025-02-13,-7.702279348031915e-05,GS
2025-02-14,0.017874990935722312,GS
2025-02-18,0.017621701405716728,GS
2025-02-19,-0.00601017273787241,GS
2025-02-20,-0.03874880446370088,GS
2025-02-21,-0.025939703432208305,GS
2025-02-24,0.0008632338292440256,GS
2025-02-25,-0.017935351904017294,GS
2025-02-26,0.0046511627906977715,GS
2025-02-27,-0.015814978426216375,GS
2025-02-28,0.023503253334447027,GS
2025-03-03,-0.027366611809664154,GS
2025-03-04,-0.03985063398873401,GS
2025-03-05,0.020528603047577754,GS
2025-03-06,-0.04282803733181684,GS
2025-03-07,-0.01409269512364919,GS
2025-03-10,-0.05004736830797918,GS
2025-03-11,-0.0004325705909169475,GS
2025-03-12,0.008053797030394882,GS
2025-03-13,-0.020346874180037,GS
2025-03-14,0.03163044847308605,GS
2025-03-17,0.018341098619338858,GS
2025-03-18,0.0007980600355026457,GS
2025-03-19,0.010076474796811175,GS
2025-03-20,0.009581163316836783,GS
2025-03-21,0.004371973421265274,GS
2025-03-24,0.026471247035668277,GS
2025-03-25,0.010067276506209089,GS
2025-03-26,-0.020514079054454015,GS
2025-03-27,-0.02613604761405941,GS
2025-03-28,-0.028268783146206733,GS
2025-03-31,0.005836616104461845,GS
2025-04-01,0.0039540066019285725,GS
2025-04-02,0.026711574533389015,GS
2025-04-03,-0.09211501837775027,GS
2025-04-04,-0.0790642422375617,GS
2025-04-07,-0.01125716917748576,GS
2025-04-08,-0.007067535554344695,GS
2025-04-09,0.11823372799133769,GS
2025-04-10,-0.05237295176726464,GS
2025-04-11,0.00947328453262175,GS
2025-04-14,0.01929457264342682,GS
2025-04-15,0.007758251472032018,GS
2025-04-16,-0.01740539605132385,GS
2025-04-17,0.02091975292410453,GS
2025-04-21,-0.015957143493776083,GS
2025-04-22,0.03715893854143304,GS
2025-04-23,0.017923436026177963,GS
2025-04-24,0.030341383372068043,GS
2025-04-25,-0.0009351628622609187,GS
2025-04-28,0.0028264858934470283,GS
2025-04-29,0.004611929691613836,GS
2025-04-30,-0.0024958011364868415,GS
2025-05-01,0.011469325973667122,GS
2025-05-02,0.022154737225272614,GS
2025-05-05,-0.011552690883928407,GS
2025-05-06,-0.018228630087094744,GS
2025-05-07,0.004659963642884346,GS
2025-05-08,0.024967440432607457,GS
2025-05-09,0.002474745180655713,GS
2025-05-12,0.042743876411713844,GS
2025-05-13,0.021087648623137722,GS
2025-05-14,0.012901373045894005,GS
2025-05-15,0.007030819162485047,GS
2025-05-16,0.005082001556649063,GS
2025-05-19,-0.010871914423199458,GS
2025-05-20,-0.009439765436796144,GS
2025-05-21,-0.021532673511234113,GS
2025-05-22,0.008037539715377129,GS
2025-05-23,0.0005181912787968201,GS
2025-05-27,0.0287198901868857,GS
2025-05-28,-0.011839569711700526,GS
2025-05-29,-0.005883927873707617,GS
2025-05-30,-0.007290899135885209,GS
2025-06-02,-0.0028812415167538408,GS
2025-06-03,0.008534952292835074,GS
2025-06-04,-0.007651151791779998,GS
2025-06-05,0.01113129397969348,GS
2025-06-06,0.013401985627101265,GS
2025-06-09,-0.0007817271478013366,GS
2025-06-10,0.002200377400836784,GS
2025-06-11,0.01512512867243787,GS
2025-06-12,0.0015060039206364895,GS
2025-06-13,-0.018508754611737288,GS
2025-06-16,0.0233236595349553,GS
2025-06-17,-0.0051126241336624245,GS
2025-06-18,0.016969735107193573,GS
2025-06-20,0.008752593734759007,GS
2025-06-23,0.009488166675508891,GS
2025-06-24,0.023543749001036174,GS
2025-06-25,0.011720121939415629,GS
2025-06-26,0.025810945636278282,GS
2025-06-27,0.0053117535315097,GS
2025-06-30,0.02452194163557886,GS
2025-07-01,-0.0018226464533291908,GS
2025-07-02,0.013348232571532836,GS
2025-07-03,0.010881529100764675,GS
2025-07-07,-0.017618284502874393,GS
2025-07-08,-0.019200151237860785,GS
2025-07-09,-0.0010326292278975968,GS
2025-07-10,0.018031465491294085,GS
2025-07-11,-0.00588050391875794,GS
2025-07-14,0.011844776851334116,GS
2025-07-15,-0.015126844542264983,GS
2025-07-16,0.008982074946802365,GS
2025-07-17,-0.004204142713182368,GS
2025-07-18,0.0034285147031649643,GS
2025-07-21,-0.0031909323334136097,GS
2025-07-22,-0.007917885064403274,GS
2025-07-23,0.02442861615733749,GS
2025-07-24,0.0023134868705345646,GS
2025-07-25,0.013626613494219786,GS
2025-07-28,-0.007311525964348475,GS
2025-07-29,0.011511028499490816,GS
2025-07-30,-0.0016803471427760952,GS
2025-07-31,-0.00979811583240675,GS
2025-08-01,-0.019375639534692457,GS
2025-08-04,0.023197178294960485,GS
2025-08-05,-0.007052127247825113,GS
2025-08-06,0.0053127536481949456,GS
2025-08-07,-0.006899025950510951,GS
2025-08-08,0.0021258083719604137,GS
2025-08-11,-0.0028145205566624254,GS
2025-08-12,0.03356322642817888,GS
2025-08-13,0.001762217910071806,GS
2025-08-14,0.003370543121830716,GS
2025-08-15,-0.022055729703789217,GS
2025-08-18,0.00032851335553374383,GS
2025-08-19,-0.013106075300794107,GS
2025-08-20,-0.0009703792762386643,GS
2025-08-21,-0.006563218788949943,GS
2025-08-22,0.03623158320989761,GS
2025-08-25,-0.004178566310213516,GS
2025-08-26,0.013752263135480058,GS
2025-08-27,0.0009613067513054574,GS
2025-08-28,0.002067560164209725,GS
2025-08-29,-0.00794703407250641,GS
2025-09-02,-0.019322407801492747,GS
2025-09-03,-0.00039676819734624225,GS
2025-09-04,0.025104066629377364,GS
2025-09-05,-0.01427427172241058,GS
2025-09-08,0.004930783252650173,GS
2025-09-09,0.02974996030267052,GS
2025-09-10,0.007409197699117076,GS
2025-09-11,0.01968601450463292,GS
2025-09-12,-0.005951069828333377,GS
2025-09-15,0.008589098566777809,GS
2025-09-16,-0.0015633489926825117,GS
2025-09-17,0.011062519677355054,GS
2025-09-18,0.01270432276657063,GS
2025-09-19,0.0008578812193067442,GS
2025-09-22,0.0006956491411103105,GS
2025-09-23,0.000943455196296128,GS
2025-09-24,-0.017226429360883255,GS
2025-09-25,0.0029403443980913213,GS
2025-09-26,0.00975137136339499,GS
2024-04-15,,HD
2024-04-16,-0.009173515730193982,HD
2024-04-17,-0.005973180659457844,HD
2024-04-18,0.0001803565742080071,HD
2024-04-19,0.007419780090831329,HD
2024-04-22,0.002236402769441259,HD
2024-04-23,0.008598419488830666,HD
2024-04-24,-0.01766958771202065,HD
2024-04-25,-0.0030929964538357613,HD
2024-04-26,0.009367989784452968,HD
2024-04-29,0.0051030811834615886,HD
2024-04-30,-0.007660292950638525,HD
2024-05-01,-0.006732092609006424,HD
2024-05-02,0.010723853196081379,HD
2024-05-03,0.02181625294563805,HD
2024-05-06,-0.0016333602118259183,HD
2024-05-07,-0.004674416616240906,HD
2024-05-08,-0.005459555184512688,HD
2024-05-09,0.0254110208964764,HD
2024-05-10,-0.0029070048311300445,HD
2024-05-13,-0.01578962946728002,HD
2024-05-14,-0.0013491068354238855,HD
2024-05-15,0.023994165720218508,HD
2024-05-16,-0.017036172348206202,HD
2024-05-17,0.00431821089869211,HD
2024-05-20,-0.01856420292696037,HD
2024-05-21,-0.004943500655754773,HD
2024-05-22,-0.01654022805160582,HD
2024-05-23,-0.011192055810640533,HD
2024-05-24,-0.005475874039306383,HD
2024-05-28,0.011073534407653352,HD
2024-05-29,-0.008488008644078171,HD
2024-05-30,0.010033410993613101,HD
2024-05-31,0.017285383583474534,HD
2024-06-03,-0.020485518116252432,HD
2024-06-04,0.0007621718623118667,HD
2024-06-05,0.006092731190217027,HD
2024-06-06,0.0025434394508943026,HD
2024-06-07,-0.012292380698254335,HD
2024-06-10,0.016909759960672233,HD
2024-06-11,0.009502055825438172,HD
2024-06-12,0.02508046406862441,HD
2024-06-13,0.010867641294766806,HD
2024-06-14,-0.0029895611427055435,HD
2024-06-17,0.007669252941399529,HD
2024-06-18,0.012503562567059978,HD
2024-06-20,-0.0012151148210202134,HD
2024-06-21,0.006677188024164726,HD
2024-06-24,-0.013827945696892718,HD
2024-06-25,-0.03579570617820915,HD
2024-06-26,0.010345235056246294,HD
2024-06-27,-0.0009654703726301728,HD
2024-06-28,0.008052944679615814,HD
2024-07-01,-0.023384812983197945,HD
2024-07-02,-0.003628903928860172,HD
2024-07-03,-0.003970464720479017,HD
2024-07-05,0.0028173237098632065,HD
2024-07-08,0.015003944445929118,HD
2024-07-09,-0.007391076915528427,HD
2024-07-10,0.021032947921669543,HD
2024-07-11,0.027921483158939164,HD
2024-07-12,0.01690262676819132,HD
2024-07-15,-0.0036412085460079124,HD
2024-07-16,0.029738335982316455,HD
2024-07-17,0.007504387646002808,HD
2024-07-18,-0.015622974124928635,HD
2024-07-19,-0.0074300735371289894,HD
2024-07-22,-0.0003026897732177902,HD
2024-07-23,-0.009993131129559574,HD
2024-07-24,-0.025888431358106034,HD
2024-07-25,0.008506782584272843,HD
2024-07-26,0.017605935832494035,HD
2024-07-29,0.006008187820744082,HD
2024-07-30,0.005585171395680266,HD
2024-07-31,0.012290690397581905,HD
2024-08-01,-0.026021341249866214,HD
2024-08-02,-0.008784633873729963,HD
2024-08-05,-0.01524908708281214,HD
2024-08-06,0.011142521035600872,HD
2024-08-07,-0.03252241995570726,HD
2024-08-08,0.017348138280639303,HD
2024-08-09,0.0008612801105269963,HD
2024-08-12,-0.008117304299385952,HD
2024-08-13,0.012318931770916253,HD
2024-08-14,0.015968224129276676,HD
2024-08-15,0.012399492820955649,HD
2024-08-16,0.005526675907174816,HD
2024-08-19,0.0027896198763619484,HD
2024-08-20,0.011567966520855011,HD
2024-08-21,0.008685714969451253,HD
2024-08-22,-0.013766685259274603,HD
2024-08-23,0.02799981223035264,HD
2024-08-26,-0.003940496287863526,HD
2024-08-27,-0.002485880388643724,HD
2024-08-28,-0.0013130131410895585,HD
2024-08-29,-0.015106401690229476,HD
2024-08-30,0.003923071026491698,HD
2024-09-03,-0.010203554316485786,HD
2024-09-04,-0.00019185394668586042,HD
2024-09-05,-0.007733038693562788,HD
2024-09-06,-0.0049744874400580175,HD
2024-09-09,0.015192338303448016,HD
2024-09-10,0.014636699125408104,HD
2024-09-11,-0.0010246309699236678,HD
2024-09-12,0.010634571905475232,HD
2024-09-13,0.014849231277816344,HD
2024-09-16,0.005315980902560247,HD
2024-09-17,0.0032197597898144803,HD
2024-09-18,0.0020092358597001425,HD
2024-09-19,0.016483910344235575,HD
2024-09-20,-0.001229725344139787,HD
2024-09-23,0.005386564875648592,HD
2024-09-24,0.02219617409096797,HD
2024-09-25,-0.009309666430976637,HD
2024-09-26,-0.0005793980626146444,HD
2024-09-27,0.007133820229853427,HD
2024-09-30,0.014191708870568531,HD
2024-10-01,0.009501420212125744,HD
2024-10-02,0.005402816376014252,HD
2024-10-03,0.0007780401669079673,HD
2024-10-04,-0.007823512623925333,HD
2024-10-07,-0.0007346160342093233,HD
2024-10-08,0.014997782565806972,HD
2024-10-09,0.004563268824810285,HD
2024-10-10,-0.014685066843521444,HD
2024-10-11,0.004732175045961462,HD
2024-10-14,0.008545811078925603,HD
2024-10-15,0.0003850877169140343,HD
2024-10-16,0.007291012265264518,HD
2024-10-17,-0.007190414355546237,HD
2024-10-18,-0.0014437105262365968,HD
2024-10-21,-0.02072290627353157,HD
2024-10-22,-0.011195836272890558,HD
2024-10-23,-0.005499543166633258,HD
2024-10-24,0.007606790901601768,HD
2024-10-25,-0.009362245659687574,HD
2024-10-28,0.009977215286130825,HD
2024-10-29,-0.01940978192532894,HD
2024-10-30,-0.0064545985857493715,HD
2024-10-31,0.003133626364911768,HD
2024-11-01,-0.0029460410466269904,HD
2024-11-04,0.007590644219480636,HD
2024-11-05,0.0114265210455331,HD
2024-11-06,-0.029293412302178967,HD
2024-11-07,0.028503765644610324,HD
2024-11-08,0.016172620207275612,HD
2024-11-11,0.005888185967913628,HD
2024-11-12,-0.012760591402233734,HD
2024-11-13,0.01763921828420001,HD
2024-11-14,-0.01089739192593231,HD
2024-11-15,0.006063273803797342,HD
2024-11-18,0.005536797016457706,HD
2024-11-19,-0.008868566969071567,HD
2024-11-20,-0.01671580136927009,HD
2024-11-21,0.026125030517578196,HD
2024-11-22,0.023267115382985315,HD
2024-11-25,0.020642889113653196,HD
2024-11-26,0.001982820256404061,HD
2024-11-27,-0.005424628962242495,HD
2024-11-29,0.004541310494906359,HD
2024-12-02,-0.005056773945058879,HD
2024-12-03,0.005597748492293997,HD
2024-12-04,-0.0033305989413133785,HD
2024-12-05,-0.003224913160191689,HD
2024-12-06,0.011323642508336729,HD
2024-12-09,-0.005076853898499101,HD
2024-12-10,-0.015354854490780001,HD
2024-12-11,-0.00286327519715035,HD
2024-12-12,-0.016517137439907015,HD
2024-12-13,0.006177301953686154,HD
2024-12-16,-0.015036738850907616,HD
2024-12-17,-0.005453946290517764,HD
2024-12-18,-0.03586553199183096,HD
2024-12-19,-0.022345279942321716,HD
2024-12-20,0.019687333920667127,HD
2024-12-23,-0.0003820527105260485,HD
2024-12-24,0.009402477580914503,HD
2024-12-26,-0.002524359981375457,HD
2024-12-27,-0.005770180726706653,HD
2024-12-30,-0.008730827276063335,HD
2024-12-31,-0.0011298627473014244,HD
2025-01-02,-0.0013624997881759304,HD
2025-01-03,0.001853475870207788,HD
2025-01-06,0.00048821225392359224,HD
2025-01-07,-0.013200770977004561,HD
2025-01-08,0.007729748160689054,HD
2025-01-10,0.0069473201358474235,HD
2025-01-13,-0.0018210827309760313,HD
2025-01-14,0.009250234265035129,HD
2025-01-15,0.03388664799623009,HD
2025-01-16,0.007978502951545563,HD
2025-01-17,0.00012219556882642202,HD
2025-01-21,0.02210657014271944,HD
2025-01-22,-0.019907718658017104,HD
2025-01-23,0.010460883884598093,HD
2025-01-24,0.000265415062319585,HD
2025-01-27,0.02501808230925806,HD
2025-01-28,-0.014216133439255763,HD
2025-01-29,-0.012916871565970878,HD
2025-01-30,0.0026123229093610867,HD
2025-01-31,-0.006079587487748839,HD
2025-02-03,-0.00781591614844146,HD
2025-02-04,0.006678687747158296,HD
2025-02-05,0.0056623906902733,HD
2025-02-06,0.000821604397740705,HD
2025-02-07,-0.01639465058161793,HD
2025-02-10,0.016250571216672727,HD
2025-02-11,0.005724764301295648,HD
2025-02-12,-0.022144228618271034,HD
2025-02-13,0.012993019199823985,HD
2025-02-14,-0.007104218237795723,HD
2025-02-18,-0.015116001077915109,HD
2025-02-19,-0.019538332623821653,HD
2025-02-20,-0.001997769622881007,HD
2025-02-21,-0.023667206843657862,HD
2025-02-24,-0.007474628747670353,HD
2025-02-25,0.02842423182760956,HD
2025-02-26,-0.007144848578762741,HD
2025-02-27,-0.0005378558869780781,HD
2025-02-28,0.016219584564628242,HD
2025-03-03,-0.017423105284334772,HD
2025-03-04,-0.020554824900413937,HD
2025-03-05,0.01223541583878962,HD
2025-03-06,-0.011958056281095697,HD
2025-03-07,-0.01291494787276748,HD
2025-03-10,-0.0057059287848642,HD
2025-03-11,-0.01732280886188453,HD
2025-03-12,-0.009316581490827147,HD
2025-03-13,-0.04792589164532268,HD
2025-03-14,0.011691857620140356,HD
2025-03-17,0.008027119478000166,HD
2025-03-18,-0.012876620155648055,HD
2025-03-19,0.011013548138713247,HD
2025-03-20,0.005941869464522798,HD
2025-03-21,-0.012291840830979117,HD
2025-03-24,0.035939044102355266,HD
2025-03-25,-0.007642188369729408,HD
2025-03-26,0.0031580228795189402,HD
2025-03-27,0.001656880389433013,HD
2025-03-28,-0.012626518212236815,HD
2025-03-31,0.023286322713999885,HD
2025-04-01,-0.0026467331893097468,HD
2025-04-02,0.014691469129379797,HD
2025-04-03,-0.04038936179106223,HD
2025-04-04,-0.005647522533626881,HD
2025-04-07,-0.03500984556242581,HD
2025-04-08,-0.018359694743802835,HD
2025-04-09,0.06010626715498679,HD
2025-04-10,-0.004980498771190778,HD
2025-04-11,0.0006786670371834447,HD
2025-04-14,0.00943883737560891,HD
2025-04-15,-0.008650690789108295,HD
2025-04-16,-0.02293071489956977,HD
2025-04-17,0.026214652389436655,HD
2025-04-21,-0.022982041678076603,HD
2025-04-22,0.02170654053555232,HD
2025-04-23,0.005614707539080888,HD
2025-04-24,0.009034288478180441,HD
2025-04-25,-0.005728028006521058,HD
2025-04-28,-0.001845665779166561,HD
2025-04-29,0.005827598604769113,HD
2025-04-30,0.004150390625,HD
2025-05-01,-0.006075071432586565,HD
2025-05-02,0.01735975839412296,HD
2025-05-05,-0.007653840972872139,HD
2025-05-06,-0.006496574882210782,HD
2025-05-07,0.009377247123936172,HD
2025-05-08,0.005816637771364652,HD
2025-05-09,-0.0058926546697433135,HD
2025-05-12,0.0382675007852149,HD
2025-05-13,-0.007939643281687836,HD
2025-05-14,-0.0021145838651377424,HD
2025-05-15,0.015611188976508261,HD
2025-05-16,0.005678350550030409,HD
2025-05-19,-0.003676647673124811,HD
2025-05-20,-0.006141644419461412,HD
2025-05-21,-0.01646994206637642,HD
2025-05-22,-0.012700872348155867,HD
2025-05-23,-0.009340981023472805,HD
2025-05-27,0.021201518079378978,HD
2025-05-28,-0.006317484817628172,HD
2025-05-29,0.000624927967868949,HD
2025-05-30,0.0,HD
2025-06-02,-0.0008960793998936678,HD
2025-06-03,0.013914542983167077,HD
2025-06-04,-0.0018226458139145585,HD
2025-06-05,-0.008378075102908777,HD
2025-06-06,-0.005280579000967456,HD
2025-06-09,-0.005798531138473617,HD
2025-06-10,0.007420567810775047,HD
2025-06-11,-0.020249550522886572,HD
2025-06-12,0.007490462939124143,HD
2025-06-13,-0.023405661180432635,HD
2025-06-16,-0.0031015792368953576,HD
2025-06-17,-0.013519625558048864,HD
2025-06-18,-0.005017489552511245,HD
2025-06-20,0.007463321173965198,HD
2025-06-23,0.020994212117159794,HD
2025-06-24,0.009693024583937726,HD
2025-06-25,0.003995260724102057,HD
2025-06-26,0.004532180165884192,HD
2025-06-27,0.014415378911623034,HD
2025-06-30,-0.005695003638207852,HD
2025-07-01,0.017783080823635,HD
2025-07-02,-0.0035105518966066507,HD
2025-07-03,-0.00045720969461826577,HD
2025-07-07,-0.01086950631444894,HD
2025-07-08,-0.00038084714084074545,HD
2025-07-09,0.009632676312712585,HD
2025-07-10,0.006090931425184243,HD
2025-07-11,-0.008652506226550782,HD
2025-07-14,0.00010802828262912456,HD
2025-07-15,-0.030990708592284588,HD
2025-07-16,-0.0034575638559704025,HD
2025-07-17,0.004588737203259363,HD
2025-07-18,0.0010026329740282502,HD
2025-07-21,0.012910447209895981,HD
2025-07-22,0.019146250568893297,HD
2025-07-23,0.014393132792465568,HD
2025-07-24,-0.008662175402564865,HD
2025-07-25,0.006030716508309331,HD
2025-07-28,0.00503547361559642,HD
2025-07-29,0.00029156044948530635,HD
2025-07-30,-0.013939709059929362,HD
2025-07-31,-0.012282242989581027,HD
2025-08-01,0.01673422147169945,HD
2025-08-04,0.01916181446217613,HD
2025-08-05,0.012052928547902741,HD
2025-08-06,0.003606507661067404,HD
2025-08-07,-0.0016286824847873138,HD
2025-08-08,0.0043503965024866975,HD
2025-08-11,-0.0008250801061824298,HD
2025-08-12,0.021856375628682256,HD
2025-08-13,0.028232304736821368,HD
2025-08-14,-0.01684755016198647,HD
2025-08-15,-0.0023481275584733563,HD
2025-08-18,-0.011718144670648911,HD
2025-08-19,0.03166962151864183,HD
2025-08-20,-0.013408697959174543,HD
2025-08-21,-0.010056200840217189,HD
2025-08-22,0.03794316287331467,HD
2025-08-25,-0.009423713190514826,HD
2025-08-26,-0.003325960801816019,HD
2025-08-27,0.001717577844571272,HD
2025-08-28,-0.0019350824177960524,HD
2025-08-29,-0.0016689733046659772,HD
2025-09-02,-0.0011308392150402025,HD
2025-09-03,0.0034456299497835907,HD
2025-09-04,0.009761867674922264,HD
2025-09-05,0.01763465161303812,HD
2025-09-08,0.0023630271047367923,HD
2025-09-09,-0.010953960272354513,HD
2025-09-10,-0.00508014005433266,HD
2025-09-11,0.024659395906613923,HD
2025-09-12,-0.0017240823843408526,HD
2025-09-15,4.729000817715878e-05,HD
2025-09-16,-0.002980717923675491,HD
2025-09-17,-0.010558813805052747,HD
2025-09-18,0.0011511054828012846,HD
2025-09-19,-0.004287650900202,HD
2025-09-22,-0.008876813057168476,HD
2025-09-23,-0.002645622179346163,HD
2025-09-24,-0.0027743657693350965,HD
2025-09-25,-0.005661656218955646,HD
2025-09-26,0.006479283474700059,HD
2024-04-15,,INTC
2024-04-16,-0.001377115116128702,INTC
2024-04-17,-0.015995533458505018,INTC
2024-04-18,-0.01793720247125663,INTC
2024-04-19,-0.023972606468045443,INTC
2024-04-22,0.006140323970408312,INTC
2024-04-23,-0.003778002577498163,INTC
2024-04-24,0.006417772127693011,INTC
2024-04-25,0.017681177111639412,INTC
2024-04-26,-0.0919966218580085,INTC
2024-04-29,-0.01631112183512784,INTC
2024-04-30,-0.028380142846785916,INTC
2024-05-01,-0.003281866635200914,INTC
2024-05-02,0.0046097920902121725,INTC
2024-05-03,0.012782674097761904,INTC
2024-05-06,0.0022653623200123985,INTC
2024-05-07,-0.00936386873130024,INTC
2024-05-08,-0.022164286128154465,INTC
2024-05-09,0.00300000508626308,INTC
2024-05-10,-0.007976064137624195,INTC
2024-05-13,0.022110547369434075,INTC
2024-05-14,0.017699082403399347,INTC
2024-05-15,0.007085385703988534,INTC
2024-05-16,0.024304391122722535,INTC
2024-05-17,-0.0062441106216991615,INTC
2024-05-20,0.008482518098089864,INTC
2024-05-21,-0.011214913399237636,INTC
2024-05-22,-0.010081906021795373,INTC
2024-05-23,-0.042647999660538116,INTC
2024-05-24,0.02127657550770312,INTC
2024-05-28,0.011067713547769698,INTC
2024-05-29,-0.029942057989908788,INTC
2024-05-30,0.0019914163611776114,INTC
2024-05-31,0.02186153811648861,INTC
2024-06-03,-0.01815233254514803,INTC
2024-06-04,-0.008583698284028607,INTC
2024-06-05,0.024975024403963042,INTC
2024-06-06,-0.011695926001319301,INTC
2024-06-07,0.010519385076319887,INTC
2024-06-10,0.005530256264141942,INTC
2024-06-11,0.00032352730285345466,INTC
2024-06-12,-0.00517463929551476,INTC
2024-06-13,-0.009752963009652227,INTC
2024-06-14,-0.00032824431496125683,INTC
2024-06-17,0.01740554239794756,INTC
2024-06-18,-0.011297623842523197,INTC
2024-06-20,-0.0003264225206381921,INTC
2024-06-21,0.015349421961879273,INTC
2024-06-24,-0.016725649894227756,INTC
2024-06-25,0.005561010074943695,INTC
2024-06-26,-0.006506143691605626,INTC
2024-06-27,0.0016371720878085583,INTC
2024-06-28,0.012422332751588883,INTC
2024-07-01,-0.0041975835856911115,INTC
2024-07-02,0.007457832071930959,INTC
2024-07-03,0.005149657192908164,INTC
2024-07-05,0.025296219247743723,INTC
2024-07-08,0.06152408471391735,INTC
2024-07-09,0.017652204898277457,INTC
2024-07-10,0.008094789767612243,INTC
2024-07-11,-0.039288757494972404,INTC
2024-07-12,0.029552288909456603,INTC
2024-07-15,-0.0008698925060612872,INTC
2024-07-16,-0.0034822674136063547,INTC
2024-07-17,0.0034944359741280184,INTC
2024-07-18,0.011897848470833194,INTC
2024-07-19,-0.05420130334217599,INTC
2024-07-22,0.011825330353597563,INTC
2024-07-23,-0.01258610076082467,INTC
2024-07-24,-0.03793626619292645,INTC
2024-07-25,-0.018927456373161622,INTC
2024-07-26,0.008038585110402563,INTC
2024-07-29,-0.016586936249960327,INTC
2024-07-30,-0.022705182117149558,INTC
2024-07-31,0.020245623210831898,INTC
2024-08-01,-0.05497724614967181,INTC
2024-08-02,-0.26058519427314786,INTC
2024-08-05,-0.06378021234083009,INTC
2024-08-06,-0.013923454905385602,INTC
2024-08-07,-0.042360068372148674,INTC
2024-08-08,0.07898894250021771,INTC
2024-08-09,-0.03806738386327191,INTC
2024-08-12,-0.017757406919253427,INTC
2024-08-13,0.05733464194259508,INTC
2024-08-14,-0.026868551807997965,INTC
2024-08-15,0.03865464130595164,INTC
2024-08-16,0.008699869527769355,INTC
2024-08-19,0.031145164944523795,INTC
2024-08-20,-0.024628284171541504,INTC
2024-08-21,0.020009532199798175,INTC
2024-08-22,-0.06118633700507603,INTC
2024-08-23,0.02189057341825995,INTC
2024-08-26,-0.019961136148285097,INTC
2024-08-27,-0.00298059952527574,INTC
2024-08-28,-0.022919735499113303,INTC
2024-08-29,0.02651700837482629,INTC
2024-08-30,0.09488334994485936,INTC
2024-09-03,-0.08802179915931274,INTC
2024-09-04,-0.03333333649643222,INTC
2024-09-05,-0.0015440394325426654,INTC
2024-09-06,-0.026288672108771616,INTC
2024-09-09,0.009528867707344624,INTC
2024-09-10,-0.004719462717784784,INTC
2024-09-11,0.03477343853161896,INTC
2024-09-12,-0.014256557433726447,INTC
2024-09-13,0.015495827872037404,INTC
2024-09-16,0.06358087536631096,INTC
2024-09-17,0.026781418939689328,INTC
2024-09-18,-0.03260358071625158,INTC
2024-09-19,0.017814103212812515,INTC
2024-09-20,0.03311261982733171,INTC
2024-09-23,0.03296700129689234,INTC
2024-09-24,0.011081560546019054,INTC
2024-09-25,0.032003571533393727,INTC
2024-09-26,0.016142699489699153,INTC
2024-09-27,-0.0004180697679740941,INTC
2024-09-30,-0.018820609193276883,INTC
2024-10-01,-0.03282176387315694,INTC
2024-10-02,-0.013221733686558435,INTC
2024-10-03,-0.005806126141598034,INTC
2024-10-04,0.014824794263833319,INTC
2024-10-07,-0.009296192580912077,INTC
2024-10-08,0.042001812748299505,INTC
2024-10-09,0.006003404437415538,INTC
2024-10-10,-0.010230169671106792,INTC
2024-10-11,0.014642556530669149,INTC
2024-10-14,-0.005093333387304666,INTC
2024-10-15,-0.03327647904752351,INTC
2024-10-16,-0.015445736267721055,INTC
2024-10-17,0.00582703143107155,INTC
2024-10-18,0.014705878603042288,INTC
2024-10-21,0.003074207001183993,INTC
2024-10-22,-0.019264471590109133,INTC
2024-10-23,-0.018750003725290343,INTC
2024-10-24,0.016378554042268956,INTC
2024-10-25,0.015219344237493493,INTC
2024-10-28,0.010582000347830522,INTC
2024-10-29,-0.0008726203183724301,INTC
2024-10-30,-0.026200890456968273,INTC
2024-10-31,-0.034977524931955495,INTC
2024-11-01,0.07806692701856766,INTC
2024-11-04,-0.029310357017834243,INTC
2024-11-05,0.03552394408521198,INTC
2024-11-06,0.07418523005471123,INTC
2024-11-07,0.047105802040505296,INTC
2024-11-08,-0.001143682036614968,INTC
2024-11-11,-0.043893186732483325,INTC
2024-11-12,-0.035528918832528955,INTC
2024-11-13,0.03145696331464354,INTC
2024-11-14,0.004414149679566215,INTC
2024-11-15,-0.027167410568174177,INTC
2024-11-18,0.020123193570504183,INTC
2024-11-19,-0.02576487060052457,INTC
2024-11-20,-0.007851261490395833,INTC
2024-11-21,0.017909217037762826,INTC
2024-11-22,0.0024549699112637047,INTC
2024-11-25,0.015102075070750898,INTC
2024-11-26,-0.0329715148573404,INTC
2024-11-27,-0.01663200129810738,INTC
2024-11-29,0.01691330338191066,INTC
2024-12-02,-0.0049895607356131855,INTC
2024-12-03,-0.06101132357718808,INTC
2024-12-04,-0.022696940118673292,INTC
2024-12-05,-0.052823310372190124,INTC
2024-12-06,0.0057692713286059405,INTC
2024-12-09,-0.00525815535135743,INTC
2024-12-10,-0.031234965651684043,INTC
2024-12-11,-0.001984077801659545,INTC
2024-12-12,0.03280317196235538,INTC
2024-12-13,-0.021174230968162955,INTC
2024-12-16,0.0240904507100419,INTC
2024-12-17,-0.018722966446321987,INTC
2024-12-18,-0.05577305612578498,INTC
2024-12-19,-0.01243522179303036,INTC
2024-12-20,0.0241343654097812,INTC
2024-12-23,0.03483608039083452,INTC
2024-12-24,0.00990093307113904,INTC
2024-12-26,0.0019608292291832807,INTC
2024-12-27,-0.006849378343400603,INTC
2024-12-30,-0.02364529853577635,INTC
2024-12-31,0.011604417042266224,INTC
2025-01-02,0.008478807120337217,INTC
2025-01-03,0.016815042736590735,INTC
2025-01-06,-0.03356024536148294,INTC
2025-01-07,0.007045766670125575,INTC
2025-01-08,-0.00649680492894722,INTC
2025-01-10,-0.03672030045539387,INTC
2025-01-13,0.0026110258697236155,INTC
2025-01-14,0.0,INTC
2025-01-15,0.027083256757924667,INTC
2025-01-16,-0.0025354583570744715,INTC
2025-01-17,0.09252667451779328,INTC
2025-01-21,0.013029348051544432,INTC
2025-01-22,0.004134136458219251,INTC
2025-01-23,-0.013266281218218157,INTC
2025-01-24,-0.03430689761649508,INTC
2025-01-27,-0.025924100343569956,INTC
2025-01-28,-0.02414990913538173,INTC
2025-01-29,-0.002525214090259187,INTC
2025-01-30,0.013164568550979139,INTC
2025-01-31,-0.028985503102038956,INTC
2025-02-03,-0.0025733990542378127,INTC
2025-02-04,-0.004643872504465962,INTC
2025-02-05,0.018662451317622786,INTC
2025-02-06,-0.01374048157787533,INTC
2025-02-07,-0.014447822054797221,INTC
2025-02-10,0.035078537325264225,INTC
2025-02-11,0.06069796802253391,INTC
2025-02-12,0.07200764322010311,INTC
2025-02-13,0.07339856103778764,INTC
2025-02-14,-0.02196430989349596,INTC
2025-02-18,0.16059317571683374,INTC
2025-02-19,-0.06097116150083204,INTC
2025-02-20,0.014385725082087575,INTC
2025-02-21,-0.046761184600203176,INTC
2025-02-24,-0.02412546687667183,INTC
2025-02-25,-0.05274003553782591,INTC
2025-02-26,0.023053531619053658,INTC
2025-02-27,-0.018282325544506706,INTC
2025-02-28,0.02771760006145807,INTC
2025-03-03,-0.04171933376383308,INTC
2025-03-04,-0.062005270958838565,INTC
2025-03-05,-0.024378830737160295,INTC
2025-03-06,-0.002883203627207065,INTC
2025-03-07,-0.005301234233810237,INTC
2025-03-10,-0.03439918146648502,INTC
2025-03-11,-0.007526322941967978,INTC
2025-03-12,0.04550048469603496,INTC
2025-03-13,0.14603483622811297,INTC
2025-03-14,0.014767867630974818,INTC
2025-03-17,0.06819132428369734,INTC
2025-03-18,0.008952881956207692,INTC
2025-03-19,-0.06944441480564656,INTC
2025-03-20,-0.006633571691278095,INTC
2025-03-21,0.012520916355276412,INTC
2025-03-24,-0.0016488423392396756,INTC
2025-03-25,-0.0008257040042115582,INTC
2025-03-26,-0.0322314323163172,INTC
2025-03-27,0.008539742198459432,INTC
2025-03-28,-0.03852674523403099,INTC
2025-03-31,0.0,INTC
2025-04-01,-0.029062081638892123,INTC
2025-04-02,-0.0031745894442738454,INTC
2025-04-03,0.020473192552836084,INTC
2025-04-04,-0.1150245157647507,INTC
2025-04-07,-0.014105827771514479,INTC
2025-04-08,-0.07358204172269156,INTC
2025-04-09,0.18753456609289443,INTC
2025-04-10,-0.076637318776416,INTC
2025-04-11,-0.007042223116625057,INTC
2025-04-14,0.028875364814248572,INTC
2025-04-15,-0.02264889692606953,INTC
2025-04-16,-0.031234298605463895,INTC
2025-04-17,-0.015600584721889077,INTC
2025-04-21,-0.0047543661456403985,INTC
2025-04-22,0.035562636457936225,INTC
2025-04-23,0.055356223015685435,INTC
2025-04-24,0.04371052024577837,INTC
2025-04-25,-0.06700793622124324,INTC
2025-04-28,0.02294269373192903,INTC
2025-04-29,-0.008288643315301103,INTC
2025-04-30,-0.011799398688186802,INTC
2025-05-01,-0.005970190893330951,INTC
2025-05-02,0.03203209768069071,INTC
2025-05-05,-0.01697382964232408,INTC
2025-05-06,-0.01628021293801507,INTC
2025-05-07,0.018555612937562582,INTC
2025-05-08,0.03397343930090546,INTC
2025-05-09,0.020000003633044994,INTC
2025-05-12,0.03548086956932117,INTC
2025-05-13,0.017132513775391045,INTC
2025-05-14,-0.04609924790772901,INTC
2025-05-15,0.0013939952908343933,INTC
2025-05-16,0.005104436855960071,INTC
2025-05-19,-0.01292708627045358,INTC
2025-05-20,-0.0051449348606515954,INTC
2025-05-21,-0.02726844904671133,INTC
2025-05-22,-0.006766616403253156,INTC
2025-05-23,-0.024330901146618178,INTC
2025-05-27,0.024937656809272957,INTC
2025-05-28,-0.008759046448164054,INTC
2025-05-29,-0.005891057157065616,INTC
2025-05-30,-0.03456793891059029,INTC
2025-06-02,0.009718697773523965,INTC
2025-06-03,0.027862267010453134,INTC
2025-06-04,-0.0019714595230369003,INTC
2025-06-05,-0.012839517475646267,INTC
2025-06-06,0.0035017356491096052,INTC
2025-06-09,0.02093719279539452,INTC
2025-06-10,0.07812502037268176,INTC
2025-06-11,-0.06340578004382924,INTC
2025-06-12,0.004352038262076974,INTC
2025-06-13,-0.03033226067550443,INTC
2025-06-16,0.029791479625273176,INTC
2025-06-17,0.0028929347446733367,INTC
2025-06-18,0.03317310381570615,INTC
2025-06-20,-0.019078634331264,INTC
2025-06-23,0.00521824529173065,INTC
2025-06-24,0.06418115472989605,INTC
2025-06-25,-0.015520997160207273,INTC
2025-06-26,0.013513478682458668,INTC
2025-06-27,0.008444468180338616,INTC
2025-06-30,-0.012781000824220068,INTC
2025-07-01,0.020089320116201792,INTC
2025-07-02,-0.04245081857809285,INTC
2025-07-03,0.02787937082947267,INTC
2025-07-07,-0.021787451138502223,INTC
2025-07-08,0.07227273420854052,INTC
2025-07-09,-0.006358610324714964,INTC
2025-07-10,0.01621156792272571,INTC
2025-07-11,-0.0163727705560458,INTC
2025-07-14,-0.005548487683396108,INTC
2025-07-15,-0.016308977390959822,INTC
2025-07-16,-0.01003488400832142,INTC
2025-07-17,0.004847893363326472,INTC
2025-07-18,0.013157945370521729,INTC
2025-07-21,0.006926400206489047,INTC
2025-07-22,-0.0008598648996932523,INTC
2025-07-23,0.010757315080127006,INTC
2025-07-24,-0.03661135030784313,INTC
2025-07-25,-0.08528495224927657,INTC
2025-07-28,-0.0009662056534548435,INTC
2025-07-29,-0.013056114786231254,INTC
2025-07-30,-0.0034296764011536585,INTC
2025-07-31,-0.026548717378384046,INTC
2025-08-01,-0.02474746414136264,INTC
2025-08-04,0.009839489348134167,INTC
2025-08-05,0.03538464277218556,INTC
2025-08-06,0.010896449110211037,INTC
2025-08-07,-0.03135714818388824,INTC
2025-08-08,0.00910471932260859,INTC
2025-08-11,0.03508766059253432,INTC
2025-08-12,0.056174327788906186,INTC
2025-08-13,0.01879870964932162,INTC
2025-08-14,0.07380744138958684,INTC
2025-08-15,0.02933775514184722,INTC
2025-08-18,-0.03664493640475497,INTC
2025-08-19,0.06973793868011158,INTC
2025-08-20,-0.06993277707479939,INTC
2025-08-21,-0.0016992741704168202,INTC
2025-08-22,0.05531911647066168,INTC
2025-08-25,-0.01008064547140819,INTC
2025-08-26,-0.00814659314892785,INTC
2025-08-27,0.02053388058180472,INTC
2025-08-28,0.0032193127757740303,INTC
2025-08-29,-0.023265139053593953,INTC
2025-09-02,-0.005749539827671235,INTC
2025-09-03,-0.008674064122841774,INTC
2025-09-04,0.025416692097981697,INTC
2025-09-05,-0.0048761006199619095,INTC
2025-09-08,-0.0004083392803306829,INTC
2025-09-09,-0.001633946443083012,INTC
2025-09-10,0.013502451575080565,INTC
2025-09-11,-0.0064594204463149785,INTC
2025-09-12,-0.021535988358430846,INTC
2025-09-15,0.028654507319094025,INTC
2025-09-16,0.02018570814532561,INTC
2025-09-17,-0.014641900772887517,INTC
2025-09-18,0.22771084992605384,INTC
2025-09-19,-0.03238468370955794,INTC
2025-09-22,-0.027721423155483316,INTC
2025-09-23,0.020166895656822614,INTC
2025-09-24,0.06407631734796637,INTC
2025-09-25,0.08872525387684504,INTC
2025-09-26,0.04442477925765487,INTC
2024-04-15,,JNJ
2024-04-16,-0.021275150535675635,JNJ
2024-04-17,0.0022153501625439276,JNJ
2024-04-18,0.006700291442124584,JNJ
2024-04-19,0.014889516173698158,JNJ
2024-04-22,0.008180592421877408,JNJ
2024-04-23,0.002950660245532255,JNJ
2024-04-24,-0.006886860097021219,JNJ
2024-04-25,-0.011512768256458639,JNJ
2024-04-26,-0.00463157540285819,JNJ
2024-04-29,0.004653126710074895,JNJ
2024-04-30,-0.015188740465076012,JNJ
2024-05-01,0.04557712500725519,JNJ
2024-05-02,-0.008334399840447815,JNJ
2024-05-03,-0.00433560501883079,JNJ
2024-05-06,-0.004622512371251775,JNJ
2024-05-07,0.0009422492120281234,JNJ
2024-05-08,0.0015465016517699492,JNJ
2024-05-09,0.006042357661720343,JNJ
2024-05-10,0.00040038409175835454,JNJ
2024-05-13,0.00873855997993589,JNJ
2024-05-14,0.0010580853115842448,JNJ
2024-05-15,0.008521556642381078,JNJ
2024-05-16,0.010545625398972858,JNJ
2024-05-17,0.0023334237308787475,JNJ
2024-05-20,-0.021792518950391915,JNJ
2024-05-21,-0.00019831280789051053,JNJ
2024-05-22,0.014943099872725796,JNJ
2024-05-23,-0.02475572020689132,JNJ
2024-05-24,-0.018236444777503524,JNJ
2024-05-28,-0.01762261901325879,JNJ
2024-05-29,0.00041555309990770617,JNJ
2024-05-30,0.00581553810365909,JNJ
2024-05-31,0.009567727156716721,JNJ
2024-06-03,0.007295338771234228,JNJ
2024-06-04,0.00040610231733428925,JNJ
2024-06-05,-0.012381608885446704,JNJ
2024-06-06,0.003082804305535314,JNJ
2024-06-07,0.004507605998927966,JNJ
2024-06-10,0.0003399717917820233,JNJ
2024-06-11,-0.0025148532841501314,JNJ
2024-06-12,-0.009198629703298877,JNJ
2024-06-13,0.00027503806564599387,JNJ
2024-06-14,0.0006187441717351305,JNJ
2024-06-17,0.0028171202488878055,JNJ
2024-06-18,-0.002055519410967821,JNJ
2024-06-20,0.014624133004264461,JNJ
2024-06-21,0.0065638193850019455,JNJ
2024-06-24,0.0024873621323528994,JNJ
2024-06-25,-0.01294254787404292,JNJ
2024-06-26,-0.0025137245128777908,JNJ
2024-06-27,-0.006947311140017121,JNJ
2024-06-28,0.0024691399370120326,JNJ
2024-07-01,0.0019157004124341626,JNJ
2024-07-02,-0.0027998064413679025,JNJ
2024-07-03,-0.0023282636494743603,JNJ
2024-07-05,0.005422426198740338,JNJ
2024-07-08,-0.006826870761657111,JNJ
2024-07-09,0.010791912086381528,JNJ
2024-07-10,0.016184900201503094,JNJ
2024-07-11,0.0018068947714315886,JNJ
2024-07-12,0.001202457837274018,JNJ
2024-07-15,-0.0042700785214734305,JNJ
2024-07-16,0.011860017076674279,JNJ
2024-07-17,0.036885024348283224,JNJ
2024-07-18,-0.007408376858757393,JNJ
2024-07-19,-0.004696922765019873,JNJ
2024-07-22,-0.002909024120111736,JNJ
2024-07-23,-0.01225362631183391,JNJ
2024-07-24,0.0257958156766398,JNJ
2024-07-25,0.021499876098006965,JNJ
2024-07-26,0.006264094235926443,JNJ
2024-07-29,-0.0129482186190093,JNJ
2024-07-30,0.017469754762309053,JNJ
2024-07-31,-0.02157066688180742,JNJ
2024-08-01,0.01843514913399491,JNJ
2024-08-02,0.0210251617212438,JNJ
2024-08-05,-0.017606917268154332,JNJ
2024-08-06,-0.014139527313469014,JNJ
2024-08-07,-0.0004403807239176105,JNJ
2024-08-08,0.008307157803156828,JNJ
2024-08-09,0.0024965291064589223,JNJ
2024-08-12,-0.004607086644692671,JNJ
2024-08-13,-0.009319523690634046,JNJ
2024-08-14,0.0005681945718631898,JNJ
2024-08-15,0.0038490700832696234,JNJ
2024-08-16,0.001885744287281499,JNJ
2024-08-19,0.0015057751056095636,JNJ
2024-08-20,0.003320170162783409,JNJ
2024-08-21,0.007929501652305104,JNJ
2024-08-22,0.005699148048542213,JNJ
2024-08-23,0.010963958807380214,JNJ
2024-08-26,0.0029244849403482487,JNJ
2024-08-27,-0.010084464224253131,JNJ
2024-08-28,0.005952753843936787,JNJ
2024-08-29,0.001891151549881398,JNJ
2024-08-30,0.009925135025374399,JNJ
2024-09-03,0.007837953979102252,JNJ
2024-09-04,0.0011964402001716223,JNJ
2024-09-05,-0.01416106063900735,JNJ
2024-09-06,-0.003697197345549741,JNJ
2024-09-09,0.013566100871750475,JNJ
2024-09-10,0.004621596960807439,JNJ
2024-09-11,-0.015294524339308446,JNJ
2024-09-12,-0.0010921485655331908,JNJ
2024-09-13,0.005345024818238953,JNJ
2024-09-16,0.00888110912734974,JNJ
2024-09-17,0.0004790815523265657,JNJ
2024-09-18,-0.005506753979779178,JNJ
2024-09-19,-0.008004734403386338,JNJ
2024-09-20,-0.004004390442788108,JNJ
2024-09-23,-0.005726135602074245,JNJ
2024-09-24,-0.0026957630076922534,JNJ
2024-09-25,-0.013392263743268407,JNJ
2024-09-26,0.0049190115573445325,JNJ
2024-09-27,6.19276713162975e-05,JNJ
2024-09-30,0.004089242175143282,JNJ
2024-10-01,-0.00043188983391406754,JNJ
2024-10-02,-0.005062085909080083,JNJ
2024-10-03,-0.004157089883707665,JNJ
2024-10-04,-0.0013084530459014365,JNJ
2024-10-07,-0.004741372129695387,JNJ
2024-10-08,0.0010029691176185462,JNJ
2024-10-09,0.006011593965817408,JNJ
2024-10-10,-0.0008714559288351964,JNJ
2024-10-11,0.005918710607087929,JNJ
2024-10-14,0.0008670840073514707,JNJ
2024-10-15,0.015470296445400988,JNJ
2024-10-16,0.0010968474654882154,JNJ
2024-10-17,0.0011565768372174823,JNJ
2024-10-18,0.003952051387244415,JNJ
2024-10-21,-0.013868661299968998,JNJ
2024-10-22,0.003807622122554477,JNJ
2024-10-23,0.014744592885324481,JNJ
2024-10-24,-0.013203921580533073,JNJ
2024-10-25,-0.01704645516799541,JNJ
2024-10-28,0.004475392832238967,JNJ
2024-10-29,-0.009344119483867708,JNJ
2024-10-30,0.0032481996649147415,JNJ
2024-10-31,-0.004669696763276554,JNJ
2024-11-01,0.0016890045754414107,JNJ
2024-11-04,-0.011802905964010901,JNJ
2024-11-05,0.000695150445734205,JNJ
2024-11-06,-0.0029681162146333318,JNJ
2024-11-07,-0.007284070938096576,JNJ
2024-11-08,-0.008039268430953816,JNJ
2024-11-11,-0.002765857922390258,JNJ
2024-11-12,-0.015479837463970303,JNJ
2024-11-13,0.003930857612125527,JNJ
2024-11-14,-0.008940291874615425,JNJ
2024-11-15,0.01402518569365152,JNJ
2024-11-18,0.005000027743252922,JNJ
2024-11-19,-0.011436352158684326,JNJ
2024-11-20,0.0007189582375919379,JNJ
2024-11-21,0.015609688329443205,JNJ
2024-11-22,-0.002122198270448128,JNJ
2024-11-25,0.003931176242506718,JNJ
2024-11-26,-0.008088294496786164,JNJ
2024-11-27,0.005694988349028041,JNJ
2024-11-29,-0.0025096486806056584,JNJ
2024-12-02,-0.001354696229402541,JNJ
2024-12-03,-0.015762289362426074,JNJ
2024-12-04,-0.01240482660853981,JNJ
2024-12-05,-0.0063135305412058695,JNJ
2024-12-06,-0.0014045392446919713,JNJ
2024-12-09,0.0019423250262131653,JNJ
2024-12-10,-0.002473331289308489,JNJ
2024-12-11,-0.0173557355226317,JNJ
2024-12-12,-0.002727727074121944,JNJ
2024-12-13,0.002598397222032478,JNJ
2024-12-16,-0.018892300545078733,JNJ
2024-12-17,0.01779629787955339,JNJ
2024-12-18,-0.011338048088164743,JNJ
2024-12-19,-0.008082888904630825,JNJ
2024-12-20,0.006198630577367359,JNJ
2024-12-23,0.00553750290716537,JNJ
2024-12-24,0.003992578054633045,JNJ
2024-12-26,-0.0018512462198273516,JNJ
2024-12-27,-0.003640601543005495,JNJ
2024-12-30,-0.011789084301204844,JNJ
2024-12-31,0.00892980892980888,JNJ
2025-01-02,-0.00414874059593473,JNJ
2025-01-03,0.001180378863367526,JNJ
2025-01-06,-0.003675697137963785,JNJ
2025-01-07,0.017889405540280734,JNJ
2025-01-08,-0.02708056876686593,JNJ
2025-01-10,-0.001476113780562005,JNJ
2025-01-13,0.016964688888688295,JNJ
2025-01-14,0.0019381101746454021,JNJ
2025-01-15,0.0015198702639249717,JNJ
2025-01-16,0.019314361786443524,JNJ
2025-01-17,-0.005007819393438084,JNJ
2025-01-21,0.007617459882242716,JNJ
2025-01-22,-0.019439687766951597,JNJ
2025-01-23,0.009430681330593327,JNJ
2025-01-24,0.0012275500226373026,JNJ
2025-01-27,0.04134308515613605,JNJ
2025-01-28,-0.016416995989640082,JNJ
2025-01-29,0.005120288526868411,JNJ
2025-01-30,0.011379432948446455,JNJ
2025-01-31,-0.004709892351021483,JNJ
2025-02-03,-0.0018402812390999612,JNJ
2025-02-04,0.010667086508605594,JNJ
2025-02-05,0.007818078736700818,JNJ
2025-02-06,-0.007628210717866346,JNJ
2025-02-07,-0.002540547219100242,JNJ
2025-02-10,0.007314592552849719,JNJ
2025-02-11,0.012253626311833798,JNJ
2025-02-12,-0.005572345793683708,JNJ
2025-02-13,0.012817245675456057,JNJ
2025-02-14,-0.006995269338732069,JNJ
2025-02-18,-0.007428680426906031,JNJ
2025-02-19,0.018710844529986614,JNJ
2025-02-20,0.011336964298260366,JNJ
2025-02-21,0.016407881363674104,JNJ
2025-02-24,0.008872473286072768,JNJ
2025-02-25,0.01435196510253367,JNJ
2025-02-26,-0.018122671883937236,JNJ
2025-02-27,0.003985736382059457,JNJ
2025-02-28,0.007878877289342556,JNJ
2025-03-03,0.01369527601698839,JNJ
2025-03-04,-0.011119085508875304,JNJ
2025-03-05,-0.0018135839383301988,JNJ
2025-03-06,0.004299943888462998,JNJ
2025-03-07,0.005186037513451369,JNJ
2025-03-10,0.006059118675644459,JNJ
2025-03-11,-0.010971952125070739,JNJ
2025-03-12,-0.01814780233787172,JNJ
2025-03-13,0.0008596830482121565,JNJ
2025-03-14,-0.0011044108749224124,JNJ
2025-03-17,0.00018425637090291325,JNJ
2025-03-18,0.008658828873857383,JNJ
2025-03-19,-0.007671199432791043,JNJ
2025-03-20,0.00018405287616318766,JNJ
2025-03-21,0.0037418758088856308,JNJ
2025-03-24,-0.002077929392736988,JNJ
2025-03-25,-0.013901580666331292,JNJ
2025-03-26,0.004347266983409925,JNJ
2025-03-27,0.008718795767167498,JNJ
2025-03-28,0.0035554576944403227,JNJ
2025-03-31,0.013010747887551188,JNJ
2025-04-01,-0.07591652566271856,JNJ
2025-04-02,0.013768356348134114,JNJ
2025-04-03,0.028707561124777792,JNJ
2025-04-04,-0.04117132730263351,JNJ
2025-04-07,-0.017097430710373063,JNJ
2025-04-08,-0.004116286929269353,JNJ
2025-04-09,0.006466674804687544,JNJ
2025-04-10,-0.015102330005043463,JNJ
2025-04-11,0.020445176112837693,JNJ
2025-04-14,0.01733345387773677,JNJ
2025-04-15,-0.004794023647564316,JNJ
2025-04-16,0.0018878307130569816,JNJ
2025-04-17,0.023130384470715137,JNJ
2025-04-21,-0.003492748126590506,JNJ
2025-04-22,0.005289331128853769,JNJ
2025-04-23,-0.015023740837955657,JNJ
2025-04-24,-0.002896204098916333,JNJ
2025-04-25,-0.002259025761777278,JNJ
2025-04-28,0.004981267067796447,JNJ
2025-04-29,0.003604747580251866,JNJ
2025-04-30,0.002565543500026024,JNJ
2025-05-01,-0.011835396798807296,JNJ
2025-05-02,0.010747043449217175,JNJ
2025-05-05,-0.007173937690343912,JNJ
2025-05-06,-0.0034193469632056717,JNJ
2025-05-07,0.01832072123189299,JNJ
2025-05-08,-0.010425933616217464,JNJ
2025-05-09,-0.009250946983992536,JNJ
2025-05-12,-0.0005187513320026316,JNJ
2025-05-13,-0.03697934975225503,JNJ
2025-05-14,-0.014012407685561223,JNJ
2025-05-15,0.022205520541451307,JNJ
2025-05-16,0.011496565829063332,JNJ
2025-05-19,0.007665391185314396,JNJ
2025-05-20,0.007672621987004691,JNJ
2025-05-21,-0.00312385119672165,JNJ
2025-05-22,-0.003721060795688458,JNJ
2025-05-23,0.0021623866701714345,JNJ
2025-05-27,0.0020269226732392287,JNJ
2025-05-28,-0.005350781887234923,JNJ
2025-05-29,0.007544507055901484,JNJ
2025-05-30,0.010613392781474218,JNJ
2025-06-02,0.0012240652947552721,JNJ
2025-06-03,-0.006306279060679154,JNJ
2025-06-04,-0.00777099444677698,JNJ
2025-06-05,0.002871703680333848,JNJ
2025-06-06,0.008915756114389106,JNJ
2025-06-09,0.0012900532143260701,JNJ
2025-06-10,0.007859313626758624,JNJ
2025-06-11,-0.007606279735498767,JNJ
2025-06-12,0.009017191838247784,JNJ
2025-06-13,0.002808645672926602,JNJ
2025-06-16,-0.011966930679644494,JNJ
2025-06-17,-0.01829658752451957,JNJ
2025-06-18,-0.010828252411084871,JNJ
2025-06-20,-0.00623633296656767,JNJ
2025-06-23,0.010214394196301546,JNJ
2025-06-24,0.005749372687535281,JNJ
2025-06-25,0.0005913419833558642,JNJ
2025-06-26,-0.0017730777162158207,JNJ
2025-06-27,0.0026314661517565785,JNJ
2025-06-30,0.002230800667418098,JNJ
2025-07-01,0.020752852169854785,JNJ
2025-07-02,-0.0023088802884764226,JNJ
2025-07-03,0.002892754919674667,JNJ
2025-07-07,-0.004743223257677731,JNJ
2025-07-08,0.0033489341106696102,JNJ
2025-07-09,0.0031452950399970536,JNJ
2025-07-10,0.009022291228070856,JNJ
2025-07-11,-0.005009883522675618,JNJ
2025-07-14,-0.0005097933421106537,JNJ
2025-07-15,-0.01052167503003687,JNJ
2025-07-16,0.061932079163192544,JNJ
2025-07-17,-0.010923674384587745,JNJ
2025-07-18,0.004417727571344399,JNJ
2025-07-21,0.004031787870576675,JNJ
2025-07-22,0.021720564931689612,JNJ
2025-07-23,0.006967268973763874,JNJ
2025-07-24,0.0027202332257547646,JNJ
2025-07-25,-0.007430965587272631,JNJ
2025-07-28,-0.012358893602723353,JNJ
2025-07-29,0.011370469111830594,JNJ
2025-07-30,-0.005056249482062514,JNJ
2025-07-31,-0.015066298555742708,JNJ
2025-08-01,0.01572172059929966,JNJ
2025-08-04,0.02217170510058275,JNJ
2025-08-05,-0.0017539043775972596,JNJ
2025-08-06,-0.0008785823500482293,JNJ
2025-08-07,0.005510302254443822,JNJ
2025-08-08,0.010493809039629376,JNJ
2025-08-11,0.002827009103949951,JNJ
2025-08-12,-0.0059832499200278555,JNJ
2025-08-13,0.009491835867780685,JNJ
2025-08-14,0.0017200037547713265,JNJ
2025-08-15,0.010989000432297447,JNJ
2025-08-18,-0.0022078769870698123,JNJ
2025-08-19,0.00879434355607267,JNJ
2025-08-20,0.005849230980215836,JNJ
2025-08-21,0.0005032226556334063,JNJ
2025-08-22,0.0020119634778272832,JNJ
2025-08-25,-0.004908191516405758,JNJ
2025-08-26,-0.010761718118573627,JNJ
2025-08-27,0.0016997438020951439,JNJ
2025-08-28,-0.00757959380496076,JNJ
2025-08-29,0.009803369909493487,JNJ
2025-09-02,0.005023420437131554,JNJ
2025-09-03,-0.00033695136143085946,JNJ
2025-09-04,0.004269632060876161,JNJ
2025-09-05,-0.001846060870415056,JNJ
2025-09-08,-0.001681263270092992,JNJ
2025-09-09,-0.006568226221713935,JNJ
2025-09-10,-0.006611739282007423,JNJ
2025-09-11,0.015416160289943859,JNJ
2025-09-12,-0.0024649996717437395,JNJ
2025-09-15,-0.0037066363650386513,JNJ
2025-09-16,-0.005298687795703527,JNJ
2025-09-17,0.004193529447014566,JNJ
2025-09-18,-0.01715571861449161,JNJ
2025-09-19,0.01165594129887193,JNJ
2025-09-22,-0.01123784380556736,JNJ
2025-09-23,0.013604242155160096,JNJ
2025-09-24,0.0006229505561836657,JNJ
2025-09-25,0.005885976975283036,JNJ
2025-09-26,0.011140556090281306,JNJ
2024-04-15,,JPM
2024-04-16,-0.011427614111572448,JPM
2024-04-17,-0.003982307569414201,JPM
2024-04-18,0.006497102160421875,JPM
2024-04-19,0.02510346511314654,JPM
2024-04-22,0.019429497045519106,JPM
2024-04-23,0.014413154927176652,JPM
2024-04-24,0.004892278777934189,JPM
2024-04-25,0.0015019333094192788,JPM
2024-04-26,0.0006206256348293415,JPM
2024-04-29,-0.0010853620750690407,JPM
2024-04-30,-0.00796768054562802,JPM
2024-05-01,0.0006258220180961338,JPM
2024-05-02,-0.001042410860033094,JPM
2024-05-03,-0.00600025635656809,JPM
2024-05-06,0.007821140812172,JPM
2024-05-07,-0.0013020833333333703,JPM
2024-05-08,0.020338951220257417,JPM
2024-05-09,0.009455692109525016,JPM
2024-05-10,0.006430401379549089,JPM
2024-05-13,-0.00020128059597479542,JPM
2024-05-14,0.013988823222782498,JPM
2024-05-15,0.002977550096133097,JPM
2024-05-16,0.0017812112674504554,JPM
2024-05-17,0.011458448419234157,JPM
2024-05-20,-0.04497285881644575,JPM
2024-05-21,0.02014522141588726,JPM
2024-05-22,-0.006064588452067365,JPM
2024-05-23,-0.007009224984926621,JPM
2024-05-24,0.019246438046735426,JPM
2024-05-28,-0.00602863172433743,JPM
2024-05-29,-0.006967415486959561,JPM
2024-05-30,0.006158201084975223,JPM
2024-05-31,0.016555475951657295,JPM
2024-06-03,-0.003997421601318107,JPM
2024-06-04,-0.013180079107995235,JPM
2024-06-05,-0.009540114080821893,JPM
2024-06-06,-0.0017742616570661784,JPM
2024-06-07,0.015438490831320761,JPM
2024-06-10,-0.0017004068171035946,JPM
2024-06-11,-0.026301287430223752,JPM
2024-06-12,-0.014560618554062543,JPM
2024-06-13,0.011120998780284719,JPM
2024-06-14,0.0006196174476835736,JPM
2024-06-17,0.006192573824963743,JPM
2024-06-18,0.010360059066180538,JPM
2024-06-20,0.008477148065712203,JPM
2024-06-21,-0.011929305577242255,JPM
2024-06-24,0.013143157365995695,JPM
2024-06-25,-0.004072795347481173,JPM
2024-06-26,-0.0032312547320193508,JPM
2024-06-27,0.008813278416220705,JPM
2024-06-28,0.015514366452268336,JPM
2024-07-01,0.015771791397425572,JPM
2024-07-02,0.016451715419903312,JPM
2024-07-03,-0.0006703988336009825,JPM
2024-07-05,-0.018688049785079874,JPM
2024-07-08,0.0018555832573399211,JPM
2024-07-09,0.01199008985632255,JPM
2024-07-10,0.0008187553096734579,JPM
2024-07-11,-0.001684341185637317,JPM
2024-07-12,-0.012099274734924004,JPM
2024-07-15,0.02493412974274034,JPM
2024-07-16,0.01699591532283873,JPM
2024-07-17,0.015213931627594768,JPM
2024-07-18,-0.031770182804335745,JPM
2024-07-19,-0.0009524571497834255,JPM
2024-07-22,0.00238344934173651,JPM
2024-07-23,0.00023779271470458774,JPM
2024-07-24,-0.008272740350954266,JPM
2024-07-25,0.0003835362791084762,JPM
2024-07-26,0.017108388151364062,JPM
2024-07-29,-0.006549186551416675,JPM
2024-07-30,0.020583335130471614,JPM
2024-07-31,-0.011106461092676545,JPM
2024-08-01,-0.022744343366919106,JPM
2024-08-02,-0.0424120361582514,JPM
2024-08-05,-0.02129158133051834,JPM
2024-08-06,0.027911763015731728,JPM
2024-08-07,0.00029947868468838124,JPM
2024-08-08,0.01826349188413623,JPM
2024-08-09,0.008526930873183236,JPM
2024-08-12,0.0018950407379263456,JPM
2024-08-13,0.008487317422178675,JPM
2024-08-14,0.011060897493284871,JPM
2024-08-15,0.006230962349534019,JPM
2024-08-16,0.011439367213590845,JPM
2024-08-19,0.006916837496357742,JPM
2024-08-20,-0.004316512828750119,JPM
2024-08-21,0.0003729341295046762,JPM
2024-08-22,0.009459453502147941,JPM
2024-08-23,0.007755124580687944,JPM
2024-08-26,0.0039393551370487945,JPM
2024-08-27,0.004608269905890028,JPM
2024-08-28,0.005041332760811201,JPM
2024-08-29,0.00415750126823311,JPM
2024-08-30,0.011655624227695949,JPM
2024-09-03,-0.02001779332255582,JPM
2024-09-04,-0.004403092180054302,JPM
2024-09-05,-0.007750863694204746,JPM
2024-09-06,-0.023755907057619208,JPM
2024-09-09,0.020474398509197744,JPM
2024-09-10,-0.051888751103184916,JPM
2024-09-11,0.008124139855903989,JPM
2024-09-12,-0.003040050364387037,JPM
2024-09-13,-0.011035811771247017,JPM
2024-09-16,0.017325730027581088,JPM
2024-09-17,0.0066871903471898975,JPM
2024-09-18,-0.008219838569668458,JPM
2024-09-19,0.014214797694763304,JPM
2024-09-20,0.0028981405489061363,JPM
2024-09-23,0.0016580894859430373,JPM
2024-09-24,0.0007093922377623407,JPM
2024-09-25,-0.006616541049741853,JPM
2024-09-26,-0.001950633509429922,JPM
2024-09-27,0.0034321728710686727,JPM
2024-09-30,0.0017102166762543725,JPM
2024-10-01,-0.018116320369730765,JPM
2024-10-02,0.0012074961751689095,JPM
2024-10-03,-0.009937756888004912,JPM
2024-10-04,0.02918679344083963,JPM
2024-10-07,-0.0013730164910795706,JPM
2024-10-08,-0.0008533289813266176,JPM
2024-10-09,0.012669030457628905,JPM
2024-10-10,-0.0027176545592300094,JPM
2024-10-11,0.04439953538262609,JPM
2024-10-14,-0.003643877741051127,JPM
2024-10-15,0.004108739749249635,JPM
2024-10-16,0.005620756344397737,JPM
2024-10-17,0.0034877427178752196,JPM
2024-10-18,0.004233120737872076,JPM
2024-10-21,-0.010516018851378872,JPM
2024-10-22,0.005022399628643592,JPM
2024-10-23,-0.00316790768582198,JPM
2024-10-24,0.007027402711134556,JPM
2024-10-25,-0.011867713661879553,JPM
2024-10-28,0.014349343153429173,JPM
2024-10-29,-0.011529960547741136,JPM
2024-10-30,0.006774382265466894,JPM
2024-10-31,-0.011095786518114492,JPM
2024-11-01,0.004596270191406626,JPM
2024-11-04,-0.014174233549404835,JPM
2024-11-05,0.0077805383718487775,JPM
2024-11-06,0.11544535388175281,JPM
2024-11-07,-0.04322833636088064,JPM
2024-11-08,0.0025382470273829227,JPM
2024-11-11,0.009747647903790124,JPM
2024-11-12,0.0011283558863159904,JPM
2024-11-13,0.006678936883543152,JPM
2024-11-14,0.002944068022460611,JPM
2024-11-15,0.014222526608724362,JPM
2024-11-18,-0.0011414079413131217,JPM
2024-11-19,-0.007917407872795379,JPM
2024-11-20,-0.009502643438205838,JPM
2024-11-21,0.016529594433577488,JPM
2024-11-22,0.015484591559001837,JPM
2024-11-25,0.007000564123962771,JPM
2024-11-26,-0.0012784852531594337,JPM
2024-11-27,-0.0007201181489429054,JPM
2024-11-29,-0.0002802036403015684,JPM
2024-12-02,-0.013895567850956136,JPM
2024-12-03,-0.005807076855964488,JPM
2024-12-04,-0.005800234397729698,JPM
2024-12-05,0.008545611681236576,JPM
2024-12-06,0.007658485072238319,JPM
2024-12-09,-0.01435156469517429,JPM
2024-12-10,-0.0038964642867603816,JPM
2024-12-11,0.0027587835265645566,JPM
2024-12-12,-0.008212540590584627,JPM
2024-12-13,-0.006583018034722499,JPM
2024-12-16,-0.0015003776222743959,JPM
2024-12-17,-0.005092249817926997,JPM
2024-12-18,-0.03352074791367943,JPM
2024-12-19,0.011242833926189855,JPM
2024-12-20,0.019917579223576842,JPM
2024-12-23,0.0033248874824887142,JPM
2024-12-24,0.016443635131430545,JPM
2024-12-26,0.0034253717940546657,JPM
2024-12-27,-0.008102332917859667,JPM
2024-12-30,-0.007670899609289683,JPM
2024-12-31,0.0016296146486409757,JPM
2025-01-02,0.0012097671269892807,JPM
2025-01-03,0.01366666158040375,JPM
2025-01-06,-0.009988460572074143,JPM
2025-01-07,0.009632518192391304,JPM
2025-01-08,-0.0001644663668789459,JPM
2025-01-10,-0.013408504504395902,JPM
2025-01-13,0.018093182494790083,JPM
2025-01-14,0.01334914384018493,JPM
2025-01-15,0.019719581600762703,JPM
2025-01-16,0.007608472845281877,JPM
2025-01-17,0.019231522820161606,JPM
2025-01-21,0.014932840957330606,JPM
2025-01-22,-0.0007223603478235807,JPM
2025-01-23,0.011832353950966379,JPM
2025-01-24,-0.004173776342136559,JPM
2025-01-27,0.0038136602461524838,JPM
2025-01-28,0.004852392384070869,JPM
2025-01-29,-0.002096384088729253,JPM
2025-01-30,0.006189603485538431,JPM
2025-01-31,-0.0034672600203814463,JPM
2025-02-03,-0.0018331098269802615,JPM
2025-02-04,0.004235241906796805,JPM
2025-02-05,0.009293088794830151,JPM
2025-02-06,0.023924865569404652,JPM
2025-02-07,-0.003972575398202616,JPM
2025-02-10,-0.01725880876985386,JPM
2025-02-11,0.014573426671060874,JPM
2025-02-12,0.0016728680642672522,JPM
2025-02-13,0.0031584500948709238,JPM
2025-02-14,0.0009770881822359634,JPM
2025-02-18,0.012148002146237902,JPM
2025-02-19,-0.0025004900035995314,JPM
2025-02-20,-0.04458375006994186,JPM
2025-02-21,-0.009595193687116144,JPM
2025-02-24,-0.010974848636317813,JPM
2025-02-25,-0.015076155569820116,JPM
2025-02-26,0.0054002124374428195,JPM
2025-02-27,0.0010045953841442135,JPM
2025-02-28,0.021617472948854743,JPM
2025-03-03,-0.015227654911162292,JPM
2025-03-04,-0.03978971418721977,JPM
2025-03-05,0.005114880236950503,JPM
2025-03-06,-0.019838609777685035,JPM
2025-03-07,-0.01727912153340494,JPM
2025-03-10,-0.04152219584480776,JPM
2025-03-11,-0.013263292631401913,JPM
2025-03-12,-0.005411562784616519,JPM
2025-03-13,-0.01189114316654627,JPM
2025-03-14,0.03219503495447773,JPM
2025-03-17,0.006410214329397146,JPM
2025-03-18,0.004445811043833459,JPM
2025-03-19,0.017619267856068932,JPM
2025-03-20,-0.0004182430816793703,JPM
2025-03-21,0.010961928104231022,JPM
2025-03-24,0.026610903223296845,JPM
2025-03-25,0.012376067703111282,JPM
2025-03-26,-0.0003982244318526673,JPM
2025-03-27,-0.011592254616022313,JPM
2025-03-28,-0.021239678854510946,JPM
2025-03-31,0.010088519195663004,JPM
2025-04-01,-0.006685688419263536,JPM
2025-04-02,0.00886482651910625,JPM
2025-04-03,-0.06968515325206737,JPM
2025-04-04,-0.08050200474691183,JPM
2025-04-07,0.019783163811388338,JPM
2025-04-08,0.011331806790317644,JPM
2025-04-09,0.0805551787432055,JPM
2025-04-10,-0.030852589572947897,JPM
2025-04-11,0.04002464142248918,JPM
2025-04-14,-0.006265858368589949,JPM
2025-04-15,-0.006774012992593614,JPM
2025-04-16,-0.015098889884338718,JPM
2025-04-17,0.01023477242832982,JPM
2025-04-21,-0.012803936604324884,JPM
2025-04-22,0.02882217863837555,JPM
2025-04-23,0.022454300382664716,JPM
2025-04-24,0.015609408961383853,JPM
2025-04-25,-0.004455511529635636,JPM
2025-04-28,-0.0013549654153958146,JPM
2025-04-29,0.005756080459904167,JPM
2025-04-30,0.0,JPM
2025-05-01,0.009279716776110059,JPM
2025-05-02,0.02276315416210073,JPM
2025-05-05,0.00019802404992108613,JPM
2025-05-06,-0.013105787102432265,JPM
2025-05-07,0.0005616826064129832,JPM
2025-05-08,0.01635992558258148,JPM
2025-05-09,-0.0015386412110711678,JPM
2025-05-12,0.027540642925105274,JPM
2025-05-13,0.011382511484725688,JPM
2025-05-14,0.009999637980152132,JPM
2025-05-15,0.0069642203129143265,JPM
2025-05-16,0.00026171941670560805,JPM
2025-05-19,-0.010016417626832808,JPM
2025-05-20,0.0030201894375632143,JPM
2025-05-21,-0.01746455984181583,JPM
2025-05-22,-0.0014173885422771315,JPM
2025-05-23,0.00015336642223640062,JPM
2025-05-27,0.01756747819399518,JPM
2025-05-28,-0.006785096507854638,JPM
2025-05-29,0.0033398038461716073,JPM
2025-05-30,-0.0013995352120935722,JPM
2025-06-02,0.002500013871626461,JPM
2025-06-03,0.0060832212245336414,JPM
2025-06-04,-0.007698906664481364,JPM
2025-06-05,-0.008591283790721604,JPM
2025-06-06,0.014430229445110188,JPM
2025-06-09,0.0038007722360680063,JPM
2025-06-10,0.006973142150550116,JPM
2025-06-11,-0.0016753990945845842,JPM
2025-06-12,0.000335619391904185,JPM
2025-06-13,-0.01226505423173152,JPM
2025-06-16,0.020418844669853886,JPM
2025-06-17,-0.0031069551094935477,JPM
2025-06-18,0.016473740807332105,JPM
2025-06-20,0.003796205932837582,JPM
2025-06-23,0.011890869140624982,JPM
2025-06-24,0.010745034930109698,JPM
2025-06-25,0.009955157845944695,JPM
2025-06-26,0.016510605089471664,JPM
2025-06-27,-0.005679704410173181,JPM
2025-06-30,0.009752423995697201,JPM
2025-07-01,0.0017246731526476822,JPM
2025-07-02,0.005475005398714039,JPM
2025-07-03,0.013698630136986356,JPM
2025-07-07,-0.013614860740867818,JPM
2025-07-08,-0.03147584478879195,JPM
2025-07-09,0.001343818107549799,JPM
2025-07-10,0.01776380390678023,JPM
2025-07-11,-0.004615070191805737,JPM
2025-07-14,0.006414372688521519,JPM
2025-07-15,-0.007447261250964843,JPM
2025-07-16,-0.0025474803693846804,JPM
2025-07-17,0.014274671008728701,JPM
2025-07-18,0.004725750762439418,JPM
2025-07-21,-0.0010299303199227117,JPM
2025-07-22,0.0015808896214328794,JPM
2025-07-23,0.018289185134672925,JPM
2025-07-24,-0.0007077165579759681,JPM
2025-07-25,0.006980298126546769,JPM
2025-07-28,-0.0011385585139976895,JPM
2025-07-29,-0.004157135039056015,JPM
2025-07-30,0.008719351815864584,JPM
2025-07-31,-0.011314002580493754,JPM
2025-08-01,-0.02319064050654407,JPM
2025-08-04,0.016898831015486504,JPM
2025-08-05,-0.009821295971339628,JPM
2025-08-06,-6.860354191184914e-05,JPM
2025-08-07,-0.015136446094813238,JPM
2025-08-08,0.006342814904625849,JPM
2025-08-11,0.0027704244559974,JPM
2025-08-12,0.011362096189602822,JPM
2025-08-13,-0.007922169287572722,JPM
2025-08-14,0.012494423632893215,JPM
2025-08-15,-0.01247624891910859,JPM
2025-08-18,0.003580187200539209,JPM
2025-08-19,-0.0029842387432866824,JPM
2025-08-20,0.0054358582273410505,JPM
2025-08-21,-0.0026347831898514418,JPM
2025-08-22,0.016365282854821084,JPM
2025-08-25,-0.004523347225438679,JPM
2025-08-26,0.012444942365860578,JPM
2025-08-27,0.002377973130794464,JPM
2025-08-28,0.005981049693340568,JPM
2025-08-29,0.0011625405885704598,JPM
2025-09-02,-0.005706327198195527,JPM
2025-09-03,-0.0006339754209786497,JPM
2025-09-04,0.014390161991468808,JPM
2025-09-05,-0.031071036185357115,JPM
2025-09-08,-0.004993549821049492,JPM
2025-09-09,0.016865256835355114,JPM
2025-09-10,0.009031399651781014,JPM
2025-09-11,0.01670323042172117,JPM
2025-09-12,0.004418137564805802,JPM
2025-09-15,0.006483953636668982,JPM
2025-09-16,0.0009388428315058039,JPM
2025-09-17,0.008279690605710543,JPM
2025-09-18,0.004747428985816038,JPM
2025-09-19,0.00494840129810048,JPM
2025-09-22,-0.0074337516581899354,JPM
2025-09-23,0.0009601452778922326,JPM
2025-09-24,0.0021744043441638272,JPM
2025-09-25,9.571430671839742e-05,JPM
2025-09-26,0.00832663981470394,JPM
2024-04-15,,KO
2024-04-16,-0.0013759548881533412,KO
2024-04-17,0.007750550079201224,KO
2024-04-18,0.006836464490748373,KO
2024-04-19,0.021388530381884818,KO
2024-04-22,0.00631545753164664,KO
2024-04-23,0.0014863774355393655,KO
2024-04-24,0.015006593940821267,KO
2024-04-25,0.0030869609059531733,KO
2024-04-26,0.0,KO
2024-04-29,0.004859074002344643,KO
2024-04-30,-0.004352038262077085,KO
2024-05-01,0.0025902516792355446,KO
2024-05-02,0.0009688579524518293,KO
2024-05-03,0.0029036374512800833,KO
2024-05-06,0.0028952921099760776,KO
2024-05-07,0.0043304003908795075,KO
2024-05-08,0.0036729406924218555,KO
2024-05-09,0.0004773682533421031,KO
2024-05-10,0.006043213215062293,KO
2024-05-13,0.0050585443884301196,KO
2024-05-14,-0.007549596462879338,KO
2024-05-15,0.0004754769369201828,KO
2024-05-16,0.0030096407966788696,KO
2024-05-17,-0.004579926041140658,KO
2024-05-20,-0.007298097626233013,KO
2024-05-21,0.005433916481479839,KO
2024-05-22,0.001430617593485728,KO
2024-05-23,-0.014444442022414461,KO
2024-05-24,-0.001449511231546352,KO
2024-05-28,-0.002903230728641626,KO
2024-05-29,-0.0019411021105976145,KO
2024-05-30,0.0043760203310379,KO
2024-05-31,0.015491351711510726,KO
2024-06-03,0.0,KO
2024-06-04,0.016049552147390234,KO
2024-06-05,-0.00031280040965342426,KO
2024-06-06,0.003598300430573742,KO
2024-06-07,-0.0037412575644285573,KO
2024-06-10,-0.005007036388487429,KO
2024-06-11,-0.0006290441174926498,KO
2024-06-12,-0.010542850936095527,KO
2024-06-13,0.0017493735445774927,KO
2024-06-14,-0.0069852743242053705,KO
2024-06-17,0.0011190998509675865,KO
2024-06-18,0.000159727505606444,KO
2024-06-20,-0.007185067144578894,KO
2024-06-21,0.009488583944873064,KO
2024-06-24,0.01911742479190992,KO
2024-06-25,-0.0020322192533139827,KO
2024-06-26,0.003289519089410664,KO
2024-06-27,-0.0021858422743956663,KO
2024-06-28,-0.004068194682427806,KO
2024-07-01,-0.005813083074814984,KO
2024-07-02,-0.002054318203629557,KO
2024-07-03,0.0028503610582182315,KO
2024-07-05,0.006789775431013112,KO
2024-07-08,-0.012547039807408011,KO
2024-07-09,-0.0042884444359888585,KO
2024-07-10,0.002233262201509323,KO
2024-07-11,0.0042972566480645735,KO
2024-07-12,0.009508752826110412,KO
2024-07-15,-0.004552604584834863,KO
2024-07-16,0.013562479068345068,KO
2024-07-17,0.014625836167795336,KO
2024-07-18,-0.0003066499516508614,KO
2024-07-19,0.0015339541398387002,KO
2024-07-22,-0.007964531554130683,KO
2024-07-23,0.002933494692817673,KO
2024-07-24,0.013084952064358557,KO
2024-07-25,0.0039507999677248495,KO
2024-07-26,0.01483280401786291,KO
2024-07-29,-0.003281151538998439,KO
2024-07-30,0.012718815664106708,KO
2024-07-31,-0.013888924899049693,KO
2024-08-01,0.018279910994204895,KO
2024-08-02,0.02015895769626419,KO
2024-08-05,-0.01774128551057741,KO
2024-08-06,-0.0007341471877165828,KO
2024-08-07,0.0060249230613995675,KO
2024-08-08,0.003943971312762917,KO
2024-08-09,-0.0007275287256736096,KO
2024-08-12,-0.007425773645374223,KO
2024-08-13,0.004254084249916357,KO
2024-08-14,0.0017528885215725154,KO
2024-08-15,0.0010207012679390726,KO
2024-08-16,0.007720302512987942,KO
2024-08-19,-0.0028909648360788687,KO
2024-08-20,0.00579869349113582,KO
2024-08-21,0.0027385766637066933,KO
2024-08-22,-0.003449732137736139,KO
2024-08-23,0.006634920991255733,KO
2024-08-26,0.015045069617267703,KO
2024-08-27,0.009316822363475419,KO
2024-08-28,0.0034965034965035446,KO
2024-08-29,0.004181227202199489,KO
2024-08-30,0.0058292595580267115,KO
2024-09-03,0.007451371690788244,KO
2024-09-04,-0.00616360175961983,KO
2024-09-05,-0.01915655232107727,KO
2024-09-06,-0.00042150878275515336,KO
2024-09-09,0.00998030771105074,KO
2024-09-10,-0.004175301722119551,KO
2024-09-11,-0.006568849764592377,KO
2024-09-12,0.0021103196681879766,KO
2024-09-13,0.002527029295138483,KO
2024-09-16,0.009662439106943088,KO
2024-09-17,-0.004160824253983342,KO
2024-09-18,-0.0006964213040738798,KO
2024-09-19,-0.015749090639971652,KO
2024-09-20,0.014443452327899786,KO
2024-09-23,0.0012563367958118299,KO
2024-09-24,-0.005576488319517736,KO
2024-09-25,0.0016822531067881563,KO
2024-09-26,-0.0006997260251738746,KO
2024-09-27,0.005462176208876901,KO
2024-09-30,0.000975061901818064,KO
2024-10-01,-0.002087413367726887,KO
2024-10-02,-0.009761497101925865,KO
2024-10-03,-0.006900513708251954,KO
2024-10-04,-0.004963109625381823,KO
2024-10-07,-0.016531225067470734,KO
2024-10-08,0.002463384490406506,KO
2024-10-09,0.005637458628621195,KO
2024-10-10,-0.004599679405317358,KO
2024-10-11,0.0046209342212883975,KO
2024-10-14,0.011067940871698712,KO
2024-10-15,0.0,KO
2024-10-16,0.003269880138018877,KO
2024-10-17,-0.009494093408568549,KO
2024-10-18,0.007725334817445084,KO
2024-10-21,-0.014054591976875308,KO
2024-10-22,0.0,KO
2024-10-23,-0.020734267462745648,KO
2024-10-24,-0.010439627439658983,KO
2024-10-25,-0.005646431880846348,KO
2024-10-28,-0.003735804047227509,KO
2024-10-29,-0.01664917715369907,KO
2024-10-30,0.0054911626564631,KO
2024-10-31,-0.009253650292710858,KO
2024-11-01,-0.004593407343096878,KO
2024-11-04,0.0015382013664841931,KO
2024-11-05,0.003993274977625028,KO
2024-11-06,-0.025546916222669025,KO
2024-11-07,-0.0006279578500509864,KO
2024-11-08,0.004084170941822229,KO
2024-11-11,-0.008760913245235646,KO
2024-11-12,-0.002525250092658138,KO
2024-11-13,-0.0031645689956499856,KO
2024-11-14,-0.007142869253007222,KO
2024-11-15,-0.012949601414444678,KO
2024-11-18,0.001943617243642226,KO
2024-11-19,0.01180083309139457,KO
2024-11-20,0.006390821615333886,KO
2024-11-21,0.012224108946636614,KO
2024-11-22,0.00250940796148158,KO
2024-11-25,0.007196481502656615,KO
2024-11-26,0.002640661783048115,KO
2024-11-27,-0.0018590664741845453,KO
2024-11-29,-0.005432228348025925,KO
2024-12-02,-0.006710366618113861,KO
2024-12-03,-0.002042436213648413,KO
2024-12-04,-0.020623447163890862,KO
2024-12-05,0.011412941567618073,KO
2024-12-06,-0.006198337587379754,KO
2024-12-09,0.0011194577993083321,KO
2024-12-10,0.004952098735580224,KO
2024-12-11,-0.004291852780457073,KO
2024-12-12,0.019157100489016976,KO
2024-12-13,-0.011278214583054558,KO
2024-12-16,-0.00903041356891221,KO
2024-12-17,0.013589165454613417,KO
2024-12-18,-0.00867512679054605,KO
2024-12-19,-0.006364323323672649,KO
2024-12-20,0.0016012565716483351,KO
2024-12-23,-0.0027177964991019765,KO
2024-12-24,0.007374143581215575,KO
2024-12-26,-0.004296633626799107,KO
2024-12-27,-0.0019178349443830234,KO
2024-12-30,-0.006725411985772589,KO
2024-12-31,0.0037078759755366786,KO
2025-01-02,-0.006745875044459337,KO
2025-01-03,-0.0014553711572738992,KO
2025-01-06,-0.015222649825246681,KO
2025-01-07,0.0004933198260057559,KO
2025-01-08,0.014299785169342494,KO
2025-01-10,-0.010371080848216585,KO
2025-01-13,0.009497328212756617,KO
2025-01-14,0.0063260240064182405,KO
2025-01-15,-0.004352038262077085,KO
2025-01-16,0.007770755037706856,KO
2025-01-17,0.007389543525665232,KO
2025-01-21,-0.004624476475222128,KO
2025-01-22,-0.010253114521346585,KO
2025-01-23,-0.004046617108121042,KO
2025-01-24,0.00633836173225566,KO
2025-01-27,0.03149226131465621,KO
2025-01-28,-0.02364174646602968,KO
2025-01-29,0.007536902118392641,KO
2025-01-30,0.019417494590938,KO
2025-01-31,-0.008899351793330457,KO
2025-02-03,-0.002047905939708383,KO
2025-02-04,-0.010734022439693791,KO
2025-02-05,0.007180481507695902,KO
2025-02-06,0.0038023080248430485,KO
2025-02-07,0.0075757502779743024,KO
2025-02-10,0.01112159927119194,KO
2025-02-11,0.04725012049833244,KO
2025-02-12,0.016420127742702517,KO
2025-02-13,0.011497612080537456,KO
2025-02-14,-0.009064708682272937,KO
2025-02-18,0.002613624190463959,KO
2025-02-19,0.014771855148244528,KO
2025-02-20,-0.000428125865955864,KO
2025-02-21,0.018703562842234733,KO
2025-02-24,-0.0106517470565346,KO
2025-02-25,0.01274970353548266,KO
2025-02-26,-0.009651627257376116,KO
2025-02-27,0.0009886962119627363,KO
2025-02-28,0.004797464720107225,KO
2025-03-03,0.01558770712852886,KO
2025-03-04,-0.029452395774421047,KO
2025-03-05,-0.001567183452421017,KO
2025-03-06,0.005422335095453423,KO
2025-03-07,0.013766693631945826,KO
2025-03-10,0.00027994740278547425,KO
2025-03-11,-0.005738223236200324,KO
2025-03-12,-0.015484212555530341,KO
2025-03-13,-0.004575345777151019,KO
2025-03-14,-0.00660728334279248,KO
2025-03-17,0.013880842013295203,KO
2025-03-18,-0.010553415062439231,KO
2025-03-19,-0.0014413156252491843,KO
2025-03-20,0.006206701973907602,KO
2025-03-21,-0.014918963264754836,KO
2025-03-24,0.004077454299736605,KO
2025-03-25,-0.0020304480905710687,KO
2025-03-26,0.017584640712162702,KO
2025-03-27,0.010282794276232243,KO
2025-03-28,-0.0052303523941297225,KO
2025-03-31,0.01776325069222362,KO
2025-04-01,0.0034906449373450776,KO
2025-04-02,-0.007513578612643457,KO
2025-04-03,0.025935769334519687,KO
2025-04-04,-0.044411041082902836,KO
2025-04-07,-0.022307987298525567,KO
2025-04-08,0.0007312479209427014,KO
2025-04-09,0.0223618652476274,KO
2025-04-10,0.011579774457854963,KO
2025-04-11,0.009468600179737052,KO
2025-04-14,0.014279667348573444,KO
2025-04-15,-0.008143497070291272,KO
2025-04-16,-0.002504874807221391,KO
2025-04-17,0.018415174235551834,KO
2025-04-21,-0.0031507309168985476,KO
2025-04-22,0.015528444894056026,KO
2025-04-23,-0.008119059022089203,KO
2025-04-24,-0.010641287533653121,KO
2025-04-25,-0.008411376298861906,KO
2025-04-28,-0.001668790717156643,KO
2025-04-29,0.007800495214544956,KO
2025-04-30,0.002764403342845334,KO
2025-05-01,-0.017367361588276897,KO
2025-05-02,0.005049805102094629,KO
2025-05-05,0.0006977728024921692,KO
2025-05-06,0.0002789996277876572,KO
2025-05-07,0.009481320323506681,KO
2025-05-08,-0.01698899628467465,KO
2025-05-09,-0.009133083358185745,KO
2025-05-12,-0.01403854099398727,KO
2025-05-13,-0.008197895941772115,KO
2025-05-14,0.002900298438109461,KO
2025-05-15,0.03542505521272066,KO
2025-05-16,0.005446158166797499,KO
2025-05-19,-0.0009722179836697542,KO
2025-05-20,-0.0033365475149631507,KO
2025-05-21,0.002231776081268899,KO
2025-05-22,-0.009881685449560362,KO
2025-05-23,0.00885573880830881,KO
2025-05-27,0.0001393637550273219,KO
2025-05-28,-0.008776779940537938,KO
2025-05-29,0.004778585110317479,KO
2025-05-30,0.008532670703305545,KO
2025-06-02,-0.0013869414179944473,KO
2025-06-03,-0.011666615804036495,KO
2025-06-04,0.002951083103786889,KO
2025-06-05,-0.006445272057870044,KO
2025-06-06,0.006204975169770366,KO
2025-06-09,0.005886449585526643,KO
2025-06-10,0.008081396937207774,KO
2025-06-11,-0.0038700592287783664,KO
2025-06-12,0.002358792419386191,KO
2025-06-13,-0.016888168006369608,KO
2025-06-16,-0.0070402706791569125,KO
2025-06-17,-0.012762250983074375,KO
2025-06-18,-0.0058891646931097386,KO
2025-06-20,-0.005346088014398509,KO
2025-06-23,0.013073817166714852,KO
2025-06-24,0.00673933517493408,KO
2025-06-25,-0.008260957678647207,KO
2025-06-26,-0.002297803231738449,KO
2025-06-27,0.012379452932775648,KO
2025-06-30,0.005971820816302875,KO
2025-07-01,0.013003507688273075,KO
2025-07-02,-0.010604081571823465,KO
2025-07-03,0.006204975169770366,KO
2025-07-07,-0.004765190541860198,KO
2025-07-08,-0.010843603003752977,KO
2025-07-09,-0.010819967681518827,KO
2025-07-10,0.004173766150284308,KO
2025-07-11,0.0014333683291865018,KO
2025-07-14,-0.005724939318089151,KO
2025-07-15,-0.0015834260604385975,KO
2025-07-16,-0.0012976350417119864,KO
2025-07-17,0.01905586485915256,KO
2025-07-18,-0.010483041537888926,KO
2025-07-21,0.0031496238440811286,KO
2025-07-22,-0.005851234972177766,KO
2025-07-23,-0.007177719978673669,KO
2025-07-24,-0.0008676284674802304,KO
2025-07-25,0.0010130202079590145,KO
2025-07-28,-0.015613732248724643,KO
2025-07-29,0.01894552775602798,KO
2025-07-30,-0.00908038740786965,KO
2025-07-31,-0.012509099786931821,KO
2025-08-01,0.014287836639029772,KO
2025-08-04,0.0014521997274867804,KO
2025-08-05,0.0013051619559174554,KO
2025-08-06,0.006661825693589751,KO
2025-08-07,0.013235478933553146,KO
2025-08-08,-0.0012779208702990985,KO
2025-08-11,0.005828883756829439,KO
2025-08-12,-0.0005653839650507919,KO
2025-08-13,-0.003535567857967936,KO
2025-08-14,-0.012915073013609835,KO
2025-08-15,0.00531984329191415,KO
2025-08-18,-0.011298640392102044,KO
2025-08-19,0.014465500357741634,KO
2025-08-20,0.008127758693109666,KO
2025-08-21,-0.0005656759244571097,KO
2025-08-22,-0.007500797922766256,KO
2025-08-25,-0.01711103657834101,KO
2025-08-26,-0.0029014499834141283,KO
2025-08-27,0.0014549464460487105,KO
2025-08-28,-0.00682843539444844,KO
2025-08-29,0.009215875479710922,KO
2025-09-02,0.0010146354108089284,KO
2025-09-03,-0.001013606969285319,KO
2025-09-04,-0.010726161569547532,KO
2025-09-05,-0.004249097663404311,KO
2025-09-08,-0.007798687263637194,KO
2025-09-09,0.0063769880354394015,KO
2025-09-10,-0.0005894623514229869,KO
2025-09-11,-0.0029489376163688297,KO
2025-09-12,-0.009021008364013983,KO
2025-09-15,-0.011938561800541647,KO
2025-09-16,0.0004530853301871751,KO
2025-09-17,0.012077341146705889,KO
2025-09-18,-0.008651578507367752,KO
2025-09-19,-0.0004513809766796273,KO
2025-09-22,-0.0033117750969811066,KO
2025-09-23,0.007551729450442801,KO
2025-09-24,-0.003897498722811199,KO
2025-09-25,-0.007072891089440869,KO
2025-09-26,-0.004698471843222585,KO
2024-04-15,,MA
2024-04-16,6.524452193246155e-05,MA
2024-04-17,0.0007394117969532488,MA
2024-04-18,-0.011865419444596847,MA
2024-04-19,0.0015174893839502435,MA
2024-04-22,0.0029864189108590455,MA
2024-04-23,0.013289561738847766,MA
2024-04-24,-0.0006914293227486823,MA
2024-04-25,-0.0008432749155405928,MA
2024-04-26,0.000670896725886605,MA
2024-04-29,-0.011504708208417869,MA
2024-04-30,-0.012907446549340618,MA
2024-05-01,-0.020234939352402392,MA
2024-05-02,-0.0021942253594049443,MA
2024-05-03,0.005622263510393077,MA
2024-05-06,0.0130529075255712,MA
2024-05-07,0.008211501616711026,MA
2024-05-08,0.0037743156851028914,MA
2024-05-09,0.0015832206128305604,MA
2024-05-10,0.0032712480710859193,MA
2024-05-13,0.0017068553559123067,MA
2024-05-14,-0.007776995549297783,MA
2024-05-15,0.008366331331661536,MA
2024-05-16,0.001899552657614656,MA
2024-05-17,0.0030509597737520266,MA
2024-05-20,-0.001325277263611424,MA
2024-05-21,-0.0012182864598447862,MA
2024-05-22,-0.005619727849147549,MA
2024-05-23,-0.01163146781385449,MA
2024-05-24,-6.648518398300052e-05,MA
2024-05-28,-0.01352011658881136,MA
2024-05-29,-0.005864081581522074,MA
2024-05-30,-0.0008362038469653665,MA
2024-05-31,0.011241803103570591,MA
2024-06-03,-0.008678741179787286,MA
2024-06-04,0.003565032071034757,MA
2024-06-05,0.004249420363610534,MA
2024-06-06,0.00452243092533533,MA
2024-06-07,0.002473958917848851,MA
2024-06-10,-0.001200579236228072,MA
2024-06-11,-0.00046742672248889505,MA
2024-06-12,-0.01345093628626548,MA
2024-06-13,0.004514672686230181,MA
2024-06-14,-0.0008314497015449174,MA
2024-06-17,0.007826688326324716,MA
2024-06-18,0.004463189987678806,MA
2024-06-20,0.005332084361976408,MA
2024-06-21,0.005171148234052625,MA
2024-06-24,0.004638859675165863,MA
2024-06-25,-0.0028667664195772824,MA
2024-06-26,-0.007176536941674527,MA
2024-06-27,-0.021287423800499528,MA
2024-06-28,-0.0035911831459980448,MA
2024-07-01,-0.008047008525428057,MA
2024-07-02,0.016087403808361822,MA
2024-07-03,0.007938825655575465,MA
2024-07-05,0.002922927350622384,MA
2024-07-08,-0.007230416851564114,MA
2024-07-09,-0.003451008562757707,MA
2024-07-10,-0.024870693175166214,MA
2024-07-11,0.006410844676201455,MA
2024-07-12,0.008455093282377923,MA
2024-07-15,0.008838732993822207,MA
2024-07-16,-0.0010585613078899492,MA
2024-07-17,0.01720290601269836,MA
2024-07-18,-0.005408286243462457,MA
2024-07-19,-0.01120966029063386,MA
2024-07-22,0.009578759892299393,MA
2024-07-23,-0.01388579092468245,MA
2024-07-24,-0.020986120139577236,MA
2024-07-25,-0.006590371194512112,MA
2024-07-26,0.01997203549898985,MA
2024-07-29,0.007120350470898984,MA
2024-07-30,0.013936153601136647,MA
2024-07-31,0.036339208413125546,MA
2024-08-01,-0.002803450037575206,MA
2024-08-02,-0.000843439037539695,MA
2024-08-05,-0.04333143476413415,MA
2024-08-06,0.014253366047440652,MA
2024-08-07,0.003435218797358308,MA
2024-08-08,0.012760070872096296,MA
2024-08-09,0.0026340318767292814,MA
2024-08-12,-0.0023862610902480874,MA
2024-08-13,0.008053683184827243,MA
2024-08-14,0.001741593382224238,MA
2024-08-15,0.018580467065640205,MA
2024-08-16,0.0003627262717540436,MA
2024-08-19,-0.004052196461137747,MA
2024-08-20,0.00458260328175375,MA
2024-08-21,-0.0023874384567805773,MA
2024-08-22,0.0017521524021768542,MA
2024-08-23,-0.005076585567233671,MA
2024-08-26,0.004716602768879419,MA
2024-08-27,0.013549793844857883,MA
2024-08-28,-0.006715936139690459,MA
2024-08-29,0.01907588010356065,MA
2024-08-30,0.005282879803265805,MA
2024-09-03,-0.002524105660501208,MA
2024-09-04,0.0021156963859216837,MA
2024-09-05,-0.011963466327832295,MA
2024-09-06,-0.0025975998668211764,MA
2024-09-09,0.02304041278082236,MA
2024-09-10,0.0019092830540008432,MA
2024-09-11,0.000327862927157474,MA
2024-09-12,0.008050294429807314,MA
2024-09-13,0.0025400825774892777,MA
2024-09-16,0.008817103601168386,MA
2024-09-17,0.006590180698819559,MA
2024-09-18,-0.0124353392087444,MA
2024-09-19,-0.0035370684078307457,MA
2024-09-20,-0.0005476958396409826,MA
2024-09-23,0.008929708368037304,MA
2024-09-24,-0.01957197308530656,MA
2024-09-25,0.004185405571478729,MA
2024-09-26,0.003718412016038064,MA
2024-09-27,0.004824283363052517,MA
2024-09-30,0.0003240684299978813,MA
2024-10-01,0.005224822101302706,MA
2024-10-02,-0.0016318094013173523,MA
2024-10-03,-0.0012107393398468336,MA
2024-10-04,0.00551550796936251,MA
2024-10-07,-0.012859200838034601,MA
2024-10-08,0.011724017725911695,MA
2024-10-09,0.005814216920758897,MA
2024-10-10,-0.0038604323357034342,MA
2024-10-11,0.008513756165390962,MA
2024-10-14,0.00876039065610179,MA
2024-10-15,0.0011250292505797788,MA
2024-10-16,0.01348499928975011,MA
2024-10-17,-0.0006030259578988506,MA
2024-10-18,0.005021833231085404,MA
2024-10-21,-0.002575855096773383,MA
2024-10-22,-0.003863983605446042,MA
2024-10-23,0.0013838854439807147,MA
2024-10-24,-0.006053735366436719,MA
2024-10-25,-0.006384414626921964,MA
2024-10-28,0.0016753510880969102,MA
2024-10-29,-0.0037976283588117,MA
2024-10-30,0.014636176977119053,MA
2024-10-31,-0.027448472885403197,MA
2024-11-01,0.016993915604012422,MA
2024-11-04,-0.00492048509303844,MA
2024-11-05,-3.9536797742711904e-05,MA
2024-11-06,0.030797546086336114,MA
2024-11-07,-0.006236447660945665,MA
2024-11-08,0.013284940175223303,MA
2024-11-11,0.010214165050336899,MA
2024-11-12,-0.001792070127106249,MA
2024-11-13,-0.013776250095012377,MA
2024-11-14,-0.0028358635220797623,MA
2024-11-15,0.0028631632676279217,MA
2024-11-18,-0.000498207971655007,MA
2024-11-19,-0.004160004006371842,MA
2024-11-20,-0.013321610234861891,MA
2024-11-21,0.004994727569245683,MA
2024-11-22,0.011182314188760811,MA
2024-11-25,0.011020217324816617,MA
2024-11-26,0.0035700815988848333,MA
2024-11-27,0.00737970132871113,MA
2024-11-29,0.0010518756404402918,MA
2024-12-02,-0.0029647185097866346,MA
2024-12-03,-0.009748556192755164,MA
2024-12-04,-0.009578429620088702,MA
2024-12-05,0.006965507888050615,MA
2024-12-06,0.007241244071761299,MA
2024-12-09,-0.010878407628742037,MA
2024-12-10,0.011839643385276322,MA
2024-12-11,0.010283363908022203,MA
2024-12-12,-0.003817081141182066,MA
2024-12-13,-0.0064047882581748095,MA
2024-12-16,0.0024763658952622336,MA
2024-12-17,0.0013200056764042234,MA
2024-12-18,-0.020809377581876398,MA
2024-12-19,0.006385120362952357,MA
2024-12-20,0.009077357693895838,MA
2024-12-23,0.0017612495960117602,MA
2024-12-24,0.012760888762116895,MA
2024-12-26,0.0008213444276925497,MA
2024-12-27,-0.007367363661594628,MA
2024-12-30,-0.012495348105094672,MA
2024-12-31,0.001940861107301295,MA
2025-01-02,-0.007919142473279406,MA
2025-01-03,-0.0019908863206247185,MA
2025-01-06,-0.01808729657191166,MA
2025-01-07,-0.0010352954249206459,MA
2025-01-08,0.009777142309841835,MA
2025-01-10,-0.022714969852369205,MA
2025-01-13,0.00047553892244356355,MA
2025-01-14,0.008140035494945241,MA
2025-01-15,0.02618755031230724,MA
2025-01-16,0.0015124707560554285,MA
2025-01-17,0.002981988597530849,MA
2025-01-21,0.006403631167130053,MA
2025-01-22,-0.0016664865486517577,MA
2025-01-23,0.013354031118691045,MA
2025-01-24,-0.0013664417445667931,MA
2025-01-27,0.026523504982438384,MA
2025-01-28,-0.0005113382685426604,MA
2025-01-29,0.0026308142355004893,MA
2025-01-30,0.0313593701812338,MA
2025-01-31,-0.01869227912457727,MA
2025-02-03,0.015339502085951251,MA
2025-02-04,-0.00858236856229011,MA
2025-02-05,0.01284182515765031,MA
2025-02-06,0.0015363067526255048,MA
2025-02-07,-0.007775536626960511,MA
2025-02-10,0.004868929781208342,MA
2025-02-11,-0.0013969796830821668,MA
2025-02-12,-0.00017715002467022511,MA
2025-02-13,0.003028731928090611,MA
2025-02-14,-0.0027369952846513224,MA
2025-02-18,0.006817011685255947,MA
2025-02-19,-0.00019342845605230252,MA
2025-02-20,-0.009182006513852259,MA
2025-02-21,-0.010243607497415708,MA
2025-02-24,0.0026725802376201813,MA
2025-02-25,0.0089982635006709,MA
2025-02-26,-0.004893373796188927,MA
2025-02-27,0.006324919681143015,MA
2025-02-28,0.020342746512836518,MA
2025-03-03,-0.002411921803067707,MA
2025-03-04,-0.03452650138452307,MA
2025-03-05,0.005819050617273502,MA
2025-03-06,-0.015188931854131726,MA
2025-03-07,-0.005547247739877581,MA
2025-03-10,-0.017649146934456184,MA
2025-03-11,-0.02107537873682952,MA
2025-03-12,-0.0022061110145707996,MA
2025-03-13,-0.00916818661233254,MA
2025-03-14,0.015024137317649178,MA
2025-03-17,0.008244210949080122,MA
2025-03-18,-0.0033834993627901433,MA
2025-03-19,0.011128132154311077,MA
2025-03-20,0.000540912930323767,MA
2025-03-21,-0.0012864059717456744,MA
2025-03-24,0.014896638788070016,MA
2025-03-25,0.0027406152283768748,MA
2025-03-26,0.00717226937468296,MA
2025-03-27,0.015480721741518932,MA
2025-03-28,-0.030417744408540726,MA
2025-03-31,0.01389173335513072,MA
2025-04-01,0.0007115497553671357,MA
2025-04-02,-0.0020601353898633823,MA
2025-04-03,-0.03074649592552592,MA
2025-04-04,-0.07686363154758957,MA
2025-04-07,-0.00867754271460952,MA
2025-04-08,-0.011533975351486148,MA
2025-04-09,0.07399145327243972,MA
2025-04-10,-0.03121664739446317,MA
2025-04-11,0.02084752621150976,MA
2025-04-14,0.005316374639835697,MA
2025-04-15,0.009600715566489226,MA
2025-04-16,-0.007634644110233735,MA
2025-04-17,0.0075960198463225215,MA
2025-04-21,-0.015483365552001027,MA
2025-04-22,0.03536089198663728,MA
2025-04-23,0.005082192533949037,MA
2025-04-24,0.010282847694595976,MA
2025-04-25,-0.003697832560144665,MA
2025-04-28,0.001893247736752146,MA
2025-04-29,0.009710195768363183,MA
2025-04-30,0.015527729388787881,MA
2025-05-01,-0.0026091900196171247,MA
2025-05-02,0.023343046762243747,MA
2025-05-05,0.0030926195024008063,MA
2025-05-06,-0.003795988204568723,MA
2025-05-07,0.013130873510617258,MA
2025-05-08,0.0013949075689174695,MA
2025-05-09,0.0026802432365939932,MA
2025-05-12,0.016935151650849356,MA
2025-05-13,-0.0029052045221764633,MA
2025-05-14,-0.00574064309895439,MA
2025-05-15,0.015559556332524815,MA
2025-05-16,0.0018550619498436394,MA
2025-05-19,0.005366108370672862,MA
2025-05-20,-0.0090380246511641,MA
2025-05-21,-0.019910185018106485,MA
2025-05-22,0.001053546097276703,MA
2025-05-23,-0.011505941330286706,MA
2025-05-27,0.01946479713700744,MA
2025-05-28,0.0023844663585324,MA
2025-05-29,0.0032296958638591278,MA
2025-05-30,0.013534469681444117,MA
2025-06-02,-0.007479516846683576,MA
2025-06-03,0.0012903892464202205,MA
2025-06-04,0.0037115904401008315,MA
2025-06-05,0.0022426472662648855,MA
2025-06-06,0.007993974884300092,MA
2025-06-09,-0.009811526596711806,MA
2025-06-10,0.008916127505219196,MA
2025-06-11,0.00203550607551084,MA
2025-06-12,-0.002471410369426219,MA
2025-06-13,-0.04624287035913044,MA
2025-06-16,0.011814232811702574,MA
2025-06-17,0.0013716730622621576,MA
2025-06-18,-0.05394684534155836,MA
2025-06-20,-0.010691830739795072,MA
2025-06-23,0.017599499781268735,MA
2025-06-24,0.02798940609250966,MA
2025-06-25,-0.014044117228480979,MA
2025-06-26,-0.007076613720307545,MA
2025-06-27,0.008262966574079433,MA
2025-06-30,0.021114978489854552,MA
2025-07-01,0.00475136651342889,MA
2025-07-02,-0.005472743841730798,MA
2025-07-03,0.013748344555140735,MA
2025-07-07,-0.007237712015789932,MA
2025-07-08,-0.004742342686397949,MA
2025-07-09,0.004747142625998402,MA
2025-07-10,-0.002813551098948208,MA
2025-07-11,-0.023672676024119488,MA
2025-07-14,0.005161995880032633,MA
2025-07-15,-0.004810014259415407,MA
2025-07-16,0.009375743725974717,MA
2025-07-17,0.00016194883559439432,MA
2025-07-18,-0.005309501781478265,MA
2025-07-21,0.00360086014228278,MA
2025-07-22,0.0074100516914326064,MA
2025-07-23,0.005959655364814909,MA
2025-07-24,0.002508447183130258,MA
2025-07-25,0.008376168062333544,MA
2025-07-28,0.00010569602767684927,MA
2025-07-29,-0.008728130000966616,MA
2025-07-30,-0.007473588578282397,MA
2025-07-31,0.01316375229273481,MA
2025-08-01,-0.011615719093670873,MA
2025-08-04,0.017717735002623858,MA
2025-08-05,-0.006616274806344191,MA
2025-08-06,0.005459025820468533,MA
2025-08-07,-0.013898466276288213,MA
2025-08-08,0.023342071389015784,MA
2025-08-11,-0.001271034370108448,MA
2025-08-12,0.0010285496481639012,MA
2025-08-13,0.006478859914545776,MA
2025-08-14,0.010140136881814366,MA
2025-08-15,-0.0035288432303213213,MA
2025-08-18,0.0041946061375324195,MA
2025-08-19,0.002345319756962727,MA
2025-08-20,0.01224570509567613,MA
2025-08-21,-0.0012823273520568002,MA
2025-08-22,0.011893565457763211,MA
2025-08-25,-0.009599972934858925,MA
2025-08-26,-0.0026972514991789875,MA
2025-08-27,-0.001605808269897091,MA
2025-08-28,-0.0003047314596636985,MA
2025-08-29,0.008145911322472443,MA
2025-09-02,-0.005745070530986052,MA
2025-09-03,0.002382337660837619,MA
2025-09-04,0.003977860765614238,MA
2025-09-05,-0.019172727930397593,MA
2025-09-08,0.004073816374247086,MA
2025-09-09,-0.004432280419617185,MA
2025-09-10,-0.007910950543129291,MA
2025-09-11,0.016137898282887253,MA
2025-09-12,-0.0141321278009221,MA
2025-09-15,0.004393530342542862,MA
2025-09-16,0.005935159885907648,MA
2025-09-17,0.020821292466984165,MA
2025-09-18,-0.02101467849461769,MA
2025-09-19,-0.0032250058660613368,MA
2025-09-22,0.0005649430036558378,MA
2025-09-23,-0.024842203927953665,MA
2025-09-24,-0.0020351478220866914,MA
2025-09-25,-0.00265468218228615,MA
2025-09-26,-0.003825106569450787,MA
2024-04-15,,META
2024-04-16,-0.0009395702184609167,META
2024-04-17,-0.011185361430803953,META
2024-04-18,0.01543997846471945,META
2024-04-19,-0.04131124147675891,META
2024-04-22,0.0013719493048016673,META
2024-04-23,0.02982997693617917,META
2024-04-24,-0.005240891093585498,META
2024-04-25,-0.1056129586974417,META
2024-04-26,0.004327345237617797,META
2024-04-29,-0.024070051708943718,META
2024-04-30,-0.005663126339755742,META
2024-05-01,0.020968428137976503,META
2024-05-02,0.005669505727665447,META
2024-05-03,0.023274766685759785,META
2024-05-06,0.030356672006590202,META
2024-05-07,0.005497332071073391,META
2024-05-08,0.009311498291630915,META
2024-05-09,0.005967006533641683,META
2024-05-10,0.0016406519651395168,META
2024-05-13,-0.01719866071285525,META
2024-05-14,0.008204944889562693,META
2024-05-15,0.02053619225614778,META
2024-05-16,-0.017257127987566845,META
2024-05-17,-0.0027893567474038816,META
2024-05-20,-0.006505493209287616,META
2024-05-21,-0.008979591092829864,META
2024-05-22,0.006779574851776715,META
2024-05-23,-0.00427551414173144,META
2024-05-24,0.026707893155585527,META
2024-05-28,0.0035548747494704713,META
2024-05-29,-0.011585322388329766,META
2024-05-30,-0.015410232279976288,META
2024-05-31,-0.00047104427032051976,META
2024-06-03,0.022834873441573977,META
2024-06-04,-0.0010471423699469629,META
2024-06-05,0.03788340991252204,META
2024-06-06,-0.0026259196852496114,META
2024-06-07,-0.001620257401822811,META
2024-06-10,0.019555369229829145,META
2024-06-11,0.009689604174386801,META
2024-06-12,0.0026996573470194907,META
2024-06-13,-0.009315286275624168,META
2024-06-14,0.00011901915863377077,META
2024-06-17,0.004899240722710196,META
2024-06-18,-0.014093153938028236,META
2024-06-20,0.0044245570799512635,META
2024-06-21,-0.013793129877140098,META
2024-06-24,0.008347154074542118,META
2024-06-25,0.02343108447535447,META
2024-06-26,0.004935348577259857,META
2024-06-27,0.01255067528587639,META
2024-06-28,-0.029524975767905692,META
2024-07-01,0.0009122832374053313,META
2024-07-02,0.009550620976003676,META
2024-07-03,0.000902829156188556,META
2024-07-05,0.0587300615563906,META
2024-07-08,-0.019614317843833606,META
2024-07-09,0.0012846532652690534,META
2024-07-10,0.00884906121020057,META
2024-07-11,-0.04112661567257336,META
2024-07-12,-0.026974871777961096,META
2024-07-15,-0.00543225987051299,META
2024-07-16,-0.012838590515501402,META
2024-07-17,-0.05675905556574279,META
2024-07-18,0.03000068434839731,META
2024-07-19,0.001975417525163836,META
2024-07-22,0.02225295237193059,META
2024-07-23,0.002646714323094157,META
2024-07-24,-0.056109217071658835,META
2024-07-25,-0.01703988019764613,META
2024-07-26,0.02710572869071637,META
2024-07-29,2.142848998354374e-05,META
2024-07-30,-0.005411069248908218,META
2024-07-31,0.025130041817627236,META
2024-08-01,0.04824885603264795,META
2024-08-02,-0.019287129373344314,META
2024-08-05,-0.025423041114642442,META
2024-08-06,0.03859328805743578,META
2024-08-07,-0.010463646194975085,META
2024-08-08,0.04235864944428003,META
2024-08-09,0.015972400703347933,META
2024-08-12,-0.0035150882738758105,META
2024-08-13,0.024401522477841553,META
2024-08-14,-0.0033677079042574443,META
2024-08-15,0.020066077774054447,META
2024-08-16,-0.018443105474285293,META
2024-08-19,0.0035266892552221485,META
2024-08-20,-0.004817957767106029,META
2024-08-21,0.016004391222005587,META
2024-08-22,-0.006035541951635581,META
2024-08-23,-0.0073881765079876205,META
2024-08-26,-0.013030312278053957,META
2024-08-27,-0.0038763040186085007,META
2024-08-28,-0.004469170483862639,META
2024-08-29,0.002786372004756288,META
2024-08-30,0.005962770696150921,META
2024-09-03,-0.018319210906549643,META
2024-09-04,0.0019149219361607184,META
2024-09-05,0.008035252166120666,META
2024-09-06,-0.032097660503949244,META
2024-09-09,0.00903516027447826,META
2024-09-10,0.0,META
2024-09-11,0.013946349785402434,META
2024-09-12,0.026903443281800943,META
2024-09-13,-0.0018644986953386677,META
2024-09-16,0.016507251458749872,META
2024-09-17,0.005700528540984351,META
2024-09-18,0.0030392393730467315,META
2024-09-19,0.03931585258662773,META
2024-09-20,0.004024324983455729,META
2024-09-23,0.0054511404501260685,META
2024-09-24,-0.0019134248260544995,META
2024-09-25,0.008840254056541319,META
2024-09-26,-0.0008269618784535471,META
2024-09-27,-0.0008453815884811311,META
2024-09-30,0.0089537810578868,META
2024-10-01,0.007039983656857096,META
2024-10-02,-0.006348939806989695,META
2024-10-03,0.01738800302911514,META
2024-10-04,0.022598936919832502,META
2024-10-07,-0.01872667231401115,META
2024-10-08,0.013868437609461104,META
2024-10-09,-0.004014243492064473,META
2024-10-10,-0.011312242917664639,META
2024-10-11,0.01048249479821739,META
2024-10-14,0.0007966280081372901,META
2024-10-15,-0.007028832863093859,META
2024-10-16,-0.016170094304815308,META
2024-10-17,0.00024274806042279273,META
2024-10-18,-0.0007973618610512823,META
2024-10-21,-0.0022724471788112544,META
2024-10-22,0.011909793693818838,META
2024-10-23,-0.031477134442406296,META
2024-10-24,0.007255808756150284,META
2024-10-25,0.009633961078023168,META
2024-10-28,0.008565151582261121,META
2024-10-29,0.026152028598776633,META
2024-10-30,-0.002494676090244119,META
2024-10-31,-0.04092593984911996,META
2024-11-01,-0.0007400611943073621,META
2024-11-04,-0.011425313448730767,META
2024-11-05,0.020956695715009355,META
2024-11-06,-0.0006638451647793531,META
2024-11-07,0.034350187629361706,META
2024-11-08,-0.003988482850895703,META
2024-11-11,-0.010469412672059475,META
2024-11-12,0.002829405597710055,META
2024-11-13,-0.008241864614502825,META
2024-11-14,-0.004896598026670307,META
2024-11-15,-0.03998883694054767,META
2024-11-18,0.0005775471310074387,META
2024-11-19,0.012067103439392657,META
2024-11-20,0.007895333126144433,META
2024-11-21,-0.004296917159175795,META
2024-11-22,-0.00701488575297593,META
2024-11-25,0.010677058602000855,META
2024-11-26,0.014917437126043431,META
2024-11-27,-0.007566980483626584,META
2024-11-29,0.008995072043893826,META
2024-12-02,0.032229435731943035,META
2024-12-03,0.03511969152038308,META
2024-12-04,0.00021185509270793546,META
2024-12-05,-0.007901913372205693,META
2024-12-06,0.02437066170818447,META
2024-12-09,-0.016352200150139273,META
2024-12-10,0.009371383756314522,META
2024-12-11,0.021572022853394435,META
2024-12-12,-0.0029873153415901355,META
2024-12-13,-0.016550678997873547,META
2024-12-16,0.00627067752322108,META
2024-12-17,-0.007689330815166984,META
2024-12-18,-0.035919540088314994,META
2024-12-19,-0.0027126963120024383,META
2024-12-20,-0.017327950026537642,META
2024-12-23,0.024946562299765107,META
2024-12-24,0.01317000039275773,META
2024-12-26,-0.007239859175750762,META
2024-12-27,-0.0058672050560802935,META
2024-12-30,-0.01428787009069743,META
2024-12-31,-0.009691462964943498,META
2025-01-02,0.02344960844349364,META
2025-01-03,0.008994751245372301,META
2025-01-06,0.042290338087297874,META
2025-01-07,-0.01953347718208187,META
2025-01-08,-0.011604078032223963,META
2025-01-10,0.008416319909302805,META
2025-01-13,-0.012226753549218317,META
2025-01-14,-0.023145359746014726,META
2025-01-15,0.03848547768984023,META
2025-01-16,-0.009430916791334232,META
2025-01-17,0.002404763238403884,META
2025-01-21,0.006021839064889178,META
2025-01-22,0.01142000742370275,META
2025-01-23,0.020769867212560245,META
2025-01-24,0.017346182442608882,META
2025-01-27,0.01913545357504698,META
2025-01-28,0.021897939170921532,META
2025-01-29,0.003203139545608469,META
2025-01-30,0.015536090581301565,META
2025-01-31,0.003173206223844538,META
2025-02-03,0.0120143204748695,META
2025-02-04,0.009649270577136937,META
2025-02-05,0.0009656380712927959,META
2025-02-06,0.010101146546894535,META
2025-02-07,0.003553461890724252,META
2025-02-10,0.004030684661154638,META
2025-02-11,0.0033453628341684194,META
2025-02-12,0.007752177249895631,META
2025-02-13,0.004383898996905833,META
2025-02-14,0.011131527092812066,META
2025-02-18,-0.027556420464935005,META
2025-02-19,-0.01758864228236745,META
2025-02-20,-0.012688793821778788,META
2025-02-21,-0.01624840053270049,META
2025-02-24,-0.022558676300973857,META
2025-02-25,-0.015910084572054117,META
2025-02-26,0.024638801835789037,META
2025-02-27,-0.022947931857696502,META
2025-02-28,0.015131292720622858,META
2025-03-03,-0.01967977278334465,META
2025-03-04,-0.022975327186366412,META
2025-03-05,0.025734329223632724,META
2025-03-06,-0.04347491781958501,META
2025-03-07,-0.00361508377960551,META
2025-03-10,-0.044225272668616644,META
2025-03-11,0.012909968167285735,META
2025-03-12,0.022865686687552733,META
2025-03-13,-0.046678260417258755,META
2025-03-14,0.028714547807254354,META
2025-03-17,-0.004443632785322782,META
2025-03-18,-0.037262420487308545,META
2025-03-19,0.002919177570218867,META
2025-03-20,0.003321580744299446,META
2025-03-21,0.017491467576791875,META
2025-03-24,0.0379035229952831,META
2025-03-25,0.012054653416755823,META
2025-03-26,-0.024476724225385826,META
2025-03-27,-0.013748344704292426,META
2025-03-28,-0.042882316244509666,META
2025-03-31,-0.0006588842272894357,META
2025-04-01,0.016725683415647508,META
2025-04-02,-0.003532435706857906,META
2025-04-03,-0.08958265239791874,META
2025-04-04,-0.05058121285474204,META
2025-04-07,0.022824061900261983,META
2025-04-08,-0.011234843182506005,META
2025-04-09,0.14755608879027715,META
2025-04-10,-0.0673985355814204,META
2025-04-11,-0.004978987007865032,META
2025-04-14,-0.022241894682495822,META
2025-04-15,-0.018740049114767454,META
2025-04-16,-0.0368346779667682,META
2025-04-17,-0.0016523393448262258,META
2025-04-21,-0.03354073334076979,META
2025-04-22,0.03222876861957302,META
2025-04-23,0.039957665308886225,META
2025-04-24,0.02475638495260024,META
2025-04-25,0.02648409353953518,META
2025-04-28,0.004513257834296569,META
2025-04-29,0.008549518482414697,META
2025-04-30,-0.009811706257578656,META
2025-05-01,0.042276907054018764,META
2025-05-02,0.04335820171947158,META
2025-05-05,0.0037687178426053514,META
2025-05-06,-0.019957651113618913,META
2025-05-07,0.01617544404061033,META
2025-05-08,0.0020107106314239953,META
2025-05-09,-0.009230647382329704,META
2025-05-12,0.07922497124860772,META
2025-05-13,0.025960678747064536,META
2025-05-14,0.005075920165204195,META
2025-05-15,-0.023477282232248653,META
2025-05-16,-0.005497884699786626,META
2025-05-19,0.00014049694933837564,META
2025-05-20,-0.0051996582420048565,META
2025-05-21,-0.00251134146484,META
2025-05-22,0.0016837251364574257,META
2025-05-23,-0.014939456236085835,META
2025-05-27,0.024335804907087866,META
2025-05-28,0.0019616542397207226,META
2025-05-29,0.0022840527426131185,META
2025-05-30,0.003782656363973791,META
2025-06-02,0.03615505186607382,META
2025-06-03,-0.006036739723868867,META
2025-06-04,0.03164135471783425,META
2025-06-05,-0.0048404928130760805,META
2025-06-06,0.019120135182771225,META
2025-06-09,-0.005231434692227421,META
2025-06-10,0.012016290932780116,META
2025-06-11,-0.011759694587874514,META
2025-06-12,-0.001123734809136523,META
2025-06-13,-0.015129212034144301,META
2025-06-16,0.028189845999451846,META
2025-06-17,-0.006964642343822325,META
2025-06-18,-0.002093944578399287,META
2025-06-20,-0.019288045717108848,META
2025-06-23,0.02371225073620553,META
2025-06-24,0.019569642444600577,META
2025-06-25,-0.004942459240265706,META
2025-06-26,0.024566848732319846,META
2025-06-27,0.010384356964655783,META
2025-06-30,0.00607938871498126,META
2025-07-01,-0.02556606303534137,META
2025-07-02,-0.007855682001408737,META
2025-07-03,0.0076236422293103345,META
2025-07-07,-0.0009179763434763455,META
2025-07-08,0.0032296337482664583,META
2025-07-09,0.016803872332543657,META
2025-07-10,-0.007560303011827196,META
2025-07-11,-0.013379325393828023,META
2025-07-14,0.004752509509442504,META
2025-07-15,-0.014606292669558374,META
2025-07-16,-0.01052948570456469,META
2025-07-17,-0.002133985940318328,META
2025-07-18,0.004091838243298396,META
2025-07-21,0.012338758795880755,META
2025-07-22,-0.011445044644003644,META
2025-07-23,0.01244309751795325,META
2025-07-24,0.0017096480757692323,META
2025-07-25,-0.0029658577971346523,META
2025-07-28,0.006945630939415359,META
2025-07-29,-0.024566984048683183,META
2025-07-30,-0.0068428257533482695,META
2025-07-31,0.11252711841922625,META
2025-08-01,-0.03029322585051608,META
2025-08-04,0.03514617806207654,META
2025-08-05,-0.016628634833553257,META
2025-08-06,0.011172776591076294,META
2025-08-07,-0.01316075761739699,META
2025-08-08,0.009805298472827184,META
2025-08-11,-0.00445858927623477,META
2025-08-12,0.031506659141438575,META
2025-08-13,-0.0125569403926028,META
2025-08-14,0.0026279198903420564,META
2025-08-15,0.00396350423405889,META
2025-08-18,-0.022744910148362885,META
2025-08-19,-0.020707109672708612,META
2025-08-20,-0.005003472964482225,META
2025-08-21,-0.01152837352877123,META
2025-08-22,0.02122852517884022,META
2025-08-25,-0.0019740461290558287,META
2025-08-26,0.0010619777060034696,META
2025-08-27,-0.008911246413850549,META
2025-08-28,0.004990741583105196,META
2025-08-29,-0.016522178358103767,META
2025-09-02,-0.0048599252689095485,META
2025-09-03,0.0026390641945619464,META
2025-09-04,0.015738466607711388,META
2025-09-05,0.005075786641351998,META
2025-09-08,-0.0001993812367979686,META
2025-09-09,0.01781207580951083,META
2025-09-10,-0.017918285907734366,META
2025-09-11,-0.001436150007629644,META
2025-09-12,0.0062458413755759334,META
2025-09-15,0.012056783477510269,META
2025-09-16,0.018700127585583592,META
2025-09-17,-0.0042105639241014625,META
2025-09-18,0.005839773975096829,META
2025-09-19,-0.002396661476690154,META
2025-09-22,-0.016984033062709014,META
2025-09-23,-0.012755435559911543,META
2025-09-24,0.006963130209783452,META
2025-09-25,-0.015447112264138307,META
2025-09-26,-0.0068899778739298645,META
2024-04-15,,MRK
2024-04-16,-0.008954789293527443,MRK
2024-04-17,0.002478851703503704,MRK
2024-04-18,-0.0011166896911649626,MRK
2024-04-19,0.004391882197716468,MRK
2024-04-22,0.009222481104844027,MRK
2024-04-23,-0.0004727051113456726,MRK
2024-04-24,0.0009457972034974116,MRK
2024-04-25,0.029291348194512734,MRK
2024-04-26,0.0036719379058807178,MRK
2024-04-29,-0.00823172146475537,MRK
2024-04-30,-0.006916645636774188,MRK
2024-05-01,-0.0032502566551440015,MRK
2024-05-02,-0.004192612827073283,MRK
2024-05-03,-0.005847438037785757,MRK
2024-05-06,0.00047053217464188,MRK
2024-05-07,0.022027163084662904,MRK
2024-05-08,-0.006366020861869881,MRK
2024-05-09,0.005248881974241115,MRK
2024-05-10,-0.001305368766969628,MRK
2024-05-13,-0.005920377417461098,MRK
2024-05-14,-0.00487268664813989,MRK
2024-05-15,0.02386127761578649,MRK
2024-05-16,-0.006452523132883248,MRK
2024-05-17,0.0023685631649488226,MRK
2024-05-20,-0.0015244831505473178,MRK
2024-05-21,-0.0017559430237609197,MRK
2024-05-22,0.0026002723383558024,MRK
2024-05-23,-7.635213698686805e-05,MRK
2024-05-24,-0.012205285600912719,MRK
2024-05-28,-0.026256923399798016,MRK
2024-05-29,-0.0015068190778797508,MRK
2024-05-30,-0.010881673788545765,MRK
2024-05-31,0.008110512696787975,MRK
2024-06-03,0.02294087328672112,MRK
2024-06-04,0.0022582818023431095,MRK
2024-06-05,0.005749282851177595,MRK
2024-06-06,0.008265796442209039,MRK
2024-06-07,0.0011492023565311538,MRK
2024-06-10,0.006275406257820082,MRK
2024-06-11,0.0026617296380351263,MRK
2024-06-12,-0.01243931610438842,MRK
2024-06-13,-0.006374822200530761,MRK
2024-06-14,0.0008502791567079893,MRK
2024-06-17,-0.015291904486199659,MRK
2024-06-18,0.00384312050015323,MRK
2024-06-20,0.013126028074193385,MRK
2024-06-21,0.008097501863073786,MRK
2024-06-24,0.017135904775445354,MRK
2024-06-25,-0.00030090661027093457,MRK
2024-06-26,-0.010683104036312563,MRK
2024-06-27,-0.012775609701758506,MRK
2024-06-28,-0.04637192984765659,MRK
2024-07-01,0.03311791900689198,MRK
2024-07-02,-0.0014073518610503433,MRK
2024-07-03,-0.014641424433989969,MRK
2024-07-05,0.004767568386140786,MRK
2024-07-08,-0.005298522618545798,MRK
2024-07-09,0.002067118291888992,MRK
2024-07-10,0.009996843280530632,MRK
2024-07-11,0.013118602740852525,MRK
2024-07-12,-0.009382019640381434,MRK
2024-07-15,0.00281772835737093,MRK
2024-07-16,-0.020917833108953343,MRK
2024-07-17,0.003587348050733574,MRK
2024-07-18,-0.013027241223287245,MRK
2024-07-19,0.012233373384840318,MRK
2024-07-22,-0.0006360356507536524,MRK
2024-07-23,-0.010422509050383555,MRK
2024-07-24,0.012381419436677366,MRK
2024-07-25,-0.0005559060978567176,MRK
2024-07-26,-0.004688091736544164,MRK
2024-07-29,0.020118127096355076,MRK
2024-07-30,-0.09805915557206135,MRK
2024-07-31,-0.01839481775776164,MRK
2024-08-01,0.006099199665501764,MRK
2024-08-02,0.01212438285993711,MRK
2024-08-05,-0.025086800921938157,MRK
2024-08-06,-0.010328519792814128,MRK
2024-08-07,0.012055747363877822,MRK
2024-08-08,0.012712244042422105,MRK
2024-08-09,0.0055302395798688675,MRK
2024-08-12,-0.009340896257687192,MRK
2024-08-13,0.008018998993616577,MRK
2024-08-14,-0.007081017247273835,MRK
2024-08-15,-0.0023772166588142962,MRK
2024-08-16,0.003177130157163699,MRK
2024-08-19,0.006598047084379166,MRK
2024-08-20,0.006292616957046304,MRK
2024-08-21,0.007729715080478483,MRK
2024-08-22,0.00448163645550026,MRK
2024-08-23,0.0004289611416061767,MRK
2024-08-26,-0.0028302044200105847,MRK
2024-08-27,0.0019781832250298503,MRK
2024-08-28,0.007725334986085075,MRK
2024-08-29,0.0005110524515667958,MRK
2024-08-30,0.008428383036658937,MRK
2024-09-03,-0.01578721118924653,MRK
2024-09-04,-0.006690673932457369,MRK
2024-09-05,0.024093205635631998,MRK
2024-09-06,-0.006324310845436498,MRK
2024-09-09,-0.02062111974964398,MRK
2024-09-10,-0.0006931966772041331,MRK
2024-09-11,-0.00537590164517876,MRK
2024-09-12,0.004707531338481452,MRK
2024-09-13,0.005292846944482177,MRK
2024-09-16,0.018125310400986416,MRK
2024-09-17,0.0027975740387924386,MRK
2024-09-18,0.002958817071706976,MRK
2024-09-19,-0.011884659810929454,MRK
2024-09-20,-0.0005118586221104504,MRK
2024-09-23,-0.013143304084607399,MRK
2024-09-24,-0.00579432833053628,MRK
2024-09-25,-0.002000658745396011,MRK
2024-09-26,-0.014294491162357814,MRK
2024-09-27,0.005305563028960902,MRK
2024-09-30,-0.0011435032106671406,MRK
2024-10-01,0.010390985651148377,MRK
2024-10-02,-0.023182814033804067,MRK
2024-10-03,-0.01695219035366269,MRK
2024-10-04,-0.00372121674508763,MRK
2024-10-07,-0.010749752585059502,MRK
2024-10-08,-0.0006446237884234485,MRK
2024-10-09,0.016126060211335336,MRK
2024-10-10,-0.007889681179583219,MRK
2024-10-11,0.0030164700772570274,MRK
2024-10-14,-0.00036453945414749445,MRK
2024-10-15,0.01677451268973673,MRK
2024-10-16,-0.009952484735054168,MRK
2024-10-17,-0.006067724869187163,MRK
2024-10-18,-0.009567225984125849,MRK
2024-10-21,-0.02171113777928879,MRK
2024-10-22,0.0028211685357273364,MRK
2024-10-23,-0.002438129573505088,MRK
2024-10-24,-0.004700131725035694,MRK
2024-10-25,-0.017944786038640026,MRK
2024-10-28,0.0024043084432476824,MRK
2024-10-29,-0.00479708321880945,MRK
2024-10-30,0.010604438817340078,MRK
2024-10-31,-0.023943547575966062,MRK
2024-11-01,-0.004300258431573334,MRK
2024-11-04,-9.810077645644455e-05,MRK
2024-11-05,-0.0021596271205608364,MRK
2024-11-06,-0.009050645894098652,MRK
2024-11-07,0.004368061127255407,MRK
2024-11-08,0.01729761818397635,MRK
2024-11-11,-0.021278613009852565,MRK
2024-11-12,-0.02134420186863728,MRK
2024-11-13,-0.0008115421948540202,MRK
2024-11-14,-0.0014213136004918026,MRK
2024-11-15,-0.020841836509119194,MRK
2024-11-18,0.0025957845118613765,MRK
2024-11-19,-0.00020709034353771916,MRK
2024-11-20,0.009322576313899322,MRK
2024-11-21,0.024835776973636037,MRK
2024-11-22,-0.006809536361101265,MRK
2024-11-25,0.01996373614479885,MRK
2024-11-26,0.004547242663307305,MRK
2024-11-27,0.014760873444775058,MRK
2024-11-29,-0.014352243187684022,MRK
2024-12-02,-0.010133793639138688,MRK
2024-12-03,0.012324797298947088,MRK
2024-12-04,-0.004712771082279632,MRK
2024-12-05,0.021505378771919714,MRK
2024-12-06,-0.004442363112604264,MRK
2024-12-09,0.006790227980437269,MRK
2024-12-10,-0.026881211011820616,MRK
2024-12-11,-0.012376237623762387,MRK
2024-12-12,0.015037593984962516,MRK
2024-12-13,0.007407407407407307,MRK
2024-12-16,-0.01901963177849264,MRK
2024-12-17,0.0,MRK
2024-12-18,-0.017189698807417164,MRK
2024-12-19,0.011999190045943964,MRK
2024-12-20,-0.014770836423767197,MRK
2024-12-23,0.013462515591431634,MRK
2024-12-24,0.0008050135800454772,MRK
2024-12-26,0.004223286186307629,MRK
2024-12-27,-0.0017022708887995952,MRK
2024-12-30,-0.013339962310636833,MRK
2024-12-31,0.01128393391643101,MRK
2025-01-02,-0.0031162563080741057,MRK
2025-01-03,-0.00030249853635944124,MRK
2025-01-06,0.005850331194527492,MRK
2025-01-07,0.013036456141693131,MRK
2025-01-08,-0.011581847236436404,MRK
2025-01-10,-0.006008998330396587,MRK
2025-01-13,0.017430764301597845,MRK
2025-01-14,-0.013170942630626903,MRK
2025-01-15,0.0044154019596021055,MRK
2025-01-16,0.006094521257571817,MRK
2025-01-17,-0.027606741445342253,MRK
2025-01-21,-0.01715686618250556,MRK
2025-01-22,-0.005818761128677963,MRK
2025-01-23,0.009928897838755502,MRK
2025-01-24,-0.011176593525381251,MRK
2025-01-27,0.025013074969278737,MRK
2025-01-28,-0.005003119062174988,MRK
2025-01-29,0.008517207358103018,MRK
2025-01-30,0.006817238270931281,MRK
2025-01-31,-0.0013137671291285624,MRK
2025-02-03,0.009815839138825,MRK
2025-02-04,-0.09069047969464072,MRK
2025-02-05,-0.01179192990979172,MRK
2025-02-06,-0.01806618880637534,MRK
2025-02-07,-0.008745079452277982,MRK
2025-02-10,-0.010082461797956688,MRK
2025-02-11,0.0016203632774995924,MRK
2025-02-12,-0.010053186241946621,MRK
2025-02-13,-0.014590872262363552,MRK
2025-02-14,-0.016702156637022125,MRK
2025-02-18,0.0033730727875100897,MRK
2025-02-19,0.0277343922824127,MRK
2025-02-20,0.024299087244534556,MRK
2025-02-21,0.020757295717262814,MRK
2025-02-24,0.01977649880521115,MRK
2025-02-25,0.0017530806178849279,MRK
2025-02-26,-0.022421557966917804,MRK
2025-02-27,0.013425873959632906,MRK
2025-02-28,0.018436720414955587,MRK
2025-03-03,0.009756114101668434,MRK
2025-03-04,-0.006333912588517121,MRK
2025-03-05,0.006806448783813757,MRK
2025-03-06,0.008691893308008458,MRK
2025-03-07,0.006914909849775608,MRK
2025-03-10,0.006127858655090579,MRK
2025-03-11,-0.00525044610285208,MRK
2025-03-12,-0.014567769807974917,MRK
2025-03-13,0.014568833771631873,MRK
2025-03-14,-0.0014781901700111622,MRK
2025-03-17,0.002326332044126689,MRK
2025-03-18,-0.0007384712960030182,MRK
2025-03-19,-0.007390250935551235,MRK
2025-03-20,0.007551656447751576,MRK
2025-03-21,-0.017101263476979045,MRK
2025-03-24,-0.00859202069072773,MRK
2025-03-25,-0.0480987426003715,MRK
2025-03-26,0.0027312832168866485,MRK
2025-03-27,-0.0057882434763092405,MRK
2025-03-28,0.01860736200005797,MRK
2025-03-31,0.005939692472909597,MRK
2025-04-01,-0.029411757206084466,MRK
2025-04-02,-0.005968827548979094,MRK
2025-04-03,-0.00242493173409708,MRK
2025-04-04,-0.05695101520668422,MRK
2025-04-07,-0.0035596036722981284,MRK
2025-04-08,-0.02746986140121288,MRK
2025-04-09,0.03749217008593053,MRK
2025-04-10,-0.05322915902112757,MRK
2025-04-11,0.021018661370394653,MRK
2025-04-14,-0.00012632149775093637,MRK
2025-04-15,-0.00985220155787292,MRK
2025-04-16,-0.024620491391796562,MRK
2025-04-17,0.020141262542077154,MRK
2025-04-21,-0.0019230964856270516,MRK
2025-04-22,0.014386676538655774,MRK
2025-04-23,-0.0029125408810718456,MRK
2025-04-24,0.01397000894036382,MRK
2025-04-25,0.03632266606834267,MRK
2025-04-28,0.005438779178815523,MRK
2025-04-29,0.018271385965362708,MRK
2025-04-30,0.0057844158784714494,MRK
2025-05-01,-0.022769892975351147,MRK
2025-05-02,-0.0009608675114346488,MRK
2025-05-05,-0.0040875687188954846,MRK
2025-05-06,-0.04587150640209747,MRK
2025-05-07,0.0010121689034414683,MRK
2025-05-08,-0.018579387887680876,MRK
2025-05-09,-0.02163554761316877,MRK
2025-05-12,0.05870737149938643,MRK
2025-05-13,-0.04724609023174753,MRK
2025-05-14,-0.04123706310812758,MRK
2025-05-15,0.018102651544259274,MRK
2025-05-16,0.016844845660822783,MRK
2025-05-19,0.015382669417501882,MRK
2025-05-20,0.00958174066559958,MRK
2025-05-21,-0.012697163630499775,MRK
2025-05-22,0.011171641250384168,MRK
2025-05-23,-0.0033401145820632916,MRK
2025-05-27,0.0001288283913385424,MRK
2025-05-28,-0.0183013047553382,MRK
2025-05-29,0.003019605651341184,MRK
2025-05-30,0.005759094283037225,MRK
2025-06-02,-0.007678245263003647,MRK
2025-06-03,0.011672123142930424,MRK
2025-06-04,0.014648655202991856,MRK
2025-06-05,-0.008304509063013388,MRK
2025-06-06,0.01739240435907541,MRK
2025-06-09,0.00455870083305987,MRK
2025-06-10,0.025463211854807488,MRK
2025-06-11,-0.012661325121284817,MRK
2025-06-12,0.01867529887573771,MRK
2025-06-13,-0.0013444220332662349,MRK
2025-06-16,-0.009178803186922546,MRK
2025-06-17,-0.033102770942221804,MRK
2025-06-18,0.01290242912596451,MRK
2025-06-20,-0.002900786407842637,MRK
2025-06-23,0.013913561061020596,MRK
2025-06-24,0.0019959584007662734,MRK
2025-06-25,-0.008092648510316103,MRK
2025-06-26,-0.010543446180447447,MRK
2025-06-27,0.0034250493060377085,MRK
2025-06-30,0.000758599104245361,MRK
2025-07-01,0.0334764246322643,MRK
2025-07-02,0.007089620442040534,MRK
2025-07-03,-0.017720586179007736,MRK
2025-07-07,-0.00037067563553383476,MRK
2025-07-08,0.005809656512216321,MRK
2025-07-09,0.028757481367897686,MRK
2025-07-10,0.003703232134561807,MRK
2025-07-11,-0.00785522564965857,MRK
2025-07-14,0.0037187806660747835,MRK
2025-07-15,-0.025696206202104332,MRK
2025-07-16,0.011162950191151433,MRK
2025-07-17,-0.01103971440907825,MRK
2025-07-18,-0.01913637908284227,MRK
2025-07-21,-0.00812908370837051,MRK
2025-07-22,0.029000165459071914,MRK
2025-07-23,0.029040592192832504,MRK
2025-07-24,0.001547954849030475,MRK
2025-07-25,0.007133497441055292,MRK
2025-07-28,-0.007673256202384349,MRK
2025-07-29,-0.01701166246381347,MRK
2025-07-30,-0.010649852144120286,MRK
2025-07-31,-0.04440363612743692,MRK
2025-08-01,0.014976934559778998,MRK
2025-08-04,0.007188796673510911,MRK
2025-08-05,0.011645383146356103,MRK
2025-08-06,-0.016709969783669454,MRK
2025-08-07,0.011706952122285452,MRK
2025-08-08,0.003981581235392273,MRK
2025-08-11,-0.00817949736200152,MRK
2025-08-12,0.0033737882866342606,MRK
2025-08-13,0.03001240275372674,MRK
2025-08-14,0.0006045587270135933,MRK
2025-08-15,0.01752050399727345,MRK
2025-08-18,0.00011877611137878219,MRK
2025-08-19,0.008430290598216317,MRK
2025-08-20,-0.003179049123940181,MRK
2025-08-21,0.016772951896065758,MRK
2025-08-22,0.014986069796550039,MRK
2025-08-25,-0.02357794578493211,MRK
2025-08-26,-0.0037510222011720717,MRK
2025-08-27,-0.010824781645717652,MRK
2025-08-28,-0.010229577893105524,MRK
2025-08-29,0.01093622968539587,MRK
2025-09-02,0.016167386661275707,MRK
2025-09-03,-0.015208270948814384,MRK
2025-09-04,-0.0015442771792194554,MRK
2025-09-05,0.00785242128198882,MRK
2025-09-08,-0.007319121157866704,MRK
2025-09-09,0.0061839017137241825,MRK
2025-09-10,-0.006855003272316806,MRK
2025-09-11,0.013328606008000676,MRK
2025-09-12,-0.02748096212980078,MRK
2025-09-15,-0.021615758583506728,MRK
2025-09-16,0.0008639804705572462,MRK
2025-09-17,0.0006166365028488219,MRK
2025-09-18,0.004806499785335205,MRK
2025-09-19,-0.00024526730486695847,MRK
2025-09-22,-0.013617968117537016,MRK
2025-09-23,-0.005472667077806248,MRK
2025-09-24,-0.0036268248980465545,MRK
2025-09-25,-0.025982173244621598,MRK
2025-09-26,0.012371122465844042,MRK
2024-04-15,,MS
2024-04-16,0.024715502686250224,MS
2024-04-17,0.010545237243017258,MS
2024-04-18,0.001998227148278353,MS
2024-04-19,0.004431658723818455,MS
2024-04-22,0.015773137194113218,MS
2024-04-23,0.018134497391143034,MS
2024-04-24,0.0009598585307182272,MS
2024-04-25,-0.013745348284508019,MS
2024-04-26,0.002917073029199413,MS
2024-04-29,-0.00775612632232292,MS
2024-04-30,-0.013787908631478274,MS
2024-05-01,0.007705907153859437,MS
2024-05-02,0.012125853170745104,MS
2024-05-03,0.010685351834484491,MS
2024-05-06,0.012281092838260177,MS
2024-05-07,0.01054963593566316,MS
2024-05-08,-0.0015659413763988717,MS
2024-05-09,0.025826027148327935,MS
2024-05-10,0.0017327302811918077,MS
2024-05-13,0.002848990463722556,MS
2024-05-14,0.008319802304547874,MS
2024-05-15,0.01147111512532506,MS
2024-05-16,-0.009351321561912873,MS
2024-05-17,0.0064269871247266686,MS
2024-05-20,0.001097591389061403,MS
2024-05-21,0.011960499614690034,MS
2024-05-22,-0.007780960553782967,MS
2024-05-23,-0.0180663066648602,MS
2024-05-24,0.0005054898168559419,MS
2024-05-28,-0.003031252380090499,MS
2024-05-29,-0.01418872556865547,MS
2024-05-30,-0.0004111574741754165,MS
2024-05-31,0.006273711404881199,MS
2024-06-03,-0.004394855804126019,MS
2024-06-04,-0.008520704238280885,MS
2024-06-05,0.0008283477897901292,MS
2024-06-06,0.0019655990566260773,MS
2024-06-07,0.0029943306153468185,MS
2024-06-10,-0.0077208153666091794,MS
2024-06-11,-0.009959529936211964,MS
2024-06-12,0.0023053674944941704,MS
2024-06-13,-0.004600129998818647,MS
2024-06-14,0.0030459081852320935,MS
2024-06-17,0.016125664036935605,MS
2024-06-18,0.005461652661753691,MS
2024-06-20,-0.0013323486094554138,MS
2024-06-21,-0.01313627614148083,MS
2024-06-24,0.009775320052136216,MS
2024-06-25,0.007209110078650438,MS
2024-06-26,-0.00930474063101805,MS
2024-06-27,-0.01155952888468792,MS
2024-06-28,0.014827251207204073,MS
2024-07-01,0.020269587109958076,MS
2024-07-02,0.004941486947088292,MS
2024-07-03,0.005519271589980335,MS
2024-07-05,-0.00608783062804541,MS
2024-07-08,0.01004116916127984,MS
2024-07-09,0.020081562242785678,MS
2024-07-10,0.008283778082692539,MS
2024-07-11,0.011405377108232306,MS
2024-07-12,-0.005256145402961709,MS
2024-07-15,0.011240328941331201,MS
2024-07-16,0.009120264725343663,MS
2024-07-17,0.006966652751509317,MS
2024-07-18,-0.020100986764041817,MS
2024-07-19,-0.02595173441524523,MS
2024-07-22,0.003428407445105641,MS
2024-07-23,0.010347496420649138,MS
2024-07-24,-0.014782596901419032,MS
2024-07-25,0.015592785317803948,MS
2024-07-26,0.006083477188728592,MS
2024-07-29,-0.01641231446783309,MS
2024-07-30,0.012490229677673659,MS
2024-07-31,-0.005300723211586811,MS
2024-08-01,-0.014048996813336156,MS
2024-08-02,-0.05807786495717049,MS
2024-08-05,-0.039436607610562,MS
2024-08-06,0.00977518767092489,MS
2024-08-07,-0.009250302237922892,MS
2024-08-08,0.02735855636052631,MS
2024-08-09,0.0009511145503273699,MS
2024-08-12,0.0012668403256024252,MS
2024-08-13,0.01971744853215407,MS
2024-08-14,0.028228760032859013,MS
2024-08-15,0.012067547453543881,MS
2024-08-16,0.007949155967901245,MS
2024-08-19,0.003055969549811577,MS
2024-08-20,-0.009533181530251844,MS
2024-08-21,-0.000892998005365242,MS
2024-08-22,-0.0012911399310785443,MS
2024-08-23,0.013225953294994097,MS
2024-08-26,0.0043184065565020635,MS
2024-08-27,-0.002443076277988787,MS
2024-08-28,0.0011755007350615632,MS
2024-08-29,0.003913909372047053,MS
2024-08-30,0.009844075548258724,MS
2024-09-03,-0.04188788670706323,MS
2024-09-04,0.008864761887487749,MS
2024-09-05,-0.005891202778790738,MS
2024-09-06,-0.029831270525646603,MS
2024-09-09,0.016461373098338283,MS
2024-09-10,-0.01588915821699699,MS
2024-09-11,0.004243386680397698,MS
2024-09-12,-0.004019369211119228,MS
2024-09-13,0.016659774632862945,MS
2024-09-16,0.018727698095578837,MS
2024-09-17,-0.0024977521145672643,MS
2024-09-18,-0.005408586798273718,MS
2024-09-19,0.014400808270171206,MS
2024-09-20,0.017273878742998683,MS
2024-09-23,0.0,MS
2024-09-24,0.0010734908660208209,MS
2024-09-25,-0.0023396908644955916,MS
2024-09-26,0.022083273569492246,MS
2024-09-27,-0.004684492073781077,MS
2024-09-30,0.0012486528926698437,MS
2024-10-01,0.001726787306836064,MS
2024-10-02,0.0009576563481574762,MS
2024-10-03,0.00047840655725028824,MS
2024-10-04,0.03165341463377258,MS
2024-10-07,-0.002224674359286083,MS
2024-10-08,-0.0013935481858924348,MS
2024-10-09,0.014419974719157125,MS
2024-10-10,-0.008804100113832147,MS
2024-10-11,0.02202069960304276,MS
2024-10-14,0.01647654997201653,MS
2024-10-15,-0.000534356601763819,MS
2024-10-16,0.0649616898612404,MS
2024-10-17,-0.0005857224799010741,MS
2024-10-18,0.013563254220312126,MS
2024-10-21,-0.022963809973243543,MS
2024-10-22,0.0003381883322639556,MS
2024-10-23,-0.000338073999581745,MS
2024-10-24,0.007524513010091605,MS
2024-10-25,-0.019216253677212025,MS
2024-10-28,0.019250513799393465,MS
2024-10-29,0.0014270612126197069,MS
2024-10-30,-0.011567517581820952,MS
2024-10-31,-0.014162128518291572,MS
2024-11-01,0.0051612771967406434,MS
2024-11-04,-0.006076158269098353,MS
2024-11-05,0.014379181829874854,MS
2024-11-06,0.11611924469963975,MS
2024-11-07,-0.023195702519887562,MS
2024-11-08,0.008486424144906746,MS
2024-11-11,0.030803717523093077,MS
2024-11-12,-0.009062362755756448,MS
2024-11-13,0.003401080466673756,MS
2024-11-14,-0.0024857023554463176,MS
2024-11-15,0.012308426889391377,MS
2024-11-18,-0.002088607969536138,MS
2024-11-19,-0.011511386606255058,MS
2024-11-20,-0.004159127562848197,MS
2024-11-21,0.025058873039554452,MS
2024-11-22,-0.0022224093603211426,MS
2024-11-25,-0.007647180641673468,MS
2024-11-26,-0.017806410426481234,MS
2024-11-27,-0.0005331510213323343,MS
2024-11-29,0.003048501455812369,MS
2024-12-02,-0.004406973849744533,MS
2024-12-03,-0.004502757714929029,MS
2024-12-04,-0.0034498385450760782,MS
2024-12-05,0.002538670798594822,MS
2024-12-06,-0.002762435467456137,MS
2024-12-09,-0.010618688915974395,MS
2024-12-10,-0.013921301057992497,MS
2024-12-11,0.006309609721481646,MS
2024-12-12,0.002508091021268477,MS
2024-12-13,-0.0039871950717608184,MS
2024-12-16,0.012794326796667033,MS
2024-12-17,-0.009997682149357145,MS
2024-12-18,-0.05245026663760799,MS
2024-12-19,-0.004461342625932452,MS
2024-12-20,0.02439836050959543,MS
2024-12-23,0.008182068104829687,MS
2024-12-24,0.02097228344197588,MS
2024-12-26,0.0076341983263128466,MS
2024-12-27,-0.009919523980123413,MS
2024-12-30,-0.007967829908562263,MS
2024-12-31,-0.00023855888108847978,MS
2025-01-02,-0.007476952213483212,MS
2025-01-03,0.0092963910358832,MS
2025-01-06,0.02143875572416598,MS
2025-01-07,-0.01368160871098456,MS
2025-01-08,0.007723860168251884,MS
2025-01-10,-0.03449087784340543,MS
2025-01-13,0.0043742481075454975,MS
2025-01-14,0.005081094392022756,MS
2025-01-15,0.04758465875847073,MS
2025-01-16,0.04029103319706984,MS
2025-01-17,0.015168232056737896,MS
2025-01-21,-0.004134272036096065,MS
2025-01-22,-0.009468339569284279,MS
2025-01-23,0.013235316557042687,MS
2025-01-24,0.00014516888256843608,MS
2025-01-27,-0.008489430892148597,MS
2025-01-28,0.013830951145743509,MS
2025-01-29,0.0012271794136964331,MS
2025-01-30,0.008867390007963216,MS
2025-01-31,-0.010790408312714272,MS
2025-02-03,-0.009174233048226288,MS
2025-02-04,-0.0028433900498369136,MS
2025-02-05,0.01579285176461198,MS
2025-02-06,0.015475485990205762,MS
2025-02-07,-0.007797037774587623,MS
2025-02-10,-0.0190741409518419,MS
2025-02-11,0.0034957085141178457,MS
2025-02-12,-0.004934993170144009,MS
2025-02-13,-0.001969252944781563,MS
2025-02-14,0.015419472864800943,MS
2025-02-18,0.012666497331990545,MS
2025-02-19,-0.0001421666655280207,MS
2025-02-20,-0.04513473589681849,MS
2025-02-21,-0.019726023289587835,MS
2025-02-24,-0.013060985563185912,MS
2025-02-25,-0.0028467732069895613,MS
2025-02-26,0.011188247530513395,MS
2025-02-27,-0.013811503368518774,MS
2025-02-28,0.029944250639885706,MS
2025-03-03,-0.029900050404098266,MS
2025-03-04,-0.05738405778605882,MS
2025-03-05,0.016677610572941592,MS
2025-03-06,-0.035393917199337155,MS
2025-03-07,-0.0006702004625444014,MS
2025-03-10,-0.06371027257768969,MS
2025-03-11,0.003133659830518054,MS
2025-03-12,0.01749374391696401,MS
2025-03-13,-0.020350874516001927,MS
2025-03-14,0.03277217069048688,MS
2025-03-17,0.02271547450813749,MS
2025-03-18,0.0012716304428883607,MS
2025-03-19,0.014732011301141545,MS
2025-03-20,0.005173156065712448,MS
2025-03-21,-0.002739286359349502,MS
2025-03-24,0.034376537992340195,MS
2025-03-25,0.007483707494150504,MS
2025-03-26,-0.023961661925920086,MS
2025-03-27,-0.026186555058569705,MS
2025-03-28,-0.030840320747439587,MS
2025-03-31,0.01161880097646728,MS
2025-04-01,-0.007971203563653773,MS
2025-04-02,0.03049938521211848,MS
2025-04-03,-0.09507836553250926,MS
2025-04-04,-0.07504862828887304,MS
2025-04-07,0.010918524670922691,MS
2025-04-08,-0.006044397754847219,MS
2025-04-09,0.11354799787523895,MS
2025-04-10,-0.045837021101799325,MS
2025-04-11,0.014449248349314825,MS
2025-04-14,0.009156472795232462,MS
2025-04-15,0.01218955021184831,MS
2025-04-16,-0.023361117113552266,MS
2025-04-17,0.012238083509685582,MS
2025-04-21,-0.02637843236277626,MS
2025-04-22,0.03838188226272754,MS
2025-04-23,0.017485054839644132,MS
2025-04-24,0.029293927406693232,MS
2025-04-25,0.0035467445287307164,MS
2025-04-28,-0.001551592982167227,MS
2025-04-29,0.0032806461832939338,MS
2025-04-30,-0.006798045966363797,MS
2025-05-01,0.011609807559723961,MS
2025-05-02,0.029633427724981454,MS
2025-05-05,-0.0051572345723388535,MS
2025-05-06,-0.010618701164458733,MS
2025-05-07,0.006507197085704242,MS
2025-05-08,0.02334171968861054,MS
2025-05-09,-0.0014768650248778714,MS
2025-05-12,0.044042734139353445,MS
2025-05-13,0.018023048866074864,MS
2025-05-14,0.013065226925963458,MS
2025-05-15,0.011217958608203737,MS
2025-05-16,-0.002490392006149089,MS
2025-05-19,-0.010137663883651782,MS
2025-05-20,-0.0130693327953183,MS
2025-05-21,-0.02966004558375468,MS
2025-05-22,0.007661604637600128,MS
2025-05-23,-0.0015048506113697346,MS
2025-05-27,0.024906853546790897,MS
2025-05-28,-0.013156911146993022,MS
2025-05-29,0.005097651282167215,MS
2025-05-30,-0.0010143951240455529,MS
2025-06-02,0.002889909558035031,MS
2025-06-03,0.0021806759548805843,MS
2025-06-04,-0.004040946870287998,MS
2025-06-05,0.01919468933196833,MS
2025-06-06,0.009187048322537805,MS
2025-06-09,0.0009861145258756032,MS
2025-06-10,-0.0009851430619920443,MS
2025-06-11,-7.593510141734594e-05,MS
2025-06-12,0.0008345392033155541,MS
2025-06-13,-0.018420199435336904,MS
2025-06-16,0.010888781709062156,MS
2025-06-17,-0.0061879113549409,MS
2025-06-18,0.018679437335509697,MS
2025-06-20,0.0014337642263850814,MS
2025-06-23,0.009720391989084476,MS
2025-06-24,0.014179058928987853,MS
2025-06-25,0.013392254642815127,MS
2025-06-26,0.014740043285678572,MS
2025-06-27,0.006726314428667335,MS
2025-06-30,0.0012083173359536126,MS
2025-07-01,0.001490889627695724,MS
2025-07-02,0.012688687837230317,MS
2025-07-03,0.008959812220553198,MS
2025-07-07,-0.0027750374509374343,MS
2025-07-08,-0.018157788441685363,MS
2025-07-09,0.0029759665160788984,MS
2025-07-10,0.010879500197324088,MS
2025-07-11,-0.005660756022951019,MS
2025-07-14,0.011878004328828906,MS
2025-07-15,-0.016531255557635238,MS
2025-07-16,-0.012712784083010242,MS
2025-07-17,0.007940486899369992,MS
2025-07-18,-0.0004967499535954989,MS
2025-07-21,-0.002556277821990194,MS
2025-07-22,-0.0030612083066383633,MS
2025-07-23,0.015495669321409888,MS
2025-07-24,0.002039190439785843,MS
2025-07-25,0.0035789088199014163,MS
2025-07-28,-0.0031466118839734714,MS
2025-07-29,0.007014590468051862,MS
2025-07-30,0.009612739664816905,MS
2025-07-31,-0.017110498728890478,MS
2025-08-01,-0.02365583474066002,MS
2025-08-04,0.016320399253922035,MS
2025-08-05,-0.006366680055167384,MS
2025-08-06,0.005980323919546615,MS
2025-08-07,-0.0026893480156069405,MS
2025-08-08,0.0160374292946448,MS
2025-08-11,0.004889036477438324,MS
2025-08-12,0.02370022440642594,MS
2025-08-13,0.0031909922067148155,MS
2025-08-14,0.005075798781011054,MS
2025-08-15,-0.0261261178879435,MS
2025-08-18,0.0010370869903926216,MS
2025-08-19,-0.004903933285428708,MS
2025-08-20,0.00034696876815076827,MS
2025-08-21,-0.000555105701950942,MS
2025-08-22,0.02763129111247542,MS
2025-08-25,-0.0024997322341342443,MS
2025-08-26,0.008940110929799294,MS
2025-08-27,0.0027522565533308896,MS
2025-08-28,0.0053553873799665475,MS
2025-08-29,0.0019976232946388173,MS
2025-09-02,-0.010831935608070609,MS
2025-09-03,-0.002149864367464005,MS
2025-09-04,0.013465293317424853,MS
2025-09-05,-0.016209409826566934,MS
2025-09-08,0.004726834800137469,MS
2025-09-09,0.023052678871852583,MS
2025-09-10,0.012481893846062908,MS
2025-09-11,0.015312747762268542,MS
2025-09-12,-0.0005751299868854698,MS
2025-09-15,0.0015985676895944323,MS
2025-09-16,-0.005298785969668041,MS
2025-09-17,0.010268956604751356,MS
2025-09-18,0.011625702232895607,MS
2025-09-19,0.004207473912540616,MS
2025-09-22,0.005002833052572653,MS
2025-09-23,0.0003110434377477933,MS
2025-09-24,-0.017914840273902666,MS
2025-09-25,0.006777248748021547,MS
2025-09-26,0.0072979155984953525,MS
2024-04-15,,MSFT
2024-04-16,0.002272439538101745,MSFT
2024-04-17,-0.0066090750232039586,MSFT
2024-04-18,-0.018380942578505644,MSFT
2024-04-19,-0.012738996305536321,MSFT
2024-04-22,0.004610133194029364,MSFT
2024-04-23,0.016485474885294504,MSFT
2024-04-24,0.003655789698945533,MSFT
2024-04-25,-0.024495157369272214,MSFT
2024-04-26,0.01824378163443563,MSFT
2024-04-29,-0.010016753423050417,MSFT
2024-04-30,-0.03211936215720168,MSFT
2024-05-01,0.014409411200334787,MSFT
2024-05-02,0.0073428720275419135,MSFT
2024-05-03,0.022169735082964825,MSFT
2024-05-06,0.016918321990989416,MSFT
2024-05-07,-0.010156241524996279,MSFT
2024-05-08,0.0029315781935970175,MSFT
2024-05-09,0.004335749847148129,MSFT
2024-05-10,0.005869186231977741,MSFT
2024-05-13,-0.0024593457049932876,MSFT
2024-05-14,0.0068645371978899306,MSFT
2024-05-15,0.01565198063156492,MSFT
2024-05-16,-0.004939955573941224,MSFT
2024-05-17,-0.0018527727437477326,MSFT
2024-05-20,0.012208193491660246,MSFT
2024-05-21,0.008698951988733272,MSFT
2024-05-22,0.00344951622057188,MSFT
2024-05-23,-0.008176133753362347,MSFT
2024-05-24,0.007400476960443436,MSFT
2024-05-28,0.0003719631317351535,MSFT
2024-05-29,-0.0026724155905164526,MSFT
2024-05-30,-0.03378614429323723,MSFT
2024-05-31,0.0011092951990325783,MSFT
2024-06-03,-0.003878341363436566,MSFT
2024-06-04,0.006166614379704338,MSFT
2024-06-05,0.019083332856576485,MSFT
2024-06-06,0.0012027528508791185,MSFT
2024-06-07,-0.0015782128698177411,MSFT
2024-06-10,0.009484461379694054,MSFT
2024-06-11,0.011241726724203538,MSFT
2024-06-12,0.019367673626388138,MSFT
2024-06-13,0.0011789530144428184,MSFT
2024-06-14,0.002241996426600057,MSFT
2024-06-17,0.013105243683446899,MSFT
2024-06-18,-0.004527508087971643,MSFT
2024-06-20,-0.001433848940516791,MSFT
2024-06-21,0.009154109177745395,MSFT
2024-06-24,-0.004691149800544747,MSFT
2024-06-25,0.007326822616914752,MSFT
2024-06-26,0.0026832052829008912,MSFT
2024-06-27,0.0015260138796395761,MSFT
2024-06-28,-0.013028583011955863,MSFT
2024-07-01,0.021881638913048507,MSFT
2024-07-02,0.005583140436648648,MSFT
2024-07-03,0.003244187071797633,MSFT
2024-07-05,0.014736221339971767,MSFT
2024-07-08,-0.0028231827596699732,MSFT
2024-07-09,-0.014370242428336288,MSFT
2024-07-10,0.014601539213798809,MSFT
2024-07-11,-0.02477209178116624,MSFT
2024-07-12,-0.0025291937171509904,MSFT
2024-07-15,0.0009039878142307334,MSFT
2024-07-16,-0.009780602971585006,MSFT
2024-07-17,-0.01334757106834128,MSFT
2024-07-18,-0.007102259141666956,MSFT
2024-07-19,-0.007402888030001886,MSFT
2024-07-22,0.013337643351145845,MSFT
2024-07-23,0.0043121046904361915,MSFT
2024-07-24,-0.035854809459797354,MSFT
2024-07-25,-0.024481231404573478,MSFT
2024-07-26,0.016419682641982014,MSFT
2024-07-29,0.0034331648373364665,MSFT
2024-07-30,-0.00892835624517585,MSFT
2024-07-31,-0.010805843136103221,MSFT
2024-08-01,-0.002964074898677782,MSFT
2024-08-02,-0.020666000383381178,MSFT
2024-08-05,-0.03265685000074703,MSFT
2024-08-06,0.011286831643597228,MSFT
2024-08-07,-0.002952860836906157,MSFT
2024-08-08,0.010691990673231233,MSFT
2024-08-09,0.008269354968031939,MSFT
2024-08-12,0.0019457380579734895,MSFT
2024-08-13,0.017698710086381908,MSFT
2024-08-14,0.00688383256132119,MSFT
2024-08-15,0.010003391004818063,MSFT
2024-08-16,-0.006080321036543768,MSFT
2024-08-19,0.007312346284482851,MSFT
2024-08-20,0.007757428944894507,MSFT
2024-08-21,-0.0015536091419402487,MSFT
2024-08-22,-0.02025280935256457,MSFT
2024-08-23,0.0029840471384416922,MSFT
2024-08-26,-0.007917700143695305,MSFT
2024-08-27,0.0008464681413864472,MSFT
2024-08-28,-0.007829089172254888,MSFT
2024-08-29,0.006137333113035881,MSFT
2024-08-30,0.00973087620731028,MSFT
2024-09-03,-0.018459059156721636,MSFT
2024-09-04,-0.0013188954222888016,MSFT
2024-09-05,-0.001247197984003856,MSFT
2024-09-06,-0.016381405522770565,MSFT
2024-09-09,0.010007440606200513,MSFT
2024-09-10,0.020901141084526342,MSFT
2024-09-11,0.02134233722202805,MSFT
2024-09-12,0.009360796556096007,MSFT
2024-09-13,0.00840748556883053,MSFT
2024-09-16,0.0017417961549934802,MSFT
2024-09-17,0.008832933627627604,MSFT
2024-09-18,-0.009973564055531292,MSFT
2024-09-19,0.018291137456114326,MSFT
2024-09-20,-0.00779596847136077,MSFT
2024-09-23,-0.0040434196991964155,MSFT
2024-09-24,-0.010011294411026439,MSFT
2024-09-25,0.006850366595622326,MSFT
2024-09-26,-0.001851352248474103,MSFT
2024-09-27,-0.007627944085564442,MSFT
2024-09-30,0.005326851170084135,MSFT
2024-10-01,-0.022333222459179236,MSFT
2024-10-02,-0.008462282293217993,MSFT
2024-10-03,-0.0014144183611446426,MSFT
2024-10-04,-0.0011523766660612722,MSFT
2024-10-07,-0.015670790395449274,MSFT
2024-10-08,0.012623877526703575,MSFT
2024-10-09,0.006631139969285993,MSFT
2024-10-10,-0.0038805996990056713,MSFT
2024-10-11,0.0011543165413510081,MSFT
2024-10-14,0.0067736531384681165,MSFT
2024-10-15,-0.0009543932816771239,MSFT
2024-10-16,-0.0062568543207947025,MSFT
2024-10-17,0.0014419064465927,MSFT
2024-10-18,0.003455563537118511,MSFT
2024-10-21,0.001482674363300518,MSFT
2024-10-22,0.020846294024966072,MSFT
2024-10-23,-0.006806866729751504,MSFT
2024-10-24,0.0003061820088170464,MSFT
2024-10-25,0.008052133877269885,MSFT
2024-10-28,-0.0036435772061950145,MSFT
2024-10-29,0.012564795037751209,MSFT
2024-10-30,0.0013427168789792443,MSFT
2024-10-31,-0.06052757669911324,MSFT
2024-11-01,0.009892922242624058,MSFT
2024-11-04,-0.004654345309929253,MSFT
2024-11-05,0.007344660585515195,MSFT
2024-11-06,0.0211928289549268,MSFT
2024-11-07,0.01249464536987377,MSFT
2024-11-08,-0.006793089769441374,MSFT
2024-11-11,-0.010720875390940132,MSFT
2024-11-12,0.012009255511576278,MSFT
2024-11-13,0.005129691591603924,MSFT
2024-11-14,0.003974605815823429,MSFT
2024-11-15,-0.027852641758860153,MSFT
2024-11-18,0.0018313488328314254,MSFT
2024-11-19,0.004882621540347909,MSFT
2024-11-20,-0.005505201808337579,MSFT
2024-11-21,-0.00630579599693748,MSFT
2024-11-22,0.010003160635686958,MSFT
2024-11-25,0.004292586438661594,MSFT
2024-11-26,0.021968006642322457,MSFT
2024-11-27,-0.011682516213199046,MSFT
2024-11-29,0.0011111402906784917,MSFT
2024-12-02,0.017758512452168196,MSFT
2024-12-03,0.0005104673420923689,MSFT
2024-12-04,0.014424863276016664,MSFT
2024-12-05,0.011887845845700351,MSFT
2024-12-06,0.00214633820774357,MSFT
2024-12-09,0.005523325853865391,MSFT
2024-12-10,-0.0060311253030496115,MSFT
2024-12-11,0.012767021932965417,MSFT
2024-12-12,0.0012695323651228385,MSFT
2024-12-13,-0.005093888596312213,MSFT
2024-12-16,0.009658612091871577,MSFT
2024-12-17,0.006355311544678388,MSFT
2024-12-18,-0.037561011150808676,MSFT
2024-12-19,-0.0008231003385616997,MSFT
2024-12-20,-0.0009838973914428895,MSFT
2024-12-23,-0.0030920890623981068,MSFT
2024-12-24,0.009373892182115151,MSFT
2024-12-26,-0.0027769586825197035,MSFT
2024-12-27,-0.01730156085390988,MSFT
2024-12-30,-0.013239523896575789,MSFT
2024-12-31,-0.007838398129881519,MSFT
2025-01-02,-0.006927671240176458,MSFT
2025-01-03,0.011395718104707964,MSFT
2025-01-06,0.010629502622233833,MSFT
2025-01-07,-0.012808252677697252,MSFT
2025-01-08,0.005185033185888699,MSFT
2025-01-10,-0.01321364561857541,MSFT
2025-01-13,-0.004201001824425954,MSFT
2025-01-14,-0.003643397504199175,MSFT
2025-01-15,0.02559718956659629,MSFT
2025-01-16,-0.004058105595073136,MSFT
2025-01-17,0.010480974958233968,MSFT
2025-01-21,-0.0012353420059316722,MSFT
2025-01-22,0.0413069129685677,MSFT
2025-01-23,0.001142938668971194,MSFT
2025-01-24,-0.005932246753318604,MSFT
2025-01-27,-0.021393505499775367,MSFT
2025-01-28,0.02908692636103294,MSFT
2025-01-29,-0.010890039136472685,MSFT
2025-01-30,-0.0618090501839037,MSFT
2025-01-31,0.00016869641645866906,MSFT
2025-02-03,-0.009974423348939943,MSFT
2025-02-04,0.003528622705323947,MSFT
2025-02-05,0.0022310387240296325,MSFT
2025-02-06,0.006121606443388883,MSFT
2025-02-07,-0.01459767980689275,MSFT
2025-02-10,0.00602806887297902,MSFT
2025-02-11,-0.001892190522019943,MSFT
2025-02-12,-0.0058331564316626006,MSFT
2025-02-13,0.003667122943146639,MSFT
2025-02-14,-0.005139610818003293,MSFT
2025-02-18,0.002962617815427615,MSFT
2025-02-19,0.012523128068035572,MSFT
2025-02-20,0.003278964016598218,MSFT
2025-02-21,-0.019032545922673227,MSFT
2025-02-24,-0.01031329840818318,MSFT
2025-02-25,-0.015099025008702083,MSFT
2025-02-26,0.0045991885345939565,MSFT
2025-02-27,-0.01801218824992734,MSFT
2025-02-28,0.011362167143780022,MSFT
2025-03-03,-0.021411119194672312,MSFT
2025-03-04,0.0003088756987408292,MSFT
2025-03-05,0.03193434067547818,MSFT
2025-03-06,-0.010298674575779265,MSFT
2025-03-07,-0.009020174249067203,MSFT
2025-03-10,-0.03343417146299554,MSFT
2025-03-11,0.0007628591701605014,MSFT
2025-03-12,0.0074122137367840235,MSFT
2025-03-13,-0.011741070600337244,MSFT
2025-03-14,0.025846843279256015,MSFT
2025-03-17,0.0003603424164022595,MSFT
2025-03-18,-0.013326532108777878,MSFT
2025-03-19,0.011211979645716852,MSFT
2025-03-20,-0.0025269737708730755,MSFT
2025-03-21,0.011425947341478171,MSFT
2025-03-24,0.004651578902047371,MSFT
2025-03-25,0.005291587363635442,MSFT
2025-03-26,-0.013133926493846482,MSFT
2025-03-27,0.0015641853210581758,MSFT
2025-03-28,-0.030160272375136965,MSFT
2025-03-31,-0.009002041326344856,MSFT
2025-04-01,0.018114461034178353,MSFT
2025-04-02,-0.00013079304181018436,MSFT
2025-04-03,-0.02363015897506171,MSFT
2025-04-04,-0.035565890848963,MSFT
2025-04-07,-0.005502476118493749,MSFT
2025-04-08,-0.009221449527884062,MSFT
2025-04-09,0.10133684827162015,MSFT
2025-04-10,-0.023406449229014803,MSFT
2025-04-11,0.018618083099199767,MSFT
2025-04-14,-0.001647611348500555,MSFT
2025-04-15,-0.005363416583790803,MSFT
2025-04-16,-0.03660598147045935,MSFT
2025-04-17,-0.010306468403001201,MSFT
2025-04-21,-0.02354669555400757,MSFT
2025-04-22,0.021441335240936832,MSFT
2025-04-23,0.020636844155362377,MSFT
2025-04-24,0.034482685540248914,MSFT
2025-04-25,0.011748046614912688,MSFT
2025-04-28,-0.001760884089979986,MSFT
2025-04-29,0.007362728438105481,MSFT
2025-04-30,0.003096135403123812,MSFT
2025-05-01,0.07625356318928223,MSFT
2025-05-02,0.023225211623337794,MSFT
2025-05-05,0.0020446945665628657,MSFT
2025-05-06,-0.006557112550366728,MSFT
2025-05-07,9.233238362216234e-05,MSFT
2025-05-08,0.011122665873615656,MSFT
2025-05-09,0.0012780371577985061,MSFT
2025-05-12,0.024001090683593684,MSFT
2025-05-13,-0.00026709503311928007,MSFT
2025-05-14,0.008460586162520434,MSFT
2025-05-15,0.0004194869969138537,MSFT
2025-05-16,0.0025157992597604206,MSFT
2025-05-19,0.010126150119454946,MSFT
2025-05-20,-0.0015254466339085226,MSFT
2025-05-21,-0.012222550449384473,MSFT
2025-05-22,0.005059942086933722,MSFT
2025-05-23,-0.01028886432418119,MSFT
2025-05-27,0.023346239141272207,MSFT
2025-05-28,-0.007228325060662177,MSFT
2025-05-29,0.002886145195242884,MSFT
2025-05-30,0.0036626683147453765,MSFT
2025-06-02,0.003497297593992865,MSFT
2025-06-03,0.0021646427199983886,MSFT
2025-06-04,0.001943957263130125,MSFT
2025-06-05,0.00821350291827172,MSFT
2025-06-06,0.005773204433192403,MSFT
2025-06-09,0.005038469094318598,MSFT
2025-06-10,-0.003870939338478263,MSFT
2025-06-11,0.003609915996305446,MSFT
2025-06-12,0.013224154848654468,MSFT
2025-06-13,-0.008165062964850311,MSFT
2025-06-16,0.008800790105611966,MSFT
2025-06-17,-0.0022957926073503554,MSFT
2025-06-18,0.004602086959519358,MSFT
2025-06-20,-0.00591370230643351,MSFT
2025-06-23,0.018014256835915177,MSFT
2025-06-24,0.00845675998263884,MSFT
2025-06-25,0.004407181503474078,MSFT
2025-06-26,0.010522727992698044,MSFT
2025-06-27,-0.003035500509740774,MSFT
2025-06-30,0.0029640706808617967,MSFT
2025-07-01,-0.01077585056528474,MSFT
2025-07-02,-0.001951003920118044,MSFT
2025-07-03,0.015781221482401575,MSFT
2025-07-07,-0.0022451991127608872,MSFT
2025-07-08,-0.002210090213006888,MSFT
2025-07-09,0.013873816431438035,MSFT
2025-07-10,-0.004031694981082468,MSFT
2025-07-11,0.0036691319645456577,MSFT
2025-07-14,-0.0005960786501253423,MSFT
2025-07-15,0.005566415593219576,MSFT
2025-07-16,-0.0003954216996858717,MSFT
2025-07-17,0.01202487470542879,MSFT
2025-07-18,-0.003224593266952902,MSFT
2025-07-21,1.96250678650145e-05,MSFT
2025-07-22,-0.009391068830822413,MSFT
2025-07-23,0.0011874960250199962,MSFT
2025-07-24,0.009903749607573342,MSFT
2025-07-25,0.005539494720473437,MSFT
2025-07-28,-0.0023554572052336686,MSFT
2025-07-29,0.0001365996570121819,MSFT
2025-07-30,0.0013071051770152664,MSFT
2025-07-31,0.03947472946598163,MSFT
2025-08-01,-0.01760077722293818,MSFT
2025-08-04,0.021999255154699693,MSFT
2025-08-05,-0.014730069510613508,MSFT
2025-08-06,-0.005324486136605855,MSFT
2025-08-07,-0.007810369883928137,MSFT
2025-08-08,0.0023038766415852674,MSFT
2025-08-11,-0.0005171222654515306,MSFT
2025-08-12,0.014316596246437996,MSFT
2025-08-13,-0.01636303624882196,MSFT
2025-08-14,0.0036497047841510533,MSFT
2025-08-15,-0.0044212173574982305,MSFT
2025-08-18,-0.005901930955421908,MSFT
2025-08-19,-0.014175182592031321,MSFT
2025-08-20,-0.007944735626365218,MSFT
2025-08-21,-0.00292654232135503,MSFT
2025-08-22,0.005929757278004377,MSFT
2025-08-25,-0.0058553341804989945,MSFT
2025-08-26,-0.004402493114088024,MSFT
2025-08-27,0.00936176720870363,MSFT
2025-08-28,0.005722904191400424,MSFT
2025-08-29,-0.005788423440546087,MSFT
2025-09-02,-0.0030985559546348185,MSFT
2025-09-03,0.0004553590999198942,MSFT
2025-09-04,0.005184515851476723,MSFT
2025-09-05,-0.025533006259296664,MSFT
2025-09-08,0.006464671125315569,MSFT
2025-09-09,0.00042150030094911806,MSFT
2025-09-10,0.003932488193810091,MSFT
2025-09-11,0.0012790827881028477,MSFT
2025-09-12,0.017744124783092063,MSFT
2025-09-15,0.010707965327386493,MSFT
2025-09-16,-0.012263227620067041,MSFT
2025-09-17,0.001925154118143313,MSFT
2025-09-18,-0.003078265245401113,MSFT
2025-09-19,0.01864486230927631,MSFT
2025-09-22,-0.0067190170833154594,MSFT
2025-09-23,-0.010146760806378219,MSFT
2025-09-24,0.0018066156556137969,MSFT
2025-09-25,-0.0061158387817614734,MSFT
2025-09-26,0.00873714116807034,MSFT
2024-04-15,,NFLX
2024-04-16,0.017079790332208633,NFLX
2024-04-17,-0.006202255746706076,NFLX
2024-04-18,-0.005100302873373486,NFLX
2024-04-19,-0.09093294639880478,NFLX
2024-04-22,-0.0007927400886870162,NFLX
2024-04-23,0.041741841747476416,NFLX
2024-04-24,-0.03916919927790996,NFLX
2024-04-25,0.017437658093612418,NFLX
2024-04-26,-0.006320834634166772,NFLX
2024-04-29,-0.0031003159042247708,NFLX
2024-04-30,-0.015817933726088973,NFLX
2024-05-01,0.0019432066245710367,NFLX
2024-05-02,0.024360627695960924,NFLX
2024-05-03,0.025108381541906866,NFLX
2024-05-06,0.03043108197330624,NFLX
2024-05-07,0.0151264380790197,NFLX
2024-05-08,0.0057260242625825075,NFLX
2024-05-09,0.004298909344657487,NFLX
2024-05-10,-0.00199322270377289,NFLX
2024-05-13,0.009363746433779241,NFLX
2024-05-14,-0.0047520290360199,NFLX
2024-05-15,-0.00022806378027895313,NFLX
2024-05-16,-0.004889815987247026,NFLX
2024-05-17,0.017329417080885756,NFLX
2024-05-20,0.03175017310164541,NFLX
2024-05-21,0.015277266495193231,NFLX
2024-05-22,-0.015585396592027845,NFLX
2024-05-23,-0.0074944775126603025,NFLX
2024-05-24,0.017430455091049568,NFLX
2024-05-28,0.0034789331271742885,NFLX
2024-05-29,0.0086594685935093,NFLX
2024-05-30,-0.010632156097539092,NFLX
2024-05-31,-0.009325847323894854,NFLX
2024-06-03,-0.012203511657104205,NFLX
2024-06-04,-0.0034238201697512904,NFLX
2024-06-05,0.02952728627693668,NFLX
2024-06-06,-0.0026911897326306056,NFLX
2024-06-07,-0.010870981027263804,NFLX
2024-06-10,0.004723571539215987,NFLX
2024-06-11,0.006283922099253214,NFLX
2024-06-12,0.0023282858592961198,NFLX
2024-06-13,0.004922641323953814,NFLX
2024-06-14,0.024676231326284492,NFLX
2024-06-17,0.009635800531807792,NFLX
2024-06-18,0.014559823582095177,NFLX
2024-06-20,-0.009683891345366513,NFLX
2024-06-21,0.010441314101607535,NFLX
2024-06-24,-0.024922718631770646,NFLX
2024-06-25,0.005067043607538624,NFLX
2024-06-26,0.00785239587120179,NFLX
2024-06-27,0.009812782230969264,NFLX
2024-06-28,-0.013823569572752992,NFLX
2024-07-01,-0.0018818449532677084,NFLX
2024-07-02,0.00886274234068174,NFLX
2024-07-03,0.0043114756203814775,NFLX
2024-07-05,0.011926586470479394,NFLX
2024-07-08,-0.007109294152060741,NFLX
2024-07-09,0.0,NFLX
2024-07-10,-0.011797424585880512,NFLX
2024-07-11,-0.03674466688847622,NFLX
2024-07-12,-0.007889734835790918,NFLX
2024-07-15,0.013665900177167734,NFLX
2024-07-16,-0.00019804231913322923,NFLX
2024-07-17,-0.013499489963263778,NFLX
2024-07-18,-0.006826744193171419,NFLX
2024-07-19,-0.015084522740921313,NFLX
2024-07-22,0.02235761604210529,NFLX
2024-07-23,-0.007320448238417043,NFLX
2024-07-24,-0.010532732946031631,NFLX
2024-07-25,-0.0029874108210509176,NFLX
2024-07-26,-0.004289661756344376,NFLX
2024-07-29,-0.006984768327029434,NFLX
2024-07-30,-0.006986099159929426,NFLX
2024-07-31,0.009267818332918232,NFLX
2024-08-01,-0.005570144244433584,NFLX
2024-08-02,-0.01794024385931703,NFLX
2024-08-05,-0.024591008564058603,NFLX
2024-08-06,0.01841119331049379,NFLX
2024-08-07,0.0031333122062802143,NFLX
2024-08-08,0.030859546869747234,NFLX
2024-08-09,0.005695291496016441,NFLX
2024-08-12,-0.0012619298196798745,NFLX
2024-08-13,0.02350191827802095,NFLX
2024-08-14,0.021079554231074882,NFLX
2024-08-15,0.0023273758378521414,NFLX
2024-08-16,0.01635963496333037,NFLX
2024-08-19,0.02145181036915833,NFLX
2024-08-20,0.014538144023567012,NFLX
2024-08-21,-0.002032786890975413,NFLX
2024-08-22,-0.011705263371709074,NFLX
2024-08-23,-0.0032368227949149952,NFLX
2024-08-26,0.0024900936631440107,NFLX
2024-08-27,0.010574586363229832,NFLX
2024-08-28,-0.017075755114015045,NFLX
2024-08-29,0.012634466065127414,NFLX
2024-08-30,0.012809027506012871,NFLX
2024-09-03,-0.03711409306027591,NFLX
2024-09-04,0.00645617678178656,NFLX
2024-09-05,0.0057968492288482665,NFLX
2024-09-06,-0.02611096181128758,NFLX
2024-09-09,0.014494439665067027,NFLX
2024-09-10,-0.0026649904333793106,NFLX
2024-09-11,0.01165341831127198,NFLX
2024-09-12,0.007821352838694118,NFLX
2024-09-13,0.014938861310402007,NFLX
2024-09-16,-0.0008033706719007272,NFLX
2024-09-17,0.014946120810525931,NFLX
2024-09-18,-0.02325614726904557,NFLX
2024-09-19,0.02005885441620281,NFLX
2024-09-20,-0.004671140948902863,NFLX
2024-09-23,0.006190841531660718,NFLX
2024-09-24,0.02394490092484225,NFLX
2024-09-25,-0.0009691969617124929,NFLX
2024-09-26,-0.01403903336810175,NFLX
2024-09-27,-0.0057349523239781375,NFLX
2024-09-30,0.002714418621025727,NFLX
2024-10-01,-0.004427107535875718,NFLX
2024-10-02,0.007024233410785952,NFLX
2024-10-03,-0.0060330463098619,NFLX
2024-10-04,0.018251308201551852,NFLX
2024-10-07,-0.024704778373354164,NFLX
2024-10-08,0.028265368330464336,NFLX
2024-10-09,0.007855773156505874,NFLX
2024-10-10,0.003931629683074034,NFLX
2024-10-11,-0.01026989309131554,NFLX
2024-10-14,-0.01354470638077021,NFLX
2024-10-15,-0.009845749693197736,NFLX
2024-10-16,-0.005637525962290613,NFLX
2024-10-17,-0.020441560663728597,NFLX
2024-10-18,0.11087033742104224,NFLX
2024-10-21,0.010708338267186202,NFLX
2024-10-22,-0.010141589513340099,NFLX
2024-10-23,-0.019561933944920118,NFLX
2024-10-24,0.007019992152401455,NFLX
2024-10-25,0.00017229459269185732,NFLX
2024-10-28,-0.007367357837167909,NFLX
2024-10-29,0.013776173899355593,NFLX
2024-10-30,-0.007505546440412902,NFLX
2024-10-31,0.0030382347920638875,NFLX
2024-11-01,9.251787144948231e-05,NFLX
2024-11-04,-0.0007802748834310202,NFLX
2024-11-05,0.01111826881223199,NFLX
2024-11-06,0.021337656793546156,NFLX
2024-11-07,0.020930205450834016,NFLX
2024-11-08,-0.0018831446523435158,NFLX
2024-11-11,0.013081133907086206,NFLX
2024-11-12,0.01745629409512306,NFLX
2024-11-13,0.013386175354636931,NFLX
2024-11-14,0.00817614038079073,NFLX
2024-11-15,-0.015885134412058965,NFLX
2024-11-18,0.028023162780437483,NFLX
2024-11-19,0.028652405266526015,NFLX
2024-11-20,0.014380443644577356,NFLX
2024-11-21,0.015421174700804396,NFLX
2024-11-22,0.00034540888414236193,NFLX
2024-11-25,-0.03586579485173791,NFLX
2024-11-26,0.008098462913135318,NFLX
2024-11-27,0.005432101079705376,NFLX
2024-11-29,0.010793957203875548,NFLX
2024-12-02,0.012325067044656413,NFLX
2024-12-03,0.004934605480396037,NFLX
2024-12-04,0.009854035067494493,NFLX
2024-12-05,0.007474806902775688,NFLX
2024-12-06,0.018379503858859225,NFLX
2024-12-09,-0.022519618303364464,NFLX
2024-12-10,-0.00037214684910658047,NFLX
2024-12-11,0.02541196977398119,NFLX
2024-12-12,-0.01175579759366796,NFLX
2024-12-13,-0.007217322417895633,NFLX
2024-12-16,0.0024051519631722584,NFLX
2024-12-17,-0.0021170931632978895,NFLX
2024-12-18,-0.03218262588828791,NFLX
2024-12-19,0.014040796364197083,NFLX
2024-12-20,0.007771285016607621,NFLX
2024-12-23,0.0026401456974762816,NFLX
2024-12-24,0.022678131146331326,NFLX
2024-12-26,-0.00856110855957637,NFLX
2024-12-27,-0.017951854256392008,NFLX
2024-12-30,-0.007845292505046841,NFLX
2024-12-31,-0.01011737217292219,NFLX
2025-01-02,-0.005149695752088235,NFLX
2025-01-03,-0.006405549379055242,NFLX
2025-01-06,0.0008398958567932269,NFLX
2025-01-07,-0.0029485202267255373,NFLX
2025-01-08,-0.004765753056530597,NFLX
2025-01-10,-0.04263999720982148,NFLX
2025-01-13,0.0031037443187336144,NFLX
2025-01-14,-0.014149821995014134,NFLX
2025-01-15,0.02397390725043702,NFLX
2025-01-16,-0.00694364296398331,NFLX
2025-01-17,0.018673481439188455,NFLX
2025-01-21,0.013494950960622587,NFLX
2025-01-22,0.09694370144033515,NFLX
2025-01-23,0.03235882497006437,NFLX
2025-01-24,-0.007381717811896449,NFLX
2025-01-27,-0.005830677533982254,NFLX
2025-01-28,-6.17328686265406e-05,NFLX
2025-01-29,0.006503202425403698,NFLX
2025-01-30,-0.005019714826085875,NFLX
2025-01-31,0.0036168052757494795,NFLX
2025-02-03,0.002231861106091193,NFLX
2025-02-04,0.016272695605504817,NFLX
2025-02-05,0.01632373105438978,NFLX
2025-02-06,0.004519792495798258,NFLX
2025-02-07,-0.0017229836293118916,NFLX
2025-02-10,0.013482176293139192,NFLX
2025-02-11,-0.01899567824041981,NFLX
2025-02-12,0.019075907842534212,NFLX
2025-02-13,0.01594443924254163,NFLX
2025-02-14,0.014285884713613362,NFLX
2025-02-18,-0.02149064852132443,NFLX
2025-02-19,0.007221104064339956,NFLX
2025-02-20,-0.018009563401439,NFLX
2025-02-21,-0.020877675671914564,NFLX
2025-02-24,-0.014633956391031377,NFLX
2025-02-25,-0.011360972818184711,NFLX
2025-02-26,0.013118586480629135,NFLX
2025-02-27,-0.027260964285932276,NFLX
2025-02-28,0.018160663400752064,NFLX
2025-03-03,-0.006995987362978906,NFLX
2025-03-04,-0.0011502465884218882,NFLX
2025-03-05,0.018857025127032134,NFLX
2025-03-06,-0.08533483935832642,NFLX
2025-03-07,-0.016825544205909315,NFLX
2025-03-10,-0.02741523838512827,NFLX
2025-03-11,0.03279178376140024,NFLX
2025-03-12,0.0274606387669194,NFLX
2025-03-13,-0.03208725861238593,NFLX
2025-03-14,0.03126371100366865,NFLX
2025-03-17,0.03488019556781041,NFLX
2025-03-18,-0.02109433343561329,NFLX
2025-03-19,0.03173187636872643,NFLX
2025-03-20,-0.009015167919358191,NFLX
2025-03-21,0.009938528990125706,NFLX
2025-03-24,0.012183832461800437,NFLX
2025-03-25,0.026018826651087013,NFLX
2025-03-26,-0.026702635268438857,NFLX
2025-03-27,0.006253485948992443,NFLX
2025-03-28,-0.043891797447661585,NFLX
2025-03-31,-0.0014134457606365114,NFLX
2025-04-01,-0.004450285013547051,NFLX
2025-04-02,0.007690831998626191,NFLX
2025-04-03,-0.019743064127623722,NFLX
2025-04-04,-0.06672482771486643,NFLX
2025-04-07,0.013985969601516324,NFLX
2025-04-08,0.00296141787401738,NFLX
2025-04-09,0.08624763807836322,NFLX
2025-04-10,-0.02570149084153084,NFLX
2025-04-11,-0.003126464101352977,NFLX
2025-04-14,0.014145914232273737,NFLX
2025-04-15,0.04832058949441387,NFLX
2025-04-16,-0.015005965475513805,NFLX
2025-04-17,0.011854896744254217,NFLX
2025-04-21,0.015292378857421962,NFLX
2025-04-22,0.05307163010906324,NFLX
2025-04-23,0.008891324282352508,NFLX
2025-04-24,0.04504619026147316,NFLX
2025-04-25,0.004248483594621044,NFLX
2025-04-28,0.008034257215471907,NFLX
2025-04-29,0.013743051656658345,NFLX
2025-04-30,0.005401332553539584,NFLX
2025-05-01,0.0015463189174904635,NFLX
2025-05-02,0.02030933339766383,NFLX
2025-05-05,-0.019394834222542068,NFLX
2025-05-06,0.0032007853420048527,NFLX
2025-05-07,0.015575502716965506,NFLX
2025-05-08,-0.00950310291925538,NFLX
2025-05-09,-0.0036787595660922046,NFLX
2025-05-12,-0.026503632175894687,NFLX
2025-05-13,0.02562156883445943,NFLX
2025-05-14,0.01102390066587322,NFLX
2025-05-15,0.0234493700756504,NFLX
2025-05-16,0.01150278362348156,NFLX
2025-05-19,9.230598378406896e-05,NFLX
2025-05-20,0.0003188923484787054,NFLX
2025-05-21,0.0021895482532154897,NFLX
2025-05-22,-0.0055749764801369395,NFLX
2025-05-23,-0.002171735076064718,NFLX
2025-05-27,0.022085500398271396,NFLX
2025-05-28,-0.0024925490023809393,NFLX
2025-05-29,-0.019602054130512525,NFLX
2025-05-30,0.018879863776098516,NFLX
2025-06-02,0.009733025347363977,NFLX
2025-06-03,-0.0008532043833074932,NFLX
2025-06-04,0.0178334678377976,NFLX
2025-06-05,0.00876045452150831,NFLX
2025-06-06,-0.00723702834562967,NFLX
2025-06-09,-0.01370150721889074,NFLX
2025-06-10,-0.017019720109391345,NFLX
2025-06-11,0.013509255272916798,NFLX
2025-06-12,-0.0039757808690400465,NFLX
2025-06-13,-0.0023703158056752605,NFLX
2025-06-16,0.0108897008670652,NFLX
2025-06-17,-0.0038192612183202135,NFLX
2025-06-18,0.001327135965384585,NFLX
2025-06-20,0.007461400179766375,NFLX
2025-06-23,0.017971272174629016,NFLX
2025-06-24,0.020398188723342203,NFLX
2025-06-25,-0.003017711843209203,NFLX
2025-06-26,0.024638340674622672,NFLX
2025-06-27,0.012589215807080611,NFLX
2025-06-30,0.012100194861167424,NFLX
2025-07-01,-0.03399970811710651,NFLX
2025-07-02,-0.006756331477523525,NFLX
2025-07-03,0.009588646622848973,NFLX
2025-07-07,-0.005828071879553143,NFLX
2025-07-08,-0.01109624275183263,NFLX
2025-07-09,0.010170052855559497,NFLX
2025-07-10,-0.029256110953713388,NFLX
2025-07-11,-0.00438191623035733,NFLX
2025-07-14,0.013524882153730156,NFLX
2025-07-15,-0.0013312189117048456,NFLX
2025-07-16,-0.007903037272285918,NFLX
2025-07-17,0.019083254739546973,NFLX
2025-07-18,-0.05095870368282207,NFLX
2025-07-21,0.019872010098026527,NFLX
2025-07-22,-0.03502076819558009,NFLX
2025-07-23,-0.01117565814813315,NFLX
2025-07-24,0.0033820938235398224,NFLX
2025-07-25,-0.00022868282209487223,NFLX
2025-07-28,-0.004989465982060626,NFLX
2025-07-29,-0.004988920035213895,NFLX
2025-07-30,0.013227887354483103,NFLX
2025-07-31,-0.020942347390971117,NFLX
2025-08-01,-0.0006900541756753586,NFLX
2025-08-04,0.010693953831797387,NFLX
2025-08-05,-0.01974397331317923,NFLX
2025-08-06,0.02666677017586605,NFLX
2025-08-07,0.0016037732331148913,NFLX
2025-08-08,0.026491709938920804,NFLX
2025-08-11,0.005504971662105396,NFLX
2025-08-12,0.0057210154787445955,NFLX
2025-08-13,-0.017008428597815373,NFLX
2025-08-14,0.02168652523844683,NFLX
2025-08-15,0.006817946446037615,NFLX
2025-08-18,0.004955821373276548,NFLX
2025-08-19,-0.024849562887502397,NFLX
2025-08-20,-0.00023888239234681752,NFLX
2025-08-21,-0.006302229669303161,NFLX
2025-08-22,-0.0012932545526527228,NFLX
2025-08-25,0.011140100114576779,NFLX
2025-08-26,0.006584202783824988,NFLX
2025-08-27,-0.002112378285862304,NFLX
2025-08-28,0.006497712441254633,NFLX
2025-08-29,-0.018839540453753245,NFLX
2025-09-02,0.0048499775307779824,NFLX
2025-09-03,0.009941495008691348,NFLX
2025-09-04,0.025526370831988165,NFLX
2025-09-05,-0.010863023182759113,NFLX
2025-09-08,0.0007557874267631881,NFLX
2025-09-09,0.014854261134125357,NFLX
2025-09-10,-0.012301633930338451,NFLX
2025-09-11,-0.03543288289874813,NFLX
2025-09-12,-0.01251355097112583,NFLX
2025-09-15,0.011628747804472095,NFLX
2025-09-16,-0.0014555919566360265,NFLX
2025-09-17,0.02331508276206673,NFLX
2025-09-18,-0.016866073018416805,NFLX
2025-09-19,0.01588860631966371,NFLX
2025-09-22,0.000326026246455946,NFLX
2025-09-23,-0.007251297041209415,NFLX
2025-09-24,-0.011916600228457974,NFLX
2025-09-25,0.0035633034897539773,NFLX
2025-09-26,0.001961526796284696,NFLX
2024-04-15,,NVDA
2024-04-16,0.01644168642080257,NVDA
2024-04-17,-0.03866610098973966,NVDA
2024-04-18,0.007568202889319364,NVDA
2024-04-19,-0.10004607137666377,NVDA
2024-04-22,0.043543319243316114,NVDA
2024-04-23,0.036532594655278805,NVDA
2024-04-24,-0.0333158788660588,NVDA
2024-04-25,0.03708726180225952,NVDA
2024-04-26,0.06175569503917644,NVDA
2024-04-29,0.0002507912882550034,NVDA
2024-04-30,-0.015440401318462804,NVDA
2024-05-01,-0.03889956302418307,NVDA
2024-05-02,0.03342928149131552,NVDA
2024-05-03,0.034631833734197315,NVDA
2024-05-06,0.0377411376355159,NVDA
2024-05-07,-0.017212921051250052,NVDA
2024-05-08,-0.0015681062092860465,NVDA
2024-05-09,-0.018415706635392604,NVDA
2024-05-10,0.012744055383280717,NVDA
2024-05-13,0.005796788231795746,NVDA
2024-05-14,0.010586408151119109,NVDA
2024-05-15,0.035837759371930344,NVDA
2024-05-16,-0.0028637440728680463,NVDA
2024-05-17,-0.019923959131691982,NVDA
2024-05-20,0.02488135247005574,NVDA
2024-05-21,0.006393783661343022,NVDA
2024-05-22,-0.004570949944626812,NVDA
2024-05-23,0.0931964922300701,NVDA
2024-05-24,0.02572277263090883,NVDA
2024-05-28,0.0698043475846295,NVDA
2024-05-29,0.008112272620587557,NVDA
2024-05-30,-0.03766598792240072,NVDA
2024-05-31,-0.007846124571373014,NVDA
2024-06-03,0.048954207280440754,NVDA
2024-06-04,0.012495621390964606,NVDA
2024-06-05,0.05155582988186724,NVDA
2024-06-06,-0.011777207726400563,NVDA
2024-06-07,-0.0009091109716919954,NVDA
2024-06-10,0.0074614554265337585,NVDA
2024-06-11,-0.007225529573879674,NVDA
2024-06-12,0.03548087963111368,NVDA
2024-06-13,0.035223672281178064,NVDA
2024-06-14,0.017514113585149094,NVDA
2024-06-17,-0.00682445497384665,NVDA
2024-06-18,0.03511991337275977,NVDA
2024-06-20,-0.03540347386732645,NVDA
2024-06-21,-0.032191459885065554,NVDA
2024-06-24,-0.06684047645469504,NVDA
2024-06-25,0.06756409860554746,NVDA
2024-06-26,0.0024586025615984664,NVDA
2024-06-27,-0.019066484438419518,NVDA
2024-06-28,-0.003629300395154522,NVDA
2024-07-01,0.006151870896861533,NVDA
2024-07-02,-0.013113474197854802,NVDA
2024-07-03,0.0457324585806651,NVDA
2024-07-05,-0.019098822665701398,NVDA
2024-07-08,0.01883489694587759,NVDA
2024-07-09,0.024805054682287997,NVDA
2024-07-10,0.026868615071566904,NVDA
2024-07-11,-0.055666755113577326,NVDA
2024-07-12,0.014442731124389985,NVDA
2024-07-15,-0.006190057395193516,NVDA
2024-07-16,-0.01619434593209057,NVDA
2024-07-17,-0.0662393376555298,NVDA
2024-07-18,0.026273400544513326,NVDA
2024-07-19,-0.02609626004031884,NVDA
2024-07-22,0.04757059777693695,NVDA
2024-07-23,-0.007689854060194623,NVDA
2024-07-24,-0.06803162237564131,NVDA
2024-07-25,-0.01724289908711707,NVDA
2024-07-26,0.006946907621811382,NVDA
2024-07-29,-0.01300195694716244,NVDA
2024-07-30,-0.07043635844522522,NVDA
2024-07-31,0.12812101471164627,NVDA
2024-08-01,-0.06674070913209607,NVDA
2024-08-02,-0.01776396353511256,NVDA
2024-08-05,-0.0635778867181035,NVDA
2024-08-06,0.037829797582928704,NVDA
2024-08-07,-0.05122298645458634,NVDA
2024-08-08,0.061267792278074884,NVDA
2024-08-09,-0.0020958485104765057,NVDA
2024-08-12,0.04076369110325917,NVDA
2024-08-13,0.06530914479747296,NVDA
2024-08-14,0.016703999066657094,NVDA
2024-08-15,0.04048101884463007,NVDA
2024-08-16,0.01399968429235221,NVDA
2024-08-19,0.04350616543011032,NVDA
2024-08-20,-0.02115384615384619,NVDA
2024-08-21,0.00982318271119853,NVDA
2024-08-22,-0.03704281818078181,NVDA
2024-08-23,0.045498604740694004,NVDA
2024-08-26,-0.02249359312473398,NVDA
2024-08-27,0.014550086830667164,NVDA
2024-08-28,-0.020966503331422914,NVDA
2024-08-29,-0.06384845341526102,NVDA
2024-08-30,0.015137396582415308,NVDA
2024-09-03,-0.0952500836472302,NVDA
2024-09-04,-0.016574082551179092,NVDA
2024-09-05,0.009415309374070091,NVDA
2024-09-06,-0.040854372640810266,NVDA
2024-09-09,0.03539822352263311,NVDA
2024-09-10,0.015309450875642616,NVDA
2024-09-11,0.08149866153881002,NVDA
2024-09-12,0.019074464611122055,NVDA
2024-09-13,-0.0003357471523608435,NVDA
2024-09-16,-0.019479426738433836,NVDA
2024-09-17,-0.010190122057247453,NVDA
2024-09-18,-0.019205758816871588,NVDA
2024-09-19,0.03969303952526948,NVDA
2024-09-20,-0.015864958878490043,NVDA
2024-09-23,0.0022413977261246387,NVDA
2024-09-24,0.03965250753177929,NVDA
2024-09-25,0.021841642505655345,NVDA
2024-09-26,0.004291140556473172,NVDA
2024-09-27,-0.02128345187167735,NVDA
2024-09-30,0.00032949682886806997,NVDA
2024-10-01,-0.03656128419091986,NVDA
2024-10-02,0.015811952770265814,NVDA
2024-10-03,0.03365586917420926,NVDA
2024-10-04,0.01684981457496937,NVDA
2024-10-07,0.022414369939159018,NVDA
2024-10-08,0.04047915846799466,NVDA
2024-10-09,-0.0018060463109819125,NVDA
2024-10-10,0.016283481051608373,NVDA
2024-10-11,-7.41377272972521e-05,NVDA
2024-10-14,0.02425819138301799,NVDA
2024-10-15,-0.04686029461496399,NVDA
2024-10-16,0.031306952326026094,NVDA
2024-10-17,0.008915351047709352,NVDA
2024-10-18,0.007814265547740673,NVDA
2024-10-21,0.041376860245414315,NVDA
2024-10-22,-0.0008350871224681589,NVDA
2024-10-23,-0.028066013525159694,NVDA
2024-10-24,0.006090614204537825,NVDA
2024-10-25,0.008047785731440493,NVDA
2024-10-28,-0.007206366130100728,NVDA
2024-10-29,0.005194959474407845,NVDA
2024-10-30,-0.013522149820243357,NVDA
2024-10-31,-0.047222635309237426,NVDA
2024-11-01,0.019885503908427138,NVDA
2024-11-04,0.004800658674847469,NVDA
2024-11-05,0.02837192593728277,NVDA
2024-11-06,0.040740453141635324,NVDA
2024-11-07,0.02245727806300457,NVDA
2024-11-08,-0.008396023367838512,NVDA
2024-11-11,-0.016053717385282607,NVDA
2024-11-12,0.020859141497174383,NVDA
2024-11-13,-0.013621883506152788,NVDA
2024-11-14,0.003349902372753677,NVDA
2024-11-15,-0.032570175512470656,NVDA
2024-11-18,-0.012889152599824594,NVDA
2024-11-19,0.04894756267644507,NVDA
2024-11-20,-0.007618496422264864,NVDA
2024-11-21,0.0053464855888691876,NVDA
2024-11-22,-0.032181095518023284,NVDA
2024-11-25,-0.04177522228438968,NVDA
2024-11-26,0.006616628938502345,NVDA
2024-11-27,-0.011539598686709951,NVDA
2024-11-29,0.021501431512117364,NVDA
2024-12-02,0.0027486790800181904,NVDA
2024-12-03,0.011757841496155885,NVDA
2024-12-04,0.03479256433718647,NVDA
2024-12-05,-0.0005512045706980162,NVDA
2024-12-06,-0.018061458439837752,NVDA
2024-12-09,-0.02548444833329544,NVDA
2024-12-10,-0.026943233917976928,NVDA
2024-12-11,0.03139105652224794,NVDA
2024-12-12,-0.014141133122011151,NVDA
2024-12-13,-0.02249888175538073,NVDA
2024-12-16,-0.016759776536312887,NVDA
2024-12-17,-0.01219697432084521,NVDA
2024-12-18,-0.011350530979882478,NVDA
2024-12-19,0.013730424043049805,NVDA
2024-12-20,0.030762201544000778,NVDA
2024-12-23,0.03689681761917796,NVDA
2024-12-24,0.003937875413247527,NVDA
2024-12-26,-0.0020682394979116836,NVDA
2024-12-27,-0.02086756465221129,NVDA
2024-12-30,0.0035034742396415908,NVDA
2024-12-31,-0.0232745078127905,NVDA
2025-01-02,0.029935248145373627,NVDA
2025-01-03,0.04453766011744564,NVDA
2025-01-06,0.03433232791007512,NVDA
2025-01-07,-0.06216953584605567,NVDA
2025-01-08,-0.0002140629329779875,NVDA
2025-01-10,-0.029976425165555876,NVDA
2025-01-13,-0.019718989495675188,NVDA
2025-01-14,-0.011033560518228458,NVDA
2025-01-15,0.034001299127981444,NVDA
2025-01-16,-0.019597754413473556,NVDA
2025-01-17,0.030994977634457133,NVDA
2025-01-21,0.02265627016975036,NVDA
2025-01-22,0.044308779464831805,NVDA
2025-01-23,0.0010198809343477944,NVDA
2025-01-24,-0.031245795852287594,NVDA
2025-01-27,-0.16968165598629859,NVDA
2025-01-28,0.08925863441695814,NVDA
2025-01-29,-0.04101099557827548,NVDA
2025-01-30,0.007679907850233869,NVDA
2025-01-31,-0.03674289430396693,NVDA
2025-02-03,-0.028400066972448235,NVDA
2025-02-04,0.01705809875965114,NVDA
2025-02-05,0.05208596903243912,NVDA
2025-02-06,0.030841871250928632,NVDA
2025-02-07,0.009014638857122836,NVDA
2025-02-10,0.0287277502428549,NVDA
2025-02-11,-0.005764799208192617,NVDA
2025-02-12,-0.012500027288872895,NVDA
2025-02-13,0.031645523225554806,NVDA
2025-02-14,0.026313940380302325,NVDA
2025-02-18,0.003961021021192668,NVDA
2025-02-19,-0.0012194991132606914,NVDA
2025-02-20,0.006320512172783399,NVDA
2025-02-21,-0.04053963250179782,NVDA
2025-02-24,-0.030871041602251292,NVDA
2025-02-25,-0.028016591649361766,NVDA
2025-02-26,0.03672116897051736,NVDA
2025-02-27,-0.08478060143898469,NVDA
2025-02-28,0.039700346088127114,NVDA
2025-03-03,-0.08693564496906403,NVDA
2025-03-04,0.01692092185241645,NVDA
2025-03-05,0.01129412201151081,NVDA
2025-03-06,-0.05737428117511667,NVDA
2025-03-07,0.019173399226130927,NVDA
2025-03-10,-0.05066997036797116,NVDA
2025-03-11,0.01663861210919948,NVDA
2025-03-12,0.06417796607613213,NVDA
2025-03-13,-0.0013823745953681632,NVDA
2025-03-14,0.052690744431657555,NVDA
2025-03-17,-0.01758855446580132,NVDA
2025-03-18,-0.03430099988281132,NVDA
2025-03-19,0.018106179783115905,NVDA
2025-03-20,0.008594300247455555,NVDA
2025-03-21,-0.0070024621581255,NVDA
2025-03-24,0.03152087349244903,NVDA
2025-03-25,-0.005930328630142645,NVDA
2025-03-26,-0.057419837310387245,NVDA
2025-03-27,-0.020481731604263254,NVDA
2025-03-28,-0.015794688426907566,NVDA
2025-03-31,-0.011762568952906505,NVDA
2025-04-01,0.016331466297440977,NVDA
2025-04-02,0.002451172395153911,NVDA
2025-04-03,-0.07806552490608354,NVDA
2025-04-04,-0.07357569026158028,NVDA
2025-04-07,0.03530910738265902,NVDA
2025-04-08,-0.013723846233787307,NVDA
2025-04-09,0.18722739572091607,NVDA
2025-04-10,-0.05912710599112658,NVDA
2025-04-11,0.031235480337304722,NVDA
2025-04-14,-0.0019832436680599086,NVDA
2025-04-15,0.013458566309197062,NVDA
2025-04-16,-0.06871657124936714,NVDA
2025-04-17,-0.02871088201103511,NVDA
2025-04-21,-0.0451275425959502,NVDA
2025-04-22,0.020431283177354986,NVDA
2025-04-23,0.0386287766043214,NVDA
2025-04-24,0.036218491421109444,NVDA
2025-04-25,0.0430329965040126,NVDA
2025-04-28,-0.02053867881651672,NVDA
2025-04-29,0.0026670953479219772,NVDA
2025-04-30,-0.0009172489194665401,NVDA
2025-05-01,0.02469704816955476,NVDA
2025-05-02,0.02589373151011709,NVDA
2025-05-05,-0.005938867294111638,NVDA
2025-05-06,-0.00246001388198569,NVDA
2025-05-07,0.031002260125796877,NVDA
2025-05-08,0.002648258965092687,NVDA
2025-05-09,-0.00613445687871117,NVDA
2025-05-12,0.05443633425681815,NVDA
2025-05-13,0.05634140386814024,NVDA
2025-05-14,0.041637835504302334,NVDA
2025-05-15,-0.0037682467905694184,NVDA
2025-05-16,0.004227486892300902,NVDA
2025-05-19,0.001255638370739831,NVDA
2025-05-20,-0.008777770724466616,NVDA
2025-05-21,-0.01919929853630087,NVDA
2025-05-22,0.007814861573959053,NVDA
2025-05-23,-0.011593830638356839,NVDA
2025-05-27,0.032066470631100685,NVDA
2025-05-28,-0.005092268940267486,NVDA
2025-05-29,0.0324902081606282,NVDA
2025-05-30,-0.0291687440719951,NVDA
2025-06-02,0.01665063212238649,NVDA
2025-06-03,0.027951639259047978,NVDA
2025-06-04,0.004956783332328518,NVDA
2025-06-05,-0.01359915939037526,NVDA
2025-06-06,0.012357994568573227,NVDA
2025-06-09,0.006421137837080648,NVDA
2025-06-10,0.009324838992661011,NVDA
2025-06-11,-0.007849436163604007,NVDA
2025-06-12,0.01519287363387467,NVDA
2025-06-13,-0.02089654330549573,NVDA
2025-06-16,0.019158985682296903,NVDA
2025-06-17,-0.003939507323248437,NVDA
2025-06-18,0.009436585181991752,NVDA
2025-06-20,-0.011204218256069765,NVDA
2025-06-23,0.0022244841977929752,NVDA
2025-06-24,0.02587220486170838,NVDA
2025-06-25,0.04334012120781927,NVDA
2025-06-26,0.00460117118203951,NVDA
2025-06-27,0.01761060284026872,NVDA
2025-06-30,0.0015214294336867162,NVDA
2025-07-01,-0.029685437548827576,NVDA
2025-07-02,0.025766450551919284,NVDA
2025-07-03,0.013290914708366408,NVDA
2025-07-07,-0.006903419543163314,NVDA
2025-07-08,0.011122310703610028,NVDA
2025-07-09,0.018000030517578036,NVDA
2025-07-10,0.007490184087241891,NVDA
2025-07-11,0.004996904539494196,NVDA
2025-07-14,-0.005153958611228138,NVDA
2025-07-15,0.04040951623121414,NVDA
2025-07-16,0.003925003989006859,NVDA
2025-07-17,0.009511611888054494,NVDA
2025-07-18,-0.003410383456015187,NVDA
2025-07-21,-0.005974124223762978,NVDA
2025-07-22,-0.025382226511722283,NVDA
2025-07-23,0.022451056860480545,NVDA
2025-07-24,0.01733227974601692,NVDA
2025-07-25,-0.001381406041071509,NVDA
2025-07-28,0.018731988472622474,NVDA
2025-07-29,-0.007015589777448761,NVDA
2025-07-30,0.021423337036675427,NVDA
2025-07-31,-0.007809500317440987,NVDA
2025-08-01,-0.023331613034284993,NVDA
2025-08-04,0.036150119359707134,NVDA
2025-08-05,-0.009666697184244843,NVDA
2025-08-06,0.006507369560503795,NVDA
2025-08-07,0.0075242788835858665,NVDA
2025-08-08,0.010676509543432466,NVDA
2025-08-11,-0.0035030071173440813,NVDA
2025-08-12,0.006041997793400977,NVDA
2025-08-13,-0.008571780371412707,NVDA
2025-08-14,0.0023680155473442266,NVDA
2025-08-15,-0.00862546581346435,NVDA
2025-08-18,0.008645040648247893,NVDA
2025-08-19,-0.0349980512578294,NVDA
2025-08-20,-0.0013664626167051441,NVDA
2025-08-21,-0.002394516439910399,NVDA
2025-08-22,0.017202022168933517,NVDA
2025-08-25,0.010225248661501984,NVDA
2025-08-26,0.010900432347920486,NVDA
2025-08-27,-0.0009352377452249705,NVDA
2025-08-28,-0.007874492767115715,NVDA
2025-08-29,-0.033246409247044806,NVDA
2025-09-02,-0.019520002522982804,NVDA
2025-09-03,-0.0009368993046788843,NVDA
2025-09-04,0.006095466971544283,NVDA
2025-09-05,-0.027030171796929903,NVDA
2025-09-08,0.007723585517507514,NVDA
2025-09-09,0.014556455253879275,NVDA
2025-09-10,0.0384750968351415,NVDA
2025-09-11,-0.00090229324117308,NVDA
2025-09-12,0.003668844397986648,NVDA
2025-09-15,-0.00039369767931174415,NVDA
2025-09-16,-0.016146245385021074,NVDA
2025-09-17,-0.026246634655319623,NVDA
2025-09-18,0.03494046885675561,NVDA
2025-09-19,0.0024398131092768782,NVDA
2025-09-22,0.03928229191902566,NVDA
2025-09-23,-0.028212014146021813,NVDA
2025-09-24,-0.008182432970958109,NVDA
2025-09-25,0.004068493053832389,NVDA
2025-09-26,0.0028138893192084513,NVDA
2024-04-15,,PEP
2024-04-16,0.003294417860506549,PEP
2024-04-17,0.011820870015158524,PEP
2024-04-18,0.016462170257587116,PEP
2024-04-19,0.010797007977139117,PEP
2024-04-22,0.013380817582947513,PEP
2024-04-23,-0.029695145040206317,PEP
2024-04-24,0.03615233265550155,PEP
2024-04-25,-0.004114824256012506,PEP
2024-04-26,-0.006225893651383152,PEP
2024-04-29,0.0031894153818985416,PEP
2024-04-30,-0.0013057552420576712,PEP
2024-05-01,-0.004320446534040401,PEP
2024-05-02,0.0017128350682964477,PEP
2024-05-03,0.003989723342364471,PEP
2024-05-06,-0.001873327185350604,PEP
2024-05-07,0.012512779300397403,PEP
2024-05-08,-0.0034265846293203284,PEP
2024-05-09,0.0036637950683002796,PEP
2024-05-10,0.009715802264738116,PEP
2024-05-13,0.0061738731397860125,PEP
2024-05-14,-0.00569374689910862,PEP
2024-05-15,-0.002279359617779475,PEP
2024-05-16,0.020338759388903727,PEP
2024-05-17,-0.005024292315431889,PEP
2024-05-20,-0.010318924516273142,PEP
2024-05-21,0.004270446913021031,PEP
2024-05-22,0.0055776148477082454,PEP
2024-05-23,-0.01548680389996182,PEP
2024-05-24,-0.007140061074308313,PEP
2024-05-28,-0.025900334109089096,PEP
2024-05-29,-0.01286198479366396,PEP
2024-05-30,-0.003914684153307868,PEP
2024-05-31,0.014195203129949263,PEP
2024-06-03,-0.0096587520410506,PEP
2024-06-04,0.015534682756997542,PEP
2024-06-05,-0.0023002696985930937,PEP
2024-06-06,-0.0016716152846816268,PEP
2024-06-07,-0.012471153003281277,PEP
2024-06-10,-0.03005144756437017,PEP
2024-06-11,-0.005002933109108487,PEP
2024-06-12,-0.007511997565545214,PEP
2024-06-13,-0.003051944054274114,PEP
2024-06-14,0.002938809295034206,PEP
2024-06-17,0.01422380725096617,PEP
2024-06-18,0.0020464448004073876,PEP
2024-06-20,0.0012013272067203928,PEP
2024-06-21,0.0035997487993819632,PEP
2024-06-24,0.0047824190434941904,PEP
2024-06-25,-0.004343144452561454,PEP
2024-06-26,-0.0036450587875942464,PEP
2024-06-27,-0.002878799151459832,PEP
2024-06-28,-0.007999530103436903,PEP
2024-07-01,-0.012368843610773839,PEP
2024-07-02,0.004236002480150436,PEP
2024-07-03,-0.0059909262536334,PEP
2024-07-05,0.01100856838217612,PEP
2024-07-08,-0.013808651869876898,PEP
2024-07-09,-0.0013570270622331737,PEP
2024-07-10,0.010438557783311708,PEP
2024-07-11,0.002200627290240842,PEP
2024-07-12,0.014821640620935383,PEP
2024-07-15,-0.01514607644251409,PEP
2024-07-16,0.005492456323276329,PEP
2024-07-17,0.031136228780340502,PEP
2024-07-18,0.0028253324460740803,PEP
2024-07-19,-0.005928241684465707,PEP
2024-07-22,-0.010037771268986861,PEP
2024-07-23,-0.00823097251980065,PEP
2024-07-24,0.011366366391167837,PEP
2024-07-25,0.016947173304078245,PEP
2024-07-26,0.010115750697695658,PEP
2024-07-29,0.0026628463899691646,PEP
2024-07-30,-0.00017328120156201443,PEP
2024-07-31,-0.002944881212639361,PEP
2024-08-01,0.013262341861388416,PEP
2024-08-02,0.017603946353881295,PEP
2024-08-05,-0.022466862226688034,PEP
2024-08-06,-0.008905928825338805,PEP
2024-08-07,-0.004058276913087577,PEP
2024-08-08,0.0033762259370291314,PEP
2024-08-09,0.00011605426134253527,PEP
2024-08-12,-0.0056267835961334445,PEP
2024-08-13,0.005541926020241172,PEP
2024-08-14,0.0077740420875958005,PEP
2024-08-15,-0.006850511746087307,PEP
2024-08-16,0.0005795898576992364,PEP
2024-08-19,0.006951756696647937,PEP
2024-08-20,0.011678740615344685,PEP
2024-08-21,-0.0036394618563260206,PEP
2024-08-22,0.0030249344157746716,PEP
2024-08-23,0.0007396700805752943,PEP
2024-08-26,0.0005686365286414752,PEP
2024-08-27,-0.003807456750000271,PEP
2024-08-28,-0.007872246770041724,PEP
2024-08-29,-0.010522089755756747,PEP
2024-08-30,0.004590670938075414,PEP
2024-09-03,0.026955045532761845,PEP
2024-09-04,0.005519944932906862,PEP
2024-09-05,0.004369251403929075,PEP
2024-09-06,-0.010931437147278844,PEP
2024-09-09,0.00479308740875406,PEP
2024-09-10,-0.0021325825108367003,PEP
2024-09-11,-0.011416674018163264,PEP
2024-09-12,0.008362733137510237,PEP
2024-09-13,0.0006205958270892875,PEP
2024-09-16,-0.0008457030670285803,PEP
2024-09-17,-0.0019186929845823597,PEP
2024-09-18,-0.009385359015928407,PEP
2024-09-19,-0.0031391075320030826,PEP
2024-09-20,-0.019924487079826414,PEP
2024-09-23,0.0054329242572861425,PEP
2024-09-24,-0.012724434568821552,PEP
2024-09-25,-0.0030602888304172016,PEP
2024-09-26,0.001711974943157779,PEP
2024-09-27,0.0018268463323334316,PEP
2024-09-30,0.0002941355985752736,PEP
2024-10-01,0.007821239677660463,PEP
2024-10-02,-0.010678035820491538,PEP
2024-10-03,-0.006015949596589354,PEP
2024-10-04,-0.003322836068652135,PEP
2024-10-07,-0.004524584755091765,PEP
2024-10-08,0.019197364548708684,PEP
2024-10-09,0.012439825959192019,PEP
2024-10-10,0.0026081617279594127,PEP
2024-10-11,0.01052079315357668,PEP
2024-10-14,0.0073794895196968024,PEP
2024-10-15,-0.0011357876212320095,PEP
2024-10-16,-0.008072758489013787,PEP
2024-10-17,0.001088964042061047,PEP
2024-10-18,0.0022327783462345874,PEP
2024-10-21,-0.0002856337967277467,PEP
2024-10-22,-0.003656930516750756,PEP
2024-10-23,-0.008143592411016476,PEP
2024-10-24,-0.004567755421061026,PEP
2024-10-25,-0.0021492237924365387,PEP
2024-10-28,-0.011351050843772303,PEP
2024-10-29,-0.013777651839059657,PEP
2024-10-30,-0.007701452454524249,PEP
2024-10-31,-0.000782172417791327,PEP
2024-11-01,-0.0029504183993357413,PEP
2024-11-04,0.004529259113392303,PEP
2024-11-05,0.009077851381923185,PEP
2024-11-06,-0.018707174712355723,PEP
2024-11-07,-0.004310647106587795,PEP
2024-11-08,0.006768296404582763,PEP
2024-11-11,-0.005148120043446558,PEP
2024-11-12,0.00048704391653542345,PEP
2024-11-13,0.002434034101175264,PEP
2024-11-14,0.002488699706504116,PEP
2024-11-15,-0.03953980636166332,PEP
2024-11-18,-0.0018282265481004423,PEP
2024-11-19,-0.010168638866495439,PEP
2024-11-20,0.012889256359922108,PEP
2024-11-21,0.010079317055305737,PEP
2024-11-22,0.010353022951373747,PEP
2024-11-25,0.0064815003194926835,PEP
2024-11-26,-0.00545844448322963,PEP
2024-11-27,0.0034533642448639768,PEP
2024-11-29,0.004486207731457359,PEP
2024-12-02,-0.002447194273188291,PEP
2024-12-03,-0.008279706091677164,PEP
2024-12-04,-0.009400150285392206,PEP
2024-12-05,0.0019354028690106162,PEP
2024-12-06,-0.016823553583504958,PEP
2024-12-09,0.01064711329015533,PEP
2024-12-10,0.0023201549780853536,PEP
2024-12-11,-0.01920665750604711,PEP
2024-12-12,0.013586716629296003,PEP
2024-12-13,-0.005852691702348922,PEP
2024-12-16,-0.012344096557407758,PEP
2024-12-17,0.0007691008454142612,PEP
2024-12-18,-0.010951753045674417,PEP
2024-12-19,-0.019167205824405453,PEP
2024-12-20,0.008714544495885823,PEP
2024-12-23,-0.00981739685786176,PEP
2024-12-24,0.010046958423655772,PEP
2024-12-26,-0.0024212755912493833,PEP
2024-12-27,0.0029519610406405494,PEP
2024-12-30,-0.007652548718791619,PEP
2024-12-31,0.002240946052959991,PEP
2025-01-02,-0.012166190151447931,PEP
2025-01-03,-0.0037281991368895984,PEP
2025-01-06,-0.022585965665734897,PEP
2025-01-07,-0.0059479753234708,PEP
2025-01-08,0.007840436296441933,PEP
2025-01-10,-0.026613853385875852,PEP
2025-01-13,0.0130398248619632,PEP
2025-01-14,0.0031141657317799165,PEP
2025-01-15,-0.001172805605549665,PEP
2025-01-16,0.012156337350982316,PEP
2025-01-17,0.011669215178195413,PEP
2025-01-21,0.0020236293541842088,PEP
2025-01-22,-0.0030966456036147783,PEP
2025-01-23,0.0035788965656236016,PEP
2025-01-24,0.003364284863592859,PEP
2025-01-27,0.03681602516717941,PEP
2025-01-28,-0.028199990900586336,PEP
2025-01-29,0.0007986363872711788,PEP
2025-01-30,0.01017489412102801,PEP
2025-01-31,-0.007965711018413257,PEP
2025-02-03,-0.002787166780414796,PEP
2025-02-04,-0.04511877677865617,PEP
2025-02-05,0.015122991747663406,PEP
2025-02-06,-0.002128227041054198,PEP
2025-02-07,-0.005297586791379705,PEP
2025-02-10,-0.001590785202837508,PEP
2025-02-11,0.008936565511522998,PEP
2025-02-12,-0.01132926327519368,PEP
2025-02-13,0.004097481181905005,PEP
2025-02-14,-0.008230754090021386,PEP
2025-02-18,0.004951577633652171,PEP
2025-02-19,0.011866699393820568,PEP
2025-02-20,0.022563669158555344,PEP
2025-02-21,0.029510353563832803,PEP
2025-02-24,0.002280170055476427,PEP
2025-02-25,0.016704530149322938,PEP
2025-02-26,-0.03138987162502205,PEP
2025-02-27,0.0033661790252523804,PEP
2025-02-28,0.009538198312660118,PEP
2025-03-03,0.016420174968507117,PEP
2025-03-04,-0.011539220388300464,PEP
2025-03-05,-0.002010490652346597,PEP
2025-03-06,0.004743928414188581,PEP
2025-03-07,-0.001099528932631877,PEP
2025-03-10,0.011719745726373354,PEP
2025-03-11,-0.02508798828125003,PEP
2025-03-12,-0.02730915520320898,PEP
2025-03-13,0.0011473184250936352,PEP
2025-03-14,0.0016853175554254474,PEP
2025-03-17,0.01850730242799492,PEP
2025-03-18,-0.015527890191564642,PEP
2025-03-19,-0.005906469228587841,PEP
2025-03-20,-0.006481714333340549,PEP
2025-03-21,-0.011552816981005631,PEP
2025-03-24,0.006875214994716439,PEP
2025-03-25,-0.00621374995610946,PEP
2025-03-26,0.02130002917769125,PEP
2025-03-27,0.006929485895629028,PEP
2025-03-28,-0.002672505521332802,PEP
2025-03-31,0.004488498357127169,PEP
2025-04-01,-0.0018007487532651911,PEP
2025-04-02,-0.0036747715539955372,PEP
2025-04-03,0.01508851980736603,PEP
2025-04-04,-0.031446090112844716,PEP
2025-04-07,-0.023327182011510295,PEP
2025-04-08,-0.020182969064694523,PEP
2025-04-09,0.037704869358992754,PEP
2025-04-10,-0.009959454527885159,PEP
2025-04-11,0.002011886272795582,PEP
2025-04-14,0.016063196301800975,PEP
2025-04-15,-0.026643977254578344,PEP
2025-04-16,-0.019252310770821013,PEP
2025-04-17,0.019630238217489326,PEP
2025-04-21,-0.007770936984105137,PEP
2025-04-22,0.012206385652151486,PEP
2025-04-23,-0.008364785660610607,PEP
2025-04-24,-0.04885419103476929,PEP
2025-04-25,-0.014263489103571225,PEP
2025-04-28,0.0028489249521117532,PEP
2025-04-29,0.004111865089301503,PEP
2025-04-30,0.00945576871079079,PEP
2025-05-01,-0.014972700633434477,PEP
2025-05-02,0.0014975435692403671,PEP
2025-05-05,-0.013158837434287363,PEP
2025-05-06,-0.009470414031195307,PEP
2025-05-07,0.009025490486482823,PEP
2025-05-08,-0.0037144140385487745,PEP
2025-05-09,-0.007532452937261902,PEP
2025-05-12,0.009506211370488238,PEP
2025-05-13,-0.010403973218320761,PEP
2025-05-14,-0.014273660081339568,PEP
2025-05-15,0.023744672045315607,PEP
2025-05-16,0.0036501576238712197,PEP
2025-05-19,-0.0014396306073420906,PEP
2025-05-20,7.595239498403572e-05,PEP
2025-05-21,-0.012519037307043734,PEP
2025-05-22,-0.0002304938970703052,PEP
2025-05-23,-0.0059944574897532465,PEP
2025-05-27,0.015695058271021356,PEP
2025-05-28,-0.005328438564816573,PEP
2025-05-29,0.009566082631943251,PEP
2025-05-30,-0.0035627746151210005,PEP
2025-06-02,-0.004107974885274701,PEP
2025-06-03,0.0071805241395643815,PEP
2025-06-04,-0.0008342859708720951,PEP
2025-06-05,-0.0047821835171032445,PEP
2025-06-06,-0.00823737187115392,PEP
2025-06-09,-0.0005382762907542027,PEP
2025-06-10,0.014389004467387112,PEP
2025-06-11,-0.01464012673718762,PEP
2025-06-12,0.018475821924872182,PEP
2025-06-13,-0.010959916211603749,PEP
2025-06-16,0.004279690733455022,PEP
2025-06-17,-0.016132792914515748,PEP
2025-06-18,-0.0017014925619742716,PEP
2025-06-20,0.0,PEP
2025-06-23,0.0001548695478235107,PEP
2025-06-24,0.015183257955456941,PEP
2025-06-25,-0.02312093635053325,PEP
2025-06-26,0.0015622320072459228,PEP
2025-06-27,0.021993386668088366,PEP
2025-06-30,0.007631258022247067,PEP
2025-07-01,0.02438656001538364,PEP
2025-07-02,0.009019675219944512,PEP
2025-07-03,-0.00805972215094819,PEP
2025-07-07,-0.00686961073295389,PEP
2025-07-08,0.004388221281386384,PEP
2025-07-09,-0.00414690155831976,PEP
2025-07-10,0.01189772571644987,PEP
2025-07-11,-0.0060259208787842855,PEP
2025-07-14,0.0022919771549092527,PEP
2025-07-15,-0.012982294538170902,PEP
2025-07-16,0.01150891990897418,PEP
2025-07-17,0.07454743910520256,PEP
2025-07-18,-0.015126491414413357,PEP
2025-07-21,-0.010751246061599495,PEP
2025-07-22,0.03062806232434756,PEP
2025-07-23,-0.002601955912713172,PEP
2025-07-24,-0.00789516082905739,PEP
2025-07-25,-0.007335115901230038,PEP
2025-07-28,-0.013105539658545662,PEP
2025-07-29,0.016387595856490522,PEP
2025-07-30,-0.007158237429049419,PEP
2025-07-31,-0.03457932535559782,PEP
2025-08-01,0.009860793419425917,PEP
2025-08-04,0.0020103301389351458,PEP
2025-08-05,-0.0007881958460580485,PEP
2025-08-06,0.009680933187949048,PEP
2025-08-07,0.022159055749740197,PEP
2025-08-08,0.008963372438398398,PEP
2025-08-11,-0.0023415162933617673,PEP
2025-08-12,0.013805481241178752,PEP
2025-08-13,0.01688575657913871,PEP
2025-08-14,-0.004887920699662707,PEP
2025-08-15,0.0119768459008045,PEP
2025-08-18,-0.005651535101202088,PEP
2025-08-19,0.01745236079633017,PEP
2025-08-20,-0.009398054023091573,PEP
2025-08-21,-0.011610164198261663,PEP
2025-08-22,0.004430149557236085,PEP
2025-08-25,-0.009623111783478522,PEP
2025-08-26,-0.008097145566482555,PEP
2025-08-27,0.004353737344547248,PEP
2025-08-28,-0.0044703580658214115,PEP
2025-08-29,0.011362077952710159,PEP
2025-09-02,0.010965388158358014,PEP
2025-09-03,-0.010912958497271252,PEP
2025-09-04,-0.011773412319603827,PEP
2025-09-05,-0.003403907700167297,PEP
2025-09-08,-0.03196934691777986,PEP
2025-09-09,0.009808759606193762,PEP
2025-09-10,-0.003074789815787682,PEP
2025-09-11,0.011005131257028511,PEP
2025-09-12,-0.00485333820271705,PEP
2025-09-15,-0.02013515929929277,PEP
2025-09-16,-0.004337319489468472,PEP
2025-09-17,0.008569570511341107,PEP
2025-09-18,-0.003540324400806427,PEP
2025-09-19,0.00731897115445812,PEP
2025-09-22,-0.0051495185935821475,PEP
2025-09-23,0.006168865664878842,PEP
2025-09-24,0.001902778605176625,PEP
2025-09-25,-0.015826123858609376,PEP
2025-09-26,0.003716439960448348,PEP
2024-04-15,,PFE
2024-04-16,-0.008490903691628748,PFE
2024-04-17,-0.010509943641524244,PFE
2024-04-18,-0.0011802001005297713,PFE
2024-04-19,0.024025231390917723,PFE
2024-04-22,0.010000008803147553,PFE
2024-04-23,0.002284823511783163,PFE
2024-04-24,-0.001899667083597234,PFE
2024-04-25,-0.03844690564454656,PFE
2024-04-26,0.005542335248610364,PFE
2024-04-29,0.009448810028448884,PFE
2024-04-30,-0.0007799746837401367,PFE
2024-05-01,0.06088990690247997,PFE
2024-05-02,0.019131731123073203,PFE
2024-05-03,0.0039710722012000765,PFE
2024-05-06,0.012585414893601765,PFE
2024-05-07,-0.013849410218810032,PFE
2024-05-08,0.01800504111479828,PFE
2024-05-09,-0.0031835921871439243,PFE
2024-05-10,-0.006032649909614163,PFE
2024-05-13,0.015351670891184055,PFE
2024-05-14,-0.0021097528890395845,PFE
2024-05-15,0.015503895245560395,PFE
2024-05-16,0.0034698259031447076,PFE
2024-05-17,-0.009681904768562788,PFE
2024-05-20,-0.003840736918545029,PFE
2024-05-21,0.0010514818988740515,PFE
2024-05-22,0.036414598563544676,PFE
2024-05-23,-0.03074323769204379,PFE
2024-05-24,0.006622468566476192,PFE
2024-05-28,-0.02008310043491912,PFE
2024-05-29,-0.01696111502390929,PFE
2024-05-30,0.013659276501930773,PFE
2024-05-31,0.0163120238307648,PFE
2024-06-03,0.022679679762418692,PFE
2024-06-04,0.006141259244475172,PFE
2024-06-05,0.002034569901934846,PFE
2024-06-06,-0.025380711315192706,PFE
2024-06-07,-0.007638865249391835,PFE
2024-06-10,-0.017844654662116044,PFE
2024-06-11,-0.0014249735879436898,PFE
2024-06-12,-0.013200172321425563,PFE
2024-06-13,-0.00036154117631970184,PFE
2024-06-14,-0.004339925263664224,PFE
2024-06-17,-0.01997824666513648,PFE
2024-06-18,0.015937743234673896,PFE
2024-06-20,0.012039398961806613,PFE
2024-06-21,0.0,PFE
2024-06-24,0.0223504269772532,PFE
2024-06-25,-0.013046573740141065,PFE
2024-06-26,-0.02036440512630444,PFE
2024-06-27,0.013858466801943248,PFE
2024-06-28,0.006474831299125405,PFE
2024-07-01,0.00857754735684968,PFE
2024-07-02,-0.013819964533588025,PFE
2024-07-03,-0.004671187967049351,PFE
2024-07-05,0.012635323627476769,PFE
2024-07-08,-0.004278036903695104,PFE
2024-07-09,-0.007518832421293364,PFE
2024-07-10,0.022727311822541063,PFE
2024-07-11,0.010934725282931712,PFE
2024-07-12,0.009071885215146347,PFE
2024-07-15,0.006224076926034661,PFE
2024-07-16,0.01374569117823743,PFE
2024-07-17,0.017966124971034114,PFE
2024-07-18,-0.010656063764765689,PFE
2024-07-19,0.008751270174818693,PFE
2024-07-22,-0.01234564365571722,PFE
2024-07-23,-0.0033783912223301904,PFE
2024-07-24,0.016271170923265466,PFE
2024-07-25,0.006671139626192701,PFE
2024-07-26,0.01954937530224976,PFE
2024-07-29,-0.0016249965442091119,PFE
2024-07-30,0.02180989880434936,PFE
2024-07-31,-0.02707863939625943,PFE
2024-08-01,0.003601791084000938,PFE
2024-08-02,-0.00717779171590871,PFE
2024-08-05,-0.022675009107385957,PFE
2024-08-06,-0.01412239675609639,PFE
2024-08-07,-0.01602999039039754,PFE
2024-08-08,-0.0031195893032187616,PFE
2024-08-09,-0.007301842494785493,PFE
2024-08-12,-0.0035025736179805644,PFE
2024-08-13,0.014059740168841595,PFE
2024-08-14,0.0010398190260039186,PFE
2024-08-15,-0.0058864294056105715,PFE
2024-08-16,-0.014280733559265513,PFE
2024-08-19,0.01766784499927554,PFE
2024-08-20,0.00347223555968168,PFE
2024-08-21,0.004498306914574535,PFE
2024-08-22,-0.008611780712599382,PFE
2024-08-23,0.004169524983383521,PFE
2024-08-26,0.0006920573711997058,PFE
2024-08-27,-0.0034578278425282383,PFE
2024-08-28,-0.0024288582777740597,PFE
2024-08-29,-0.001043502144191577,PFE
2024-08-30,0.010097525155319031,PFE
2024-09-03,-0.0244743531961239,PFE
2024-09-04,0.0031802174916679693,PFE
2024-09-05,0.004226870088526846,PFE
2024-09-06,0.00175374383230964,PFE
2024-09-09,0.02976191867522071,PFE
2024-09-10,0.011220670704460867,PFE
2024-09-11,-0.00268997728048892,PFE
2024-09-12,-0.016857720922868635,PFE
2024-09-13,0.003772311760191105,PFE
2024-09-16,0.027331712488865012,PFE
2024-09-17,-0.007981369256863435,PFE
2024-09-18,-0.002681861344641767,PFE
2024-09-19,-0.0030252152130383347,PFE
2024-09-20,-0.008091698326124774,PFE
2024-09-23,-0.003738973829581993,PFE
2024-09-24,0.006482447544169823,PFE
2024-09-25,-0.01932202355336332,PFE
2024-09-26,0.0013826134724082006,PFE
2024-09-27,0.004142245152835677,PFE
2024-09-30,-0.005156397997369222,PFE
2024-10-01,-0.009329663192159443,PFE
2024-10-02,-0.0020927612759928937,PFE
2024-10-03,-0.009437275498203945,PFE
2024-10-04,0.008468587502680425,PFE
2024-10-07,0.0216935213746845,PFE
2024-10-08,-0.0006849471657910389,PFE
2024-10-09,0.034612755939645634,PFE
2024-10-10,-0.02815503035552558,PFE
2024-10-11,-0.006134979694603193,PFE
2024-10-14,-0.002743481622931254,PFE
2024-10-15,0.012379663387072082,PFE
2024-10-16,0.007812484309239531,PFE
2024-10-17,-0.013481618385632221,PFE
2024-10-18,-0.0017082727580182144,PFE
2024-10-21,-0.009924675393341742,PFE
2024-10-22,-0.003110962725146882,PFE
2024-10-23,0.0006934971448631089,PFE
2024-10-24,-0.007623049759195588,PFE
2024-10-25,-0.0066340304035640285,PFE
2024-10-28,0.014411242053328888,PFE
2024-10-29,-0.013860066438648455,PFE
2024-10-30,0.0021082703872521424,PFE
2024-10-31,-0.007713927670826459,PFE
2024-11-01,-0.007420462548905271,PFE
2024-11-04,-0.011747950228318205,PFE
2024-11-05,0.008285286035301764,PFE
2024-11-06,-0.022508008785933398,PFE
2024-11-07,0.0036549149082716337,PFE
2024-11-08,-0.02694828098288604,PFE
2024-11-11,-0.017964055186050376,PFE
2024-11-12,-0.001905458746062183,PFE
2024-11-13,0.020236684554765905,PFE
2024-11-14,-0.02619756263395434,PFE
2024-11-15,-0.046887056081473255,PFE
2024-11-18,0.0024194102877774792,PFE
2024-11-19,0.0096540533075542,PFE
2024-11-20,-0.006374495815953507,PFE
2024-11-21,0.007618228654386883,PFE
2024-11-22,0.020692418429345105,PFE
2024-11-25,0.020272922631468848,PFE
2024-11-26,-0.015284662490032352,PFE
2024-11-27,0.002328267942436346,PFE
2024-11-29,0.014711543239992464,PFE
2024-12-02,-0.01487979409657747,PFE
2024-12-03,-0.010069722383999613,PFE
2024-12-04,-0.012910795406931297,PFE
2024-12-05,0.018628665447112613,PFE
2024-12-06,0.0011672676422693762,PFE
2024-12-09,0.014380133922118121,PFE
2024-12-10,-0.020306539421424463,PFE
2024-12-11,-0.013296838351418261,PFE
2024-12-12,0.005549001170717549,PFE
2024-12-13,0.008277456741266676,PFE
2024-12-16,-0.01290070073066063,PFE
2024-12-17,0.046732685353496395,PFE
2024-12-18,-0.02043136244011301,PFE
2024-12-19,-0.0046349530596260236,PFE
2024-12-20,0.02289484447448431,PFE
2024-12-23,0.013277635281375932,PFE
2024-12-24,0.0011232005868149209,PFE
2024-12-26,-0.006731499877206448,PFE
2024-12-27,0.0022590878952370996,PFE
2024-12-30,-0.00751317643253735,PFE
2024-12-31,0.004163535580390176,PFE
2025-01-02,0.0030154512489826146,PFE
2025-01-03,-0.0007516143293845312,PFE
2025-01-06,0.011282408248927789,PFE
2025-01-07,0.008925242713488268,PFE
2025-01-08,-0.00995202944220841,PFE
2025-01-10,-0.005212259635731908,PFE
2025-01-13,0.002994009197675007,PFE
2025-01-14,-0.014552216445928967,PFE
2025-01-15,-0.007194264867677935,PFE
2025-01-16,0.010297500565766837,PFE
2025-01-17,-0.007172538153993213,PFE
2025-01-21,0.012927762830836187,PFE
2025-01-22,-0.023648617687709206,PFE
2025-01-23,0.01653211462483206,PFE
2025-01-24,-0.013237533071108976,PFE
2025-01-27,0.029513240830215004,PFE
2025-01-28,-0.004095331640058486,PFE
2025-01-29,-0.004859781710900957,PFE
2025-01-30,0.010894027011122409,PFE
2025-01-31,-0.014492731024149164,PFE
2025-02-03,-0.012066353291880882,PFE
2025-02-04,-0.012595416568569218,PFE
2025-02-05,0.022033230627491074,PFE
2025-02-06,-0.0230711270056827,PFE
2025-02-07,-0.0034843264751731606,PFE
2025-02-10,0.005050546591733207,PFE
2025-02-11,-0.01314264173011781,PFE
2025-02-12,-0.002350229991274655,PFE
2025-02-13,0.006674522217392065,PFE
2025-02-14,-0.004290121124080004,PFE
2025-02-18,0.0011750402855479347,PFE
2025-02-19,0.012910795406931186,PFE
2025-02-20,0.0003862583668439168,PFE
2025-02-21,0.01544400094292242,PFE
2025-02-24,0.013307999681479998,PFE
2025-02-25,0.0033771164681484223,PFE
2025-02-26,-0.011967079190847607,PFE
2025-02-27,-0.012112024750194683,PFE
2025-02-28,0.012643675052983694,PFE
2025-03-03,-0.006810454146704337,PFE
2025-03-04,-0.01904761904761909,PFE
2025-03-05,0.007378661516800777,PFE
2025-03-06,0.011565120697151432,PFE
2025-03-07,0.018673771928058303,PFE
2025-03-10,-0.0033670091331532426,PFE
2025-03-11,-0.024399385638981808,PFE
2025-03-12,-0.010773400889239837,PFE
2025-03-13,-0.004278440564759234,PFE
2025-03-14,0.004687458206900086,PFE
2025-03-17,0.012830479491292568,PFE
2025-03-18,0.009980815220598682,PFE
2025-03-19,-0.003800850760152019,PFE
2025-03-20,-0.0007630122515680515,PFE
2025-03-21,0.0034364318729529497,PFE
2025-03-24,-0.005327294267089333,PFE
2025-03-25,-0.02257077912639638,PFE
2025-03-26,-0.013307247073992778,PFE
2025-03-27,-0.00793331467092373,PFE
2025-03-28,0.007996755448240966,PFE
2025-03-31,0.0051567264115968126,PFE
2025-04-01,-0.031570609007231853,PFE
2025-04-02,0.006519960938993652,PFE
2025-04-03,-0.016599183593033917,PFE
2025-04-04,-0.054343415085219005,PFE
2025-04-07,-0.014801922627408093,PFE
2025-04-08,-0.03490936975147241,PFE
2025-04-09,0.029761887087407013,PFE
2025-04-10,-0.04001776912803978,PFE
2025-04-11,0.014821662462372043,PFE
2025-04-14,0.00958470987146498,PFE
2025-04-15,0.01446653176688173,PFE
2025-04-16,-0.01782529451918624,PFE
2025-04-17,0.004537135660944713,PFE
2025-04-21,-0.004516643038745882,PFE
2025-04-22,0.02223229359182821,PFE
2025-04-23,-0.006213994351098928,PFE
2025-04-24,0.01741854879984417,PFE
2025-04-25,0.006145714900285704,PFE
2025-04-28,0.005671865634113038,PFE
2025-04-29,0.032104195356197573,PFE
2025-04-30,0.026061324423073184,PFE
2025-05-01,-0.01966405347139799,PFE
2025-05-02,0.011282927468466264,PFE
2025-05-05,-0.013636360053815633,PFE
2025-05-06,-0.041474723236691435,PFE
2025-05-07,-0.003933489883757635,PFE
2025-05-08,0.00789813034647624,PFE
2025-05-09,-0.030039122652817274,PFE
2025-05-12,0.036355450672310496,PFE
2025-05-13,-0.009527904369885154,PFE
2025-05-14,-0.037166609107051496,PFE
2025-05-15,0.02633968717750701,PFE
2025-05-16,0.01017697072363366,PFE
2025-05-19,0.007446345898469486,PFE
2025-05-20,0.02260871555494215,PFE
2025-05-21,-0.020408143405366563,PFE
2025-05-22,0.0,PFE
2025-05-23,0.012152724312965324,PFE
2025-05-27,0.01243571695207657,PFE
2025-05-28,-0.018212634225314384,PFE
2025-05-29,0.011647991984857109,PFE
2025-05-30,0.0017057145789916017,PFE
2025-06-02,-0.0012771684520148652,PFE
2025-06-03,-0.004688776952073037,PFE
2025-06-04,0.0017130195942289816,PFE
2025-06-05,-0.011543332939740525,PFE
2025-06-06,0.009948076725240895,PFE
2025-06-09,0.026552416349285846,PFE
2025-06-10,0.013767206222746964,PFE
2025-06-11,0.007407420198650039,PFE
2025-06-12,0.014705907560596199,PFE
2025-06-13,-0.012077263897653068,PFE
2025-06-16,-0.005705024114668444,PFE
2025-06-17,-0.01639342724524051,PFE
2025-06-18,-0.005000034968058231,PFE
2025-06-20,0.003768850743334884,PFE
2025-06-23,0.002503186274919411,PFE
2025-06-24,0.011652050407659154,PFE
2025-06-25,-0.0020567354240625946,PFE
2025-06-26,-0.0008244211696197823,PFE
2025-06-27,-0.002062674815703658,PFE
2025-06-30,0.0020669382371509837,PFE
2025-07-01,0.03300334785326098,PFE
2025-07-02,0.011182059467228278,PFE
2025-07-03,0.0023696471826832877,PFE
2025-07-07,-0.005516130586200152,PFE
2025-07-08,0.015055509966765745,PFE
2025-07-09,-0.0023419739002947804,PFE
2025-07-10,0.008607246686224146,PFE
2025-07-11,-0.005042710033075215,PFE
2025-07-14,-0.011695876862462762,PFE
2025-07-15,-0.02919131203087033,PFE
2025-07-16,0.0,PFE
2025-07-17,-0.001219044530737956,PFE
2025-07-18,-0.004475207920789037,PFE
2025-07-21,-0.0085818998923326,PFE
2025-07-22,0.03627366663084164,PFE
2025-07-23,0.008751043199854314,PFE
2025-07-24,-0.0003943307823799369,PFE
2025-07-25,-0.022090708383252333,PFE
2025-07-28,-0.0193627039878127,PFE
2025-07-29,-0.0004113627766979544,PFE
2025-07-30,-0.020164600267593924,PFE
2025-07-31,-0.02183950281724456,PFE
2025-08-01,0.008587327081532203,PFE
2025-08-04,0.0017028912693530796,PFE
2025-08-05,0.05184867308766816,PFE
2025-08-06,-0.03313130080097848,PFE
2025-08-07,0.012536532939185108,PFE
2025-08-08,0.014444919029388492,PFE
2025-08-11,0.0,PFE
2025-08-12,0.0028478313686530754,PFE
2025-08-13,0.020689664777862715,PFE
2025-08-14,-0.001987251087590569,PFE
2025-08-15,0.0011946944869649645,PFE
2025-08-18,-0.0027843952475608003,PFE
2025-08-19,0.00997207830248259,PFE
2025-08-20,0.0023696471826832877,PFE
2025-08-21,0.014184421680677906,PFE
2025-08-22,0.005438981775187424,PFE
2025-08-25,-0.028593500584033427,PFE
2025-08-26,-0.008750967330773962,PFE
2025-08-27,0.0060192463110368966,PFE
2025-08-28,-0.01874747981953606,PFE
2025-08-29,0.006504058737032858,PFE
2025-09-02,0.008885271054960286,PFE
2025-09-03,-0.007606030031655275,PFE
2025-09-04,-0.01008471120480725,PFE
2025-09-05,0.013854858702312844,PFE
2025-09-08,-0.013263662975778301,PFE
2025-09-09,0.006517305596106748,PFE
2025-09-10,-0.00566569788893323,PFE
2025-09-11,0.011803049211613681,PFE
2025-09-12,-0.03982299866500949,PFE
2025-09-15,0.004189294956233658,PFE
2025-09-16,-0.002920304415078512,PFE
2025-09-17,0.0062761347667124046,PFE
2025-09-18,0.0041580201514364035,PFE
2025-09-19,-0.004968899949492789,PFE
2025-09-22,0.00041615599650790536,PFE
2025-09-23,0.003743687263386475,PFE
2025-09-24,-0.001657646480309305,PFE
2025-09-25,-0.020340380573452443,PFE
2025-09-26,0.006779654441774419,PFE
2024-04-15,,PG
2024-04-16,0.003216468380931925,PG
2024-04-17,0.00647649750169732,PG
2024-04-18,0.0021023608444867836,PG
2024-04-19,0.005404069806076883,PG
2024-04-22,0.015176387414615577,PG
2024-04-23,0.005979860184472274,PG
2024-04-24,0.006811183303502277,PG
2024-04-25,-0.0003075218319855688,PG
2024-04-26,-0.007751521021034935,PG
2024-04-29,0.0022940690146855403,PG
2024-04-30,0.009526124280880177,PG
2024-05-01,0.0012254715194977006,PG
2024-05-02,0.0026927934996434644,PG
2024-05-03,0.0037842431020194134,PG
2024-05-06,-0.00012163609172011203,PG
2024-05-07,0.008027195608319326,PG
2024-05-08,-0.0041625676006445955,PG
2024-05-09,0.005876209601232363,PG
2024-05-10,0.004878419959864377,PG
2024-05-13,-0.005873604737659521,PG
2024-05-14,-0.0006631736515928521,PG
2024-05-15,0.004524614049556286,PG
2024-05-16,0.008107658086915714,PG
2024-05-17,-0.001310623256899679,PG
2024-05-20,-0.001968514866715454,PG
2024-05-21,0.006216057379103468,PG
2024-05-22,-0.0032076538481966566,PG
2024-05-23,-0.013825112324547972,PG
2024-05-24,-0.0009668478868712915,PG
2024-05-28,-0.013427697309116748,PG
2024-05-29,-0.008951055780785366,PG
2024-05-30,0.005753219732045567,PG
2024-05-31,0.012055550701216333,PG
2024-06-03,0.0006685341852437077,PG
2024-06-04,0.014333438796452658,PG
2024-06-05,-0.005748107817815873,PG
2024-06-06,0.014573912222037189,PG
2024-06-07,-0.008369464307548813,PG
2024-06-10,0.0017359544424759843,PG
2024-06-11,0.0007767530282791757,PG
2024-06-12,-0.013733001614709361,PG
2024-06-13,0.007446488926430739,PG
2024-06-14,0.002283454213455771,PG
2024-06-17,0.004256890355820886,PG
2024-06-18,0.006328343633395628,PG
2024-06-20,-0.005280015439838026,PG
2024-06-21,0.0035187949205803815,PG
2024-06-24,0.0011292193486820423,PG
2024-06-25,-0.009498313290074889,PG
2024-06-26,0.0035959893483870076,PG
2024-06-27,-0.004956714518849714,PG
2024-06-28,-0.0102028387832237,PG
2024-07-01,-0.013339782759326124,PG
2024-07-02,0.007251675681717806,PG
2024-07-03,-0.00042704129369208754,PG
2024-07-05,0.00842339539393766,PG
2024-07-08,0.007929287000530083,PG
2024-07-09,-0.005164548332249774,PG
2024-07-10,0.006881560814000931,PG
2024-07-11,-0.007554015243237289,PG
2024-07-12,0.006463739081886244,PG
2024-07-15,-0.012184135237142235,PG
2024-07-16,0.014400261822942184,PG
2024-07-17,0.014914678279005944,PG
2024-07-18,-0.005901794060383159,PG
2024-07-19,-0.002849654004879465,PG
2024-07-22,0.0017265615297743508,PG
2024-07-23,-0.009687993359955405,PG
2024-07-24,0.008282348597129063,PG
2024-07-25,-0.006547655378069228,PG
2024-07-26,0.01324150266439128,PG
2024-07-29,0.004848867970375315,PG
2024-07-30,-0.04843168411853893,PG
2024-07-31,-0.0058132495927450956,PG
2024-08-01,0.030666882949916152,PG
2024-08-02,0.026495258162609447,PG
2024-08-05,-0.011876788868261379,PG
2024-08-06,0.00017850041492728508,PG
2024-08-07,0.011481991651012047,PG
2024-08-08,0.004999357860057563,PG
2024-08-09,-0.001931303566950815,PG
2024-08-12,-0.021871677462076966,PG
2024-08-13,0.002877499757593771,PG
2024-08-14,0.009026300593139913,PG
2024-08-15,-0.00521329897454248,PG
2024-08-16,-0.00017864923549304468,PG
2024-08-19,0.0031568216166755203,PG
2024-08-20,0.011815731592443424,PG
2024-08-21,-0.0014670500242209839,PG
2024-08-22,-5.882560771963696e-05,PG
2024-08-23,-0.005759598957936318,PG
2024-08-26,0.006975278993571088,PG
2024-08-27,-0.006457329404773837,PG
2024-08-28,-0.0011226141294312653,PG
2024-08-29,0.005737615253229578,PG
2024-08-30,0.008880753500421612,PG
2024-09-03,0.017372106231561935,PG
2024-09-04,0.007907343515010545,PG
2024-09-05,-0.0024445292251362716,PG
2024-09-06,0.0006838497541046262,PG
2024-09-09,0.0026766970243492505,PG
2024-09-10,0.009826171484316415,PG
2024-09-11,-0.02176722685938337,PG
2024-09-12,-0.0025873789844745865,PG
2024-09-13,0.0035164616709459917,PG
2024-09-16,0.018152594375407727,PG
2024-09-17,-0.007673214670510853,PG
2024-09-18,-0.01114399965574897,PG
2024-09-19,-0.013684480841016144,PG
2024-09-20,0.015623225133861274,PG
2024-09-23,-0.002582923574154572,PG
2024-09-24,-0.0030500015322890706,PG
2024-09-25,-0.005656955410145104,PG
2024-09-26,0.005514990347881055,PG
2024-09-27,0.0019629139467229884,PG
2024-09-30,-0.002016745015044674,PG
2024-10-01,-0.000923808688964245,PG
2024-10-02,-0.006472463942688189,PG
2024-10-03,-0.010470003902564917,PG
2024-10-04,-0.007288915294882514,PG
2024-10-07,-0.010421658661404543,PG
2024-10-08,0.0062231245530650625,PG
2024-10-09,0.006600859813145066,PG
2024-10-10,-0.0018905140671211518,PG
2024-10-11,0.01266646598581489,PG
2024-10-14,0.008299714766145216,PG
2024-10-15,0.006144645824220918,PG
2024-10-16,-0.006856037282889527,PG
2024-10-17,-0.0005801490931829356,PG
2024-10-18,-0.005804504336461402,PG
2024-10-21,-0.010158836440711028,PG
2024-10-22,0.0009437517308339416,PG
2024-10-23,-0.0007071014693306177,PG
2024-10-24,0.0002358372785764562,PG
2024-10-25,-0.008253707916434871,PG
2024-10-28,0.006420174909152143,PG
2024-10-29,-0.012581245389353679,PG
2024-10-30,-0.006041721109640852,PG
2024-10-31,-0.0058979956952878165,PG
2024-11-01,-0.00048423886555448714,PG
2024-11-04,-0.00012116457735555919,PG
2024-11-05,0.004119170512713932,PG
2024-11-06,-0.02841452468124861,PG
2024-11-07,0.014653837725126406,PG
2024-11-08,0.02631419714455885,PG
2024-11-11,-0.01001733866385568,PG
2024-11-12,-0.0011443862121496284,PG
2024-11-13,0.004462165397401074,PG
2024-11-14,0.0030015607786286758,PG
2024-11-15,0.01472343445127322,PG
2024-11-18,0.007136998712893972,PG
2024-11-19,5.853298293367892e-05,PG
2024-11-20,0.0007613310318259625,PG
2024-11-21,0.010884198121567934,PG
2024-11-22,0.020434146334569414,PG
2024-11-25,0.00629680405059041,PG
2024-11-26,0.010823598712168092,PG
2024-11-27,0.00027886371333796234,PG
2024-11-29,-0.0005575719400943147,PG
2024-12-02,0.0024545490064125097,PG
2024-12-03,-0.02381746717853095,PG
2024-12-04,-0.0017671734228111857,PG
2024-12-05,0.005253829968240753,PG
2024-12-06,-0.012554629724499278,PG
2024-12-09,-0.017431906054601543,PG
2024-12-10,0.00872419668444957,PG
2024-12-11,-0.00957739672727842,PG
2024-12-12,0.001289346623732479,PG
2024-12-13,0.0012290983176839188,PG
2024-12-16,0.00046768287265575026,PG
2024-12-17,-0.004732952912717692,PG
2024-12-18,-0.007338695394601302,PG
2024-12-19,0.0006505832100798248,PG
2024-12-20,-0.006678910494157808,PG
2024-12-23,0.0002975309561121797,PG
2024-12-24,0.004937254345614317,PG
2024-12-26,0.007221505878255652,PG
2024-12-27,-0.003702426359037392,PG
2024-12-30,-0.014392747354306179,PG
2024-12-31,0.0033514726845844667,PG
2025-01-02,-0.009961218191134935,PG
2025-01-03,-0.0051210439005062725,PG
2025-01-06,-0.027432923426070732,PG
2025-01-07,0.004358635875711059,PG
2025-01-08,0.004959721243781523,PG
2025-01-10,-0.02183842326730856,PG
2025-01-13,0.0017658853658433227,PG
2025-01-14,0.005666136842252811,PG
2025-01-15,-0.0005634881281103565,PG
2025-01-16,0.005324185004772053,PG
2025-01-17,0.003925264067367706,PG
2025-01-21,0.0036616168312022523,PG
2025-01-22,0.018674278071142636,PG
2025-01-23,0.008558870682924713,PG
2025-01-24,-0.012217868515611352,PG
2025-01-27,0.033755841516849294,PG
2025-01-28,-0.020452676799500136,PG
2025-01-29,0.00024064796645584252,PG
2025-01-30,0.007098646242549522,PG
2025-01-31,-0.008482158400828665,PG
2025-02-03,0.016687685535295316,PG
2025-02-04,-0.0037330507497611576,PG
2025-02-05,0.005233983218146054,PG
2025-02-06,-0.0007691238876300632,PG
2025-02-07,-0.005388463025808421,PG
2025-02-10,-0.0026195299053913823,PG
2025-02-11,0.01134121596328197,PG
2025-02-12,0.0008853754456596974,PG
2025-02-13,0.008491581706909335,PG
2025-02-14,-0.04753832697758653,PG
2025-02-18,0.015593304043527656,PG
2025-02-19,0.006407621739186631,PG
2025-02-20,0.004324591248408005,PG
2025-02-21,0.01806105431739935,PG
2025-02-24,0.0018210513210017432,PG
2025-02-25,0.01237246800409686,PG
2025-02-26,-0.007819234824508414,PG
2025-02-27,0.003911256024571541,PG
2025-02-28,0.01087396117877315,PG
2025-03-03,0.010066728237836386,PG
2025-03-04,-0.013725176333347466,PG
2025-03-05,0.008257350704752087,PG
2025-03-06,0.00028636991915131915,PG
2025-03-07,0.007385739488637411,PG
2025-03-10,0.0017618503209462233,PG
2025-03-11,-0.017814589172284734,PG
2025-03-12,-0.027437616300674317,PG
2025-03-13,0.001306653365108268,PG
2025-03-14,-0.0036775320639126363,PG
2025-03-17,0.010656624832554806,PG
2025-03-18,-0.01207580030220956,PG
2025-03-19,0.005127902784112459,PG
2025-03-20,-0.006050923818844645,PG
2025-03-21,-0.005132799729558379,PG
2025-03-24,-0.00623917769325999,PG
2025-03-25,-0.016903035895784457,PG
2025-03-26,0.02290448626184327,PG
2025-03-27,0.012786678229075532,PG
2025-03-28,-0.004030631897985804,PG
2025-03-31,0.014223647009529827,PG
2025-04-01,0.0008214962513357627,PG
2025-04-02,-0.006214807538500344,PG
2025-04-03,0.017050143891731206,PG
2025-04-04,-0.05011891304738436,PG
2025-04-07,-0.021496209297471425,PG
2025-04-08,-0.011483469930433143,PG
2025-04-09,0.02481222267639671,PG
2025-04-10,0.00763917064085784,PG
2025-04-11,0.020481818008804442,PG
2025-04-14,0.01330058817323665,PG
2025-04-15,-0.0039023451963280387,PG
2025-04-16,-0.012346422603332186,PG
2025-04-17,0.025482333726289053,PG
2025-04-21,-0.028599922306537184,PG
2025-04-22,0.012850708191930682,PG
2025-04-23,-0.01280682090028673,PG
2025-04-24,-0.03741022813054928,PG
2025-04-25,0.009339970567074474,PG
2025-04-28,0.00515465041008345,PG
2025-04-29,0.002533138015812675,PG
2025-04-30,0.0019105930474425659,PG
2025-05-01,-0.01593166931163592,PG
2025-05-02,0.0033754754303254586,PG
2025-05-05,-0.010528298009123471,PG
2025-05-06,0.0026443251533301293,PG
2025-05-07,0.00025113523474296073,PG
2025-05-08,-0.004017825454351032,PG
2025-05-09,-0.0062400899619381445,PG
2025-05-12,0.02055048940198434,PG
2025-05-13,-0.013486626794662171,PG
2025-05-14,-0.004472950760339156,PG
2025-05-15,0.027781288893519607,PG
2025-05-16,0.005356782818609629,PG
2025-05-19,0.009125462422241215,PG
2025-05-20,0.005280057623527679,PG
2025-05-21,-0.0012678502453575824,PG
2025-05-22,-0.0024179043353299567,PG
2025-05-23,0.005029399728498474,PG
2025-05-27,0.011455407509300297,PG
2025-05-28,-0.002384322303182196,PG
2025-05-29,0.007170153823290448,PG
2025-05-30,0.007890376425713663,PG
2025-06-02,-0.012419804684984492,PG
2025-06-03,-0.00554292932737821,PG
2025-06-04,-0.005394121200781199,PG
2025-06-05,-0.018981584539991436,PG
2025-06-06,0.0074938648515581185,PG
2025-06-09,-0.008901394194831935,PG
2025-06-10,0.0017224334615035808,PG
2025-06-11,-0.004482901891156632,PG
2025-06-12,0.006600407509722572,PG
2025-06-13,-0.017771749152154404,PG
2025-06-16,0.003743487073155194,PG
2025-06-17,-0.01466932209549987,PG
2025-06-18,-0.00315417604418311,PG
2025-06-20,0.006707996012745854,PG
2025-06-23,0.012257964079690709,PG
2025-06-24,-0.004160704055295894,PG
2025-06-25,-0.0086679931676098,PG
2025-06-26,-0.0021387452681628227,PG
2025-06-27,0.007753865534125826,PG
2025-06-30,-0.0033779136999317894,PG
2025-07-01,0.011925645299638132,PG
2025-07-02,-0.0001240805874548334,PG
2025-07-03,-0.002295255112854,PG
2025-07-07,-0.0020518673586868985,PG
2025-07-08,-0.016261686045804136,PG
2025-07-09,-0.002343372719094239,PG
2025-07-10,0.006157955779542368,PG
2025-07-11,-0.009085761824068839,PG
2025-07-14,-0.02094879644056813,PG
2025-07-15,-0.0070239455621642355,PG
2025-07-16,0.006877148952892043,PG
2025-07-17,0.012294278554447757,PG
2025-07-18,-0.0033414023260976977,PG
2025-07-21,-0.0004513689327131365,PG
2025-07-22,0.021221754310954966,PG
2025-07-23,-0.00025270681575917386,PG
2025-07-24,0.003348488649130621,PG
2025-07-25,-0.0032113501333426164,PG
2025-07-28,-0.007517387356064442,PG
2025-07-29,-0.0031824835978458976,PG
2025-07-30,-0.023817097969492718,PG
2025-07-31,-0.015764021357513203,PG
2025-08-01,0.0011962030592214123,PG
2025-08-04,0.0007301733475484351,PG
2025-08-05,-0.0016582648521432652,PG
2025-08-06,0.015613621615067519,PG
2025-08-07,0.004121450217826617,PG
2025-08-08,0.00013023006682200133,PG
2025-08-11,0.00957593168722104,PG
2025-08-12,0.0007097729602789649,PG
2025-08-13,0.0020633653477013514,PG
2025-08-14,-0.010745757220212204,PG
2025-08-15,0.004032750715720956,PG
2025-08-18,0.008810576606465448,PG
2025-08-19,0.01721033043136755,PG
2025-08-20,0.007007579880823567,PG
2025-08-21,-0.00488996806569042,PG
2025-08-22,-0.000377985007299686,PG
2025-08-25,-0.015882046395297333,PG
2025-08-26,-0.0011526908921980494,PG
2025-08-27,0.006347409664780201,PG
2025-08-28,-0.00834615673641581,PG
2025-08-29,0.008930288751394677,PG
2025-09-02,0.006049492152615521,PG
2025-09-03,0.001139266216362289,PG
2025-09-04,0.006448784752285608,PG
2025-09-05,0.005213906767544518,PG
2025-09-08,-0.006311771895126883,PG
2025-09-09,0.002830087557873062,PG
2025-09-10,-0.013232161805547427,PG
2025-09-11,0.008134723416882483,PG
2025-09-12,-0.004601972917213315,PG
2025-09-15,-0.006776390796640275,PG
2025-09-16,0.0077791315848951825,PG
2025-09-17,0.014425806613557857,PG
2025-09-18,-0.018773744604629106,PG
2025-09-19,-0.008136371589711255,PG
2025-09-22,-0.01903349198732629,PG
2025-09-23,-0.0037238341735452707,PG
2025-09-24,-0.0005246021708503745,PG
2025-09-25,-0.0017714491254727793,PG
2025-09-26,0.002300401692777898,PG
2024-04-15,,QQQ
2024-04-16,9.281433013619278e-05,QQQ
2024-04-17,-0.012201367875559588,QQQ
2024-04-18,-0.005706351438752866,QQQ
2024-04-19,-0.020689189414182296,QQQ
2024-04-22,0.01005670683495885,QQQ
2024-04-23,0.01492287830261585,QQQ
2024-04-24,0.0033876830089023535,QQQ
2024-04-25,-0.004829892643611666,QQQ
2024-04-26,0.015431705983256938,QQQ
2024-04-29,0.004060324825986061,QQQ
2024-04-30,-0.01885616097541165,QQQ
2024-05-01,-0.007230522034663345,QQQ
2024-05-02,0.012763344617182648,QQQ
2024-05-03,0.020098424016197658,QQQ
2024-05-06,0.010953405192739352,QQQ
2024-05-07,0.0001590172043584026,QQQ
2024-05-08,-0.0005905018198129053,QQQ
2024-05-09,0.002181501296196098,QQQ
2024-05-10,0.0023581891316259984,QQQ
2024-05-13,0.0023073542489822074,QQQ
2024-05-14,0.006432260968417314,QQQ
2024-05-15,0.01563025886390812,QQQ
2024-05-16,-0.0020313157927895897,QQQ
2024-05-17,-0.00048674989016228576,QQQ
2024-05-20,0.006972715221337467,QQQ
2024-05-21,0.0019563960425026394,QQQ
2024-05-22,-0.00019744699495582996,QQQ
2024-05-23,-0.004498448204796168,QQQ
2024-05-24,0.009456439867502775,QQQ
2024-05-28,0.003777662239624391,QQQ
2024-05-29,-0.0070483603506760195,QQQ
2024-05-30,-0.01071337880615586,QQQ
2024-05-31,-0.001860251047721806,QQQ
2024-06-03,0.005369336099964261,QQQ
2024-06-04,0.0027364999470642637,QQQ
2024-06-05,0.02015978995212242,QQQ
2024-06-06,-0.00034518512832126813,QQQ
2024-06-07,-0.0008848299769727008,QQQ
2024-06-10,0.004039215378655259,QQQ
2024-06-11,0.006862729457128847,QQQ
2024-06-12,0.01309774160657362,QQQ
2024-06-13,0.005420241183805352,QQQ
2024-06-14,0.00518124101019124,QQQ
2024-06-17,0.012249828016612785,QQQ
2024-06-18,0.0003092275125538002,QQQ
2024-06-20,-0.007707982729620366,QQQ
2024-06-21,-0.0026793124008790414,QQQ
2024-06-24,-0.012953478519674322,QQQ
2024-06-25,0.011435592719745591,QQQ
2024-06-26,0.0020651471156312162,QQQ
2024-06-27,0.002581323244538858,QQQ
2024-06-28,-0.005190922273289433,QQQ
2024-07-01,0.005865100210987961,QQQ
2024-07-02,0.010499662636136886,QQQ
2024-07-03,0.008337092831327109,QQQ
2024-07-05,0.010426839011263844,QQQ
2024-07-08,0.002378250296420248,QQQ
2024-07-09,0.0008645849498278846,QQQ
2024-07-10,0.010426507334623025,QQQ
2024-07-11,-0.021930171319167524,QQQ
2024-07-12,0.005874849453105568,QQQ
2024-07-15,0.0026878189090566718,QQQ
2024-07-16,0.000382953630441607,QQQ
2024-07-17,-0.02935489267784097,QQQ
2024-07-18,-0.004732546300704077,QQQ
2024-07-19,-0.00886358440542756,QQQ
2024-07-22,0.014897772147398847,QQQ
2024-07-23,-0.0035246562058713904,QQQ
2024-07-24,-0.035870314197334774,QQQ
2024-07-25,-0.011027700408507979,QQQ
2024-07-26,0.010255989525185916,QQQ
2024-07-29,0.00200875364133557,QQQ
2024-07-30,-0.01373139728604722,QQQ
2024-07-31,0.02959370660076277,QQQ
2024-08-01,-0.024221460684624607,QQQ
2024-08-02,-0.02373494229471662,QQQ
2024-08-05,-0.029816166869777172,QQQ
2024-08-06,0.009555099590612848,QQQ
2024-08-07,-0.01082977220859771,QQQ
2024-08-08,0.03059093002421709,QQQ
2024-08-09,0.005222390027541879,QQQ
2024-08-12,0.0021535960853809044,QQQ
2024-08-13,0.024812755479412196,QQQ
2024-08-14,0.00032432102213109104,QQQ
2024-08-15,0.02526311707444373,QQQ
2024-08-16,0.001285749619109211,QQQ
2024-08-19,0.013135991938214797,QQQ
2024-08-20,-0.0020985710123266887,QQQ
2024-08-21,0.004664119828482471,QQQ
2024-08-22,-0.015854909630019454,QQQ
2024-08-23,0.010845517174452146,QQQ
2024-08-26,-0.00970834096272788,QQQ
2024-08-27,0.002987363652700026,QQQ
2024-08-28,-0.011347435924353055,QQQ
2024-08-29,-0.0014638855043416221,QQQ
2024-08-30,0.011919401070650482,QQQ
2024-09-03,-0.030360912483744618,QQQ
2024-09-04,-0.002598497679511591,QQQ
2024-09-05,0.0009335950305791041,QQQ
2024-09-06,-0.02678727632010336,QQQ
2024-09-09,0.012859633560534656,QQQ
2024-09-10,0.009241764480925507,QQQ
2024-09-11,0.02171541310677605,QQQ
2024-09-12,0.009816068779492149,QQQ
2024-09-13,0.00447993557271209,QQQ
2024-09-16,-0.004417903226520914,QQQ
2024-09-17,0.0005282731915283723,QQQ
2024-09-18,-0.004329527202790562,QQQ
2024-09-19,0.025284199152441955,QQQ
2024-09-20,-0.001903307965153811,QQQ
2024-09-23,0.0012436906153703298,QQQ
2024-09-24,0.004823589208033274,QQQ
2024-09-25,0.0009271529174823545,QQQ
2024-09-26,0.0075130580080216,QQQ
2024-09-27,-0.005557033554496993,QQQ
2024-09-30,0.0027118794539675584,QQQ
2024-10-01,-0.013932465032684749,QQQ
2024-10-02,0.0014129765181349896,QQQ
2024-10-03,-0.0007469983608714426,QQQ
2024-10-04,0.011898110487967628,QQQ
2024-10-07,-0.010711649721432903,QQQ
2024-10-08,0.014934622688860033,QQQ
2024-10-09,0.007868396075138673,QQQ
2024-10-10,-0.001135552196136258,QQQ
2024-10-11,0.0015631438303584932,QQQ
2024-10-14,0.00839146824095871,QQQ
2024-10-15,-0.013366821902481174,QQQ
2024-10-16,0.00012223196057381536,QQQ
2024-10-17,0.000692583845010919,QQQ
2024-10-18,0.00655470986402662,QQQ
2024-10-21,0.0019212736964546728,QQQ
2024-10-22,0.001089939874668655,QQQ
2024-10-23,-0.015323829007292011,QQQ
2024-10-24,0.00810881745318559,QQQ
2024-10-25,0.006093597569404308,QQQ
2024-10-28,0.00016148463838105975,QQQ
2024-10-29,0.009608417085728904,QQQ
2024-10-30,-0.007557579077935417,QQQ
2024-10-31,-0.025242754857248917,QQQ
2024-11-01,0.00739895944426161,QQQ
2024-11-04,-0.0029132038066864707,QQQ
2024-11-05,0.012756901226052886,QQQ
2024-11-06,0.02716319324941563,QQQ
2024-11-07,0.0157442771994305,QQQ
2024-11-08,0.0011684321508884654,QQQ
2024-11-11,-0.0005834748987080252,QQQ
2024-11-12,-0.0018100063489198126,QQQ
2024-11-13,-0.0012867231660268486,QQQ
2024-11-14,-0.006949726810334345,QQQ
2024-11-15,-0.02382589604477936,QQQ
2024-11-18,0.0069476239776209425,QQQ
2024-11-19,0.006879729844784688,QQQ
2024-11-20,-0.0005759703497107971,QQQ
2024-11-21,0.003597188843316612,QQQ
2024-11-22,0.0016040190521831033,QQQ
2024-11-25,0.0015816599368385642,QQQ
2024-11-26,0.005369235950898776,QQQ
2024-11-27,-0.007873416553468848,QQQ
2024-11-29,0.008786864335380562,QQQ
2024-12-02,0.010887879898174857,QQQ
2024-12-03,0.003066267843772952,QQQ
2024-12-04,0.012362905002811564,QQQ
2024-12-05,-0.0027711122194885585,QQQ
2024-12-06,0.008949584967719693,QQQ
2024-12-09,-0.007787524194722617,QQQ
2024-12-10,-0.003407537195598276,QQQ
2024-12-11,0.017902435192642896,QQQ
2024-12-12,-0.006453772306103223,QQQ
2024-12-13,0.007654376632241222,QQQ
2024-12-16,0.014400605416071688,QQQ
2024-12-17,-0.004403803988419663,QQQ
2024-12-18,-0.036076927081440724,QQQ
2024-12-19,-0.004453284650485112,QQQ
2024-12-20,0.00873250166989914,QQQ
2024-12-23,0.008117113698077993,QQQ
2024-12-24,0.013559827340789976,QQQ
2024-12-26,-0.0006793840512319127,QQQ
2024-12-27,-0.013293010483157341,QQQ
2024-12-30,-0.013299931566713497,QQQ
2024-12-31,-0.008494743099763613,QQQ
2025-01-02,-0.001956066698961312,QQQ
2025-01-03,0.016365180259338752,QQQ
2025-01-06,0.01149284727735167,QQQ
2025-01-07,-0.017844179173459596,QQQ
2025-01-08,0.00017474835348552098,QQQ
2025-01-10,-0.015681131801912884,QQQ
2025-01-13,-0.003213795372476458,QQQ
2025-01-14,-0.0009494639382984227,QQQ
2025-01-15,0.023006307800127246,QQQ
2025-01-16,-0.0070059899974166395,QQQ
2025-01-17,0.016878406595622453,QQQ
2025-01-21,0.005864985655439581,QQQ
2025-01-22,0.012785865336763846,QQQ
2025-01-23,0.0021260274727672446,QQQ
2025-01-24,-0.005651114604319996,QQQ
2025-01-27,-0.02911463241884893,QQQ
2025-01-28,0.014779905605071253,QQQ
2025-01-29,-0.0018780408066826348,QQQ
2025-01-30,0.004262370889314582,QQQ
2025-01-31,-0.0014530346685063256,QQQ
2025-02-03,-0.008003202917216234,QQQ
2025-02-04,0.012275357610116222,QQQ
2025-02-05,0.004537924029514473,QQQ
2025-02-06,0.005219702244346758,QQQ
2025-02-07,-0.012613279803101674,QQQ
2025-02-10,0.012105135196050387,QQQ
2025-02-11,-0.0023807458963155392,QQQ
2025-02-12,0.0005871277189481994,QQQ
2025-02-13,0.014385835314598028,QQQ
2025-02-14,0.004198544313298136,QQQ
2025-02-18,0.002266971379316196,QQQ
2025-02-19,0.0002781474969328901,QQQ
2025-02-20,-0.004244585890417318,QQQ
2025-02-21,-0.020754544206891712,QQQ
2025-02-24,-0.011804329704459549,QQQ
2025-02-25,-0.012599280309478655,QQQ
2025-02-26,0.0024156281007605696,QQQ
2025-02-27,-0.02777131648927811,QQQ
2025-02-28,0.01579152175335996,QQQ
2025-03-03,-0.021882490782480946,QQQ
2025-03-04,-0.003017805123907924,QQQ
2025-03-05,0.013036065244249606,QQQ
2025-03-06,-0.02750940676470026,QQQ
2025-03-07,0.0073535359445426884,QQQ
2025-03-10,-0.03875637411786237,QQQ
2025-03-11,-0.002390381098197669,QQQ
2025-03-12,0.011280761779827175,QQQ
2025-03-13,-0.017990473975242116,QQQ
2025-03-14,0.024170490269320943,QQQ
2025-03-17,0.006483728740813044,QQQ
2025-03-18,-0.01704741524129194,QQQ
2025-03-19,0.01338139248361081,QQQ
2025-03-20,-0.0033895585958551022,QQQ
2025-03-21,0.0032967210701311256,QQQ
2025-03-24,0.020422609181866225,QQQ
2025-03-25,0.005706574353056437,QQQ
2025-03-26,-0.018400654013492,QQQ
2025-03-27,-0.005698025801648687,QQQ
2025-03-28,-0.02632779536633645,QQQ
2025-03-31,-4.2625951225727654e-05,QQQ
2025-04-01,0.008061073682195108,QQQ
2025-04-02,0.007298459065709029,QQQ
2025-04-03,-0.05353353052844212,QQQ
2025-04-04,-0.062108884762183125,QQQ
2025-04-07,0.002413204110223166,QQQ
2025-04-08,-0.018008460994704878,QQQ
2025-04-09,0.12003077136578888,QQQ
2025-04-10,-0.04253220455840934,QQQ
2025-04-11,0.018423060996991536,QQQ
2025-04-14,0.006778206714820989,QQQ
2025-04-15,0.0011147574446965791,QQQ
2025-04-16,-0.030153492113499047,QQQ
2025-04-17,-0.000180076936342366,QQQ
2025-04-21,-0.024746725063974573,QQQ
2025-04-22,0.026252051486498118,QQQ
2025-04-23,0.022678154974612896,QQQ
2025-04-24,0.02813711856216128,QQQ
2025-04-25,0.011147943483548639,QQQ
2025-04-28,-0.00031740709594396677,QQQ
2025-04-29,0.00660442220317381,QQQ
2025-04-30,-0.0001261698709813519,QQQ
2025-05-01,0.013060742926230606,QQQ
2025-05-02,0.014843867308595105,QQQ
2025-05-05,-0.00593252045935122,QQQ
2025-05-06,-0.009301728812379895,QQQ
2025-05-07,0.003925934476812332,QQQ
2025-05-08,0.01032489318847385,QQQ
2025-05-09,-0.000655363244421836,QQQ
2025-05-12,0.04074021934356775,QQQ
2025-05-13,0.01524076136444008,QQQ
2025-05-14,0.005993067474865388,QQQ
2025-05-15,0.001098957608289819,QQQ
2025-05-16,0.004352450198603863,QQQ
2025-05-19,0.0009587543683480249,QQQ
2025-05-20,-0.0033332507075031215,QQQ
2025-05-21,-0.013896709847744715,QQQ
2025-05-22,0.0018712420352651193,QQQ
2025-05-23,-0.009260719388375471,QQQ
2025-05-27,0.023525215416087653,QQQ
2025-05-28,-0.004431905315288587,QQQ
2025-05-29,0.0019656965254855052,QQQ
2025-05-30,-0.0015771494927588892,QQQ
2025-06-02,0.00789820411240405,QQQ
2025-06-03,0.007817063222321563,QQQ
2025-06-04,0.002787847093329354,QQQ
2025-06-05,-0.007526980269105477,QQQ
2025-06-06,0.009775348420516528,QQQ
2025-06-09,0.0014719756227936642,QQQ
2025-06-10,0.0066139244109451045,QQQ
2025-06-11,-0.0033695527116432977,QQQ
2025-06-12,0.0023478147725468634,QQQ
2025-06-13,-0.012554719313866314,QQQ
2025-06-16,0.013909890217569165,QQQ
2025-06-17,-0.009751185969715803,QQQ
2025-06-18,-0.00017015735344516614,QQQ
2025-06-20,-0.00408320229948822,QQQ
2025-06-23,0.009149074972690352,QQQ
2025-06-24,0.015292023905712604,QQQ
2025-06-25,0.002556492965206214,QQQ
2025-06-26,0.009350280526461585,QQQ
2025-06-27,0.0034236319663238923,QQQ
2025-06-30,0.0064770158532823086,QQQ
2025-07-01,-0.008429454518497859,QQQ
2025-07-02,0.006965388081345392,QQQ
2025-07-03,0.009840201580021635,QQQ
2025-07-07,-0.0075328855973175735,QQQ
2025-07-08,0.0005615592307335326,QQQ
2025-07-09,0.007078924130831332,QQQ
2025-07-10,-0.0014381803019662964,QQQ
2025-07-11,-0.0022504275317831723,QQQ
2025-07-14,0.0036268670540449133,QQQ
2025-07-15,0.000916827655604191,QQQ
2025-07-16,0.0010238672119105008,QQQ
2025-07-17,0.008092752325439712,QQQ
2025-07-18,-0.0009611570649281642,QQQ
2025-07-21,0.005184714916258493,QQQ
2025-07-22,-0.005175714764358963,QQQ
2025-07-23,0.004561242866091275,QQQ
2025-07-24,0.0021283982409456836,QQQ
2025-07-25,0.002407011076010157,QQQ
2025-07-28,0.003125200039743925,QQQ
2025-07-29,-0.001548922554516885,QQQ
2025-07-30,0.001339790841133004,QQQ
2025-07-31,-0.005299126196483317,QQQ
2025-08-01,-0.019698774695034893,QQQ
2025-08-04,0.018451597120367813,QQQ
2025-08-05,-0.006789498706695207,QQQ
2025-08-06,0.01258319657879814,QQQ
2025-08-07,0.0033843031893268094,QQQ
2025-08-08,0.009328222980974132,QQQ
2025-08-11,-0.0029588586600820532,QQQ
2025-08-12,0.01256875711597405,QQQ
2025-08-13,0.0005000242541226552,QQQ
2025-08-14,-0.0007754285181217346,QQQ
2025-08-15,-0.004397364549404648,QQQ
2025-08-18,-0.00039845064122645546,QQQ
2025-08-19,-0.013567528293445985,QQQ
2025-08-20,-0.005937332611135493,QQQ
2025-08-21,-0.004629784421550931,QQQ
2025-08-22,0.015427391269485335,QQQ
2025-08-25,-0.0028847028050754675,QQQ
2025-08-26,0.004015251083488547,QQQ
2025-08-27,0.0015368311858414696,QQQ
2025-08-28,0.006259964282901542,QQQ
2025-08-29,-0.011575505091075189,QQQ
2025-09-02,-0.008380135154771873,QQQ
2025-09-03,0.007867494511238471,QQQ
2025-09-04,0.009051472763408563,QQQ
2025-09-05,0.001442930859006042,QQQ
2025-09-08,0.004877959883524019,QQQ
2025-09-09,0.002833131207820694,QQQ
2025-09-10,0.00032730261013580453,QQQ
2025-09-11,0.005820569677562615,QQQ
2025-09-12,0.004417127755101058,QQQ
2025-09-15,0.00855694910348559,QQQ
2025-09-16,-0.0008450513895844614,QQQ
2025-09-17,-0.001995995619608837,QQQ
2025-09-18,0.009016961566472359,QQQ
2025-09-19,0.006769415124870726,QQQ
2025-09-22,0.00475521270908108,QQQ
2025-09-23,-0.006642311389766009,QQQ
2025-09-24,-0.0035105927419589733,QQQ
2025-09-25,-0.004311267227508853,QQQ
2025-09-26,0.004110897993047535,QQQ
2024-04-15,,SCHW
2024-04-16,0.02583175980871988,SCHW
2024-04-17,-0.00780073487347499,SCHW
2024-04-18,0.005931038692079671,SCHW
2024-04-19,0.0067187421050203255,SCHW
2024-04-22,0.011441078564892404,SCHW
2024-04-23,0.013062229905725697,SCHW
2024-04-24,-0.00053171492413151,SCHW
2024-04-25,-0.003989932730639301,SCHW
2024-04-26,0.0013352713971970243,SCHW
2024-04-29,-0.0057341021126169345,SCHW
2024-04-30,-0.008181338926039894,SCHW
2024-05-01,0.008384080759543222,SCHW
2024-05-02,0.010191794814815136,SCHW
2024-05-03,0.009425183422469452,SCHW
2024-05-06,0.010783793857855883,SCHW
2024-05-07,-0.017174078640931456,SCHW
2024-05-08,0.011384704791217226,SCHW
2024-05-09,-0.012565432791876052,SCHW
2024-05-10,0.008881205557564664,SCHW
2024-05-13,-0.018525865862594748,SCHW
2024-05-14,0.03172694569484591,SCHW
2024-05-15,0.02089010791133661,SCHW
2024-05-16,-0.008134206750966877,SCHW
2024-05-17,0.009482289275861477,SCHW
2024-05-20,-0.0015231672892463965,SCHW
2024-05-21,0.003051078726114209,SCHW
2024-05-22,-0.04600766555906688,SCHW
2024-05-23,-0.038926536944992485,SCHW
2024-05-24,-0.0009676485812531999,SCHW
2024-05-28,-0.020478702037978525,SCHW
2024-05-29,-0.003672865275714976,SCHW
2024-05-30,0.01914076984951496,SCHW
2024-05-31,0.019476927926737497,SCHW
2024-06-03,-0.0124180683388867,SCHW
2024-06-04,-0.00525086179895784,SCHW
2024-06-05,0.033337985791033864,SCHW
2024-06-06,-0.00188196519420758,SCHW
2024-06-07,-0.00430976019965279,SCHW
2024-06-10,0.0024347396785169284,SCHW
2024-06-11,-0.008905730086003927,SCHW
2024-06-12,0.0014976257988013053,SCHW
2024-06-13,-0.0023110137926514174,SCHW
2024-06-14,-0.0019076085408468169,SCHW
2024-06-17,-0.006006859268344655,SCHW
2024-06-18,0.0004120145625980953,SCHW
2024-06-20,-0.0019220125849404024,SCHW
2024-06-21,0.008803293212021446,SCHW
2024-06-24,0.016225831753845288,SCHW
2024-06-25,-0.008452935244015691,SCHW
2024-06-26,-0.008660343388820047,SCHW
2024-06-27,0.004094941490793591,SCHW
2024-06-28,0.0017673312551287346,SCHW
2024-07-01,-0.0036640556861919915,SCHW
2024-07-02,0.009942840849080259,SCHW
2024-07-03,-0.00026978114698972266,SCHW
2024-07-05,-0.012545532707852636,SCHW
2024-07-08,0.000546460617418143,SCHW
2024-07-09,0.01761333906544915,SCHW
2024-07-10,0.0013417211291955056,SCHW
2024-07-11,0.01942924602707663,SCHW
2024-07-12,-0.009200901167052633,SCHW
2024-07-15,-0.0041124644453299775,SCHW
2024-07-16,-0.10177167204884352,SCHW
2024-07-17,-0.05383362081694376,SCHW
2024-07-18,-0.023981172376066784,SCHW
2024-07-19,-0.003051206444712573,SCHW
2024-07-22,0.043008989854921076,SCHW
2024-07-23,0.006023156596887125,SCHW
2024-07-24,-0.01627260621009763,SCHW
2024-07-25,0.033707802293914124,SCHW
2024-07-26,0.005434791998211619,SCHW
2024-07-29,-0.01951945123344745,SCHW
2024-07-30,-0.005972425289770933,SCHW
2024-07-31,0.004313646025263074,SCHW
2024-08-01,-0.022702919182490344,SCHW
2024-08-02,-0.005022754660535034,SCHW
2024-08-05,-0.01735287087415127,SCHW
2024-08-06,0.00818748296736782,SCHW
2024-08-07,-0.009235637315344825,SCHW
2024-08-08,0.00900028202518599,SCHW
2024-08-09,-0.005893579787815795,SCHW
2024-08-12,-0.01025475710964896,SCHW
2024-08-13,0.01165616343479603,SCHW
2024-08-14,0.045927330049564175,SCHW
2024-08-15,-0.001988942047185027,SCHW
2024-08-16,0.004905713296888825,SCHW
2024-08-19,0.0004576472601105497,SCHW
2024-08-20,-0.011284011474571809,SCHW
2024-08-21,-0.004164044699500158,SCHW
2024-08-22,-0.004646167774132071,SCHW
2024-08-23,0.0018671659071103353,SCHW
2024-08-26,0.0013977941937926008,SCHW
2024-08-27,-0.00884000434004617,SCHW
2024-08-28,0.0010952854794452627,SCHW
2024-08-29,0.014848402152805695,SCHW
2024-08-30,0.0026181760071817273,SCHW
2024-09-03,-0.004761867371118056,SCHW
2024-09-04,-0.013736678145888748,SCHW
2024-09-05,-0.0032864302684698643,SCHW
2024-09-06,-0.012403785804115053,SCHW
2024-09-09,0.0017487566452449865,SCHW
2024-09-10,0.0007935732913790794,SCHW
2024-09-11,0.005550245266396914,SCHW
2024-09-12,-0.026336511164862686,SCHW
2024-09-13,0.006154798235946668,SCHW
2024-09-16,0.025273659398251658,SCHW
2024-09-17,0.0023551818042590877,SCHW
2024-09-18,-0.004385945780507994,SCHW
2024-09-19,0.018879810211012815,SCHW
2024-09-20,0.009728184568195353,SCHW
2024-09-23,-0.007034700852826092,SCHW
2024-09-24,-0.005390396927091867,SCHW
2024-09-25,-0.00836173583487998,SCHW
2024-09-26,-0.0031230599637758205,SCHW
2024-09-27,0.009085181938770948,SCHW
2024-09-30,0.006054011188042052,SCHW
2024-10-01,-0.013886711079844849,SCHW
2024-10-02,-0.008762343524143956,SCHW
2024-10-03,0.0007893141746204702,SCHW
2024-10-04,0.021293350814353573,SCHW
2024-10-07,-0.0071042329648286495,SCHW
2024-10-08,0.009488265697072507,SCHW
2024-10-09,0.02773490570174375,SCHW
2024-10-10,-0.0007495565914654723,SCHW
2024-10-11,0.015453844796941896,SCHW
2024-10-14,0.0020685488920975104,SCHW
2024-10-15,0.06104393111585904,SCHW
2024-10-16,0.0016676312966759088,SCHW
2024-10-17,-0.002358465103035945,SCHW
2024-10-18,-0.00764849149976643,SCHW
2024-10-21,-0.006866561933555393,SCHW
2024-10-22,0.000564426611783464,SCHW
2024-10-23,0.011281841503990142,SCHW
2024-10-24,0.012271611555612294,SCHW
2024-10-25,-0.010607475987217896,SCHW
2024-10-28,0.003063230599247513,SCHW
2024-10-29,-0.0020821977231065825,SCHW
2024-10-30,-0.010989023817422616,SCHW
2024-10-31,-0.003797421221671038,SCHW
2024-11-01,0.001553022836480178,SCHW
2024-11-04,0.00028188105974380484,SCHW
2024-11-05,0.004932334817316475,SCHW
2024-11-06,0.06226339354110899,SCHW
2024-11-07,-0.03405943011293322,SCHW
2024-11-08,0.009976812562548565,SCHW
2024-11-11,0.05345056653157099,SCHW
2024-11-12,0.004367424199734238,SCHW
2024-11-13,0.0007673303072053272,SCHW
2024-11-14,0.024792363468450374,SCHW
2024-11-15,0.005611634050902925,SCHW
2024-11-18,0.009300595308489923,SCHW
2024-11-19,-0.014743788637929467,SCHW
2024-11-20,0.0033669614022482364,SCHW
2024-11-21,0.004225751567908942,SCHW
2024-11-22,0.005693057761124054,SCHW
2024-11-25,0.0062760828627710374,SCHW
2024-11-26,0.005870164811536682,SCHW
2024-11-27,0.0042553005972170155,SCHW
2024-11-29,0.001937090376091355,SCHW
2024-12-02,-0.01655392352850449,SCHW
2024-12-03,-0.003317319634981386,SCHW
2024-12-04,0.00480768462085468,SCHW
2024-12-05,0.0036804737394300346,SCHW
2024-12-06,-0.0041559265131027034,SCHW
2024-12-09,0.0004909895044555856,SCHW
2024-12-10,0.009937400777391359,SCHW
2024-12-11,0.001093342658148977,SCHW
2024-12-12,0.00533909467855076,SCHW
2024-12-13,-0.039951691243876764,SCHW
2024-12-16,-0.020115645658846715,SCHW
2024-12-17,-0.015139854608843262,SCHW
2024-12-18,-0.036347066673809714,SCHW
2024-12-19,-0.004731627258958815,SCHW
2024-12-20,0.009372382318251882,SCHW
2024-12-23,0.005382876315713769,SCHW
2024-12-24,0.0017400248294874299,SCHW
2024-12-26,0.0028060759506058908,SCHW
2024-12-27,-0.00413064857271872,SCHW
2024-12-30,-0.010837537887947946,SCHW
2024-12-31,0.0010821294565730444,SCHW
2025-01-02,-0.0022970651727169944,SCHW
2025-01-03,0.008261113767668915,SCHW
2025-01-06,0.00040304110035438434,SCHW
2025-01-07,-0.02980667455214958,SCHW
2025-01-08,0.010240767255644823,SCHW
2025-01-10,-0.0031507309168985476,SCHW
2025-01-13,-0.001511515542546249,SCHW
2025-01-14,-0.0044041743475115025,SCHW
2025-01-15,0.01824726833069179,SCHW
2025-01-16,0.025115373094567683,SCHW
2025-01-17,0.011918971002744527,SCHW
2025-01-21,0.05915451415307027,SCHW
2025-01-22,-0.004077620533921911,SCHW
2025-01-23,0.0183623248753384,SCHW
2025-01-24,-0.0030458088989151477,SCHW
2025-01-27,0.008554282446276762,SCHW
2025-01-28,-0.010056971323534003,SCHW
2025-01-29,0.004406372384317514,SCHW
2025-01-30,0.018766767747314672,SCHW
2025-01-31,-0.010526283127748837,SCHW
2025-02-03,0.00036265448324690475,SCHW
2025-02-04,-0.011480325658515866,SCHW
2025-02-05,0.0008557419585903947,SCHW
2025-02-06,0.021619599165584535,SCHW
2025-02-07,-0.005499749974048784,SCHW
2025-02-10,-0.024164488204569068,SCHW
2025-02-11,0.02500922539226491,SCHW
2025-02-12,-0.011057670705416411,SCHW
2025-02-13,-0.008629060464343419,SCHW
2025-02-14,-0.015079114399109694,SCHW
2025-02-18,0.01418978181488062,SCHW
2025-02-19,0.006504648471541419,SCHW
2025-02-20,-0.0021948579500922216,SCHW
2025-02-21,-0.01698642745381107,SCHW
2025-02-24,-0.003978116423570599,SCHW
2025-02-25,-0.013979065254460576,SCHW
2025-02-26,-0.0037975069842760556,SCHW
2025-02-27,-0.0034307071605602646,SCHW
2025-02-28,0.014025225931925789,SCHW
2025-03-03,-0.017729109195986692,SCHW
2025-03-04,-0.03801844746905203,SCHW
2025-03-05,0.021157635470480773,SCHW
2025-03-06,-0.015376600703984167,SCHW
2025-03-07,-0.012308103960096073,SCHW
2025-03-10,-0.04542408568148759,SCHW
2025-03-11,0.01726562877339921,SCHW
2025-03-12,0.024147922871844196,SCHW
2025-03-13,-0.00956614218263585,SCHW
2025-03-14,0.04897290667261167,SCHW
2025-03-17,0.008559149623794005,SCHW
2025-03-18,-0.0027002583713159334,SCHW
2025-03-19,0.015085170644260959,SCHW
2025-03-20,-0.002032308589953624,SCHW
2025-03-21,-0.002290954637583331,SCHW
2025-03-24,0.020028061067079772,SCHW
2025-03-25,0.009879951532925313,SCHW
2025-03-26,-0.007554187125096701,SCHW
2025-03-27,-0.006738219611180818,SCHW
2025-03-28,-0.02248744911859879,SCHW
2025-03-31,0.006040370587972355,SCHW
2025-04-01,-0.007792547519978932,SCHW
2025-04-02,0.011844961898211492,SCHW
2025-04-03,-0.04733418710588577,SCHW
2025-04-04,-0.07760124181715111,SCHW
2025-04-07,0.014190608044868602,SCHW
2025-04-08,-0.0015705398188704534,SCHW
2025-04-09,0.07607607138006078,SCHW
2025-04-10,-0.01860467144025124,SCHW
2025-04-11,0.04211239911455622,SCHW
2025-04-14,-0.0005197624220789621,SCHW
2025-04-15,0.0035101960333892013,SCHW
2025-04-16,-0.019303089079380498,SCHW
2025-04-17,0.005944578543964685,SCHW
2025-04-21,-0.01575843143258382,SCHW
2025-04-22,0.02174789792103815,SCHW
2025-04-23,0.016583920249416906,SCHW
2025-04-24,0.019653163895763992,SCHW
2025-04-25,0.007054739321802783,SCHW
2025-04-28,0.0030022248741541357,SCHW
2025-04-29,0.013469715975855001,SCHW
2025-04-30,0.001722857321782234,SCHW
2025-05-01,0.001351358824196014,SCHW
2025-05-02,0.01962947407910698,SCHW
2025-05-05,0.003128409749982408,SCHW
2025-05-06,-0.006477160822085715,SCHW
2025-05-07,0.01424604948799324,SCHW
2025-05-08,0.004285211298623581,SCHW
2025-05-09,0.001185237298396924,SCHW
2025-05-12,0.010654688207324403,SCHW
2025-05-13,0.009956641053934234,SCHW
2025-05-14,0.010902371005540479,SCHW
2025-05-15,0.010899459710040915,SCHW
2025-05-16,0.006582701475847497,SCHW
2025-05-19,0.006088633449797154,SCHW
2025-05-20,-0.0005603838381333937,SCHW
2025-05-21,-0.017941225259541005,SCHW
2025-05-22,-0.003082944357340689,SCHW
2025-05-23,0.0010308552262272563,SCHW
2025-05-27,0.014073177414932525,SCHW
2025-05-28,-0.006543994354437199,SCHW
2025-05-29,-0.003293593475026668,SCHW
2025-05-30,0.006608867223588222,SCHW
2025-06-02,-0.0026035288326179407,SCHW
2025-06-03,-0.001248446369192746,SCHW
2025-06-04,-0.005909052762118283,SCHW
2025-06-05,-0.0027435469130562273,SCHW
2025-06-06,0.011577282908782793,SCHW
2025-06-09,-0.00045326816461577213,SCHW
2025-06-10,0.0006801673190846014,SCHW
2025-06-11,0.0014728094228686484,SCHW
2025-06-12,0.0011312044388576137,SCHW
2025-06-13,-0.012881349035575584,SCHW
2025-06-16,0.018429494037352168,SCHW
2025-06-17,-0.00011242144647893859,SCHW
2025-06-18,0.010679008401682122,SCHW
2025-06-20,-0.007785613937548064,SCHW
2025-06-23,-0.009303910319164554,SCHW
2025-06-24,0.010635918427457147,SCHW
2025-06-25,0.005373974010004501,SCHW
2025-06-26,-0.004008915346518038,SCHW
2025-06-27,0.006037577155491469,SCHW
2025-06-30,0.01400305023148074,SCHW
2025-07-01,-0.0007672040383948087,SCHW
2025-07-02,0.0018646284124115287,SCHW
2025-07-03,0.001532811743554685,SCHW
2025-07-07,0.012243059423790559,SCHW
2025-07-08,-0.007019455038766109,SCHW
2025-07-09,0.004023956050703381,SCHW
2025-07-10,0.007798973386949459,SCHW
2025-07-11,-0.011500426529398755,SCHW
2025-07-14,0.00793732432151728,SCHW
2025-07-15,-0.011758321184187404,SCHW
2025-07-16,-0.0038205269270737974,SCHW
2025-07-17,0.020162133408061056,SCHW
2025-07-18,0.029001123758205294,SCHW
2025-07-21,0.004697254007383078,SCHW
2025-07-22,-0.008935071276379825,SCHW
2025-07-23,-0.002515964622131772,SCHW
2025-07-24,0.014188107750622736,SCHW
2025-07-25,0.0058030835087434784,SCHW
2025-07-28,0.008757532710656601,SCHW
2025-07-29,0.0,SCHW
2025-07-30,0.006740843713912037,SCHW
2025-07-31,-0.008521825509701486,SCHW
2025-08-01,-0.022511045759425308,SCHW
2025-08-04,0.016434624881042748,SCHW
2025-08-05,-0.006797075623958371,SCHW
2025-08-06,0.0027996333080813063,SCHW
2025-08-07,-0.007444951168640079,SCHW
2025-08-08,0.01135539109847783,SCHW
2025-08-11,0.005665383312625227,SCHW
2025-08-12,0.010857371891928036,SCHW
2025-08-13,-0.031411551594156095,SCHW
2025-08-14,0.022910372688634162,SCHW
2025-08-15,-0.017079138778828717,SCHW
2025-08-18,0.0006242592676384273,SCHW
2025-08-19,-0.004263242596662886,SCHW
2025-08-20,-0.002610693341927317,SCHW
2025-08-21,0.003245707796672326,SCHW
2025-08-22,0.00010438464060036345,SCHW
2025-08-25,0.003756658702628757,SCHW
2025-08-26,0.010915847756661323,SCHW
2025-08-27,-0.0038049683804585177,SCHW
2025-08-28,0.0022710187371843826,SCHW
2025-08-29,-0.012874652870000891,SCHW
2025-09-02,0.0029216028734415644,SCHW
2025-09-03,0.0010403503044495999,SCHW
2025-09-04,0.014653876687038103,SCHW
2025-09-05,-0.05715450536351219,SCHW
2025-09-08,0.015209058664530373,SCHW
2025-09-09,0.0023542132465235177,SCHW
2025-09-10,-0.01526636418414995,SCHW
2025-09-11,0.01843023218785711,SCHW
2025-09-12,-0.004258053177382037,SCHW
2025-09-15,-0.015394509592817518,SCHW
2025-09-16,-0.011617803610766364,SCHW
2025-09-17,0.011644486134331666,SCHW
2025-09-18,0.01292216840839,SCHW
2025-09-19,0.011256465110405456,SCHW
2025-09-22,0.0010600919344854187,SCHW
2025-09-23,-0.005506688990637443,SCHW
2025-09-24,-0.016398688696342756,SCHW
2025-09-25,0.02609067837019219,SCHW
2025-09-26,0.007174512702402769,SCHW
2024-04-15,,SLV
2024-04-16,-0.023097334868456443,SLV
2024-04-17,0.001938028910378975,SLV
2024-04-18,0.00038685604387866945,SLV
2024-04-19,0.013147724074368039,SLV
2024-04-22,-0.048473298503109885,SLV
2024-04-23,0.002406717417084314,SLV
2024-04-24,-0.0036014467151739282,SLV
2024-04-25,0.006425696781659385,SLV
2024-04-26,-0.006783722263241976,SLV
2024-04-29,-0.002410585271743204,SLV
2024-04-30,-0.03141364031583482,SLV
2024-05-01,0.009147660194687601,SLV
2024-05-02,0.003708288046574859,SLV
2024-05-03,-0.005747179535684377,SLV
2024-05-06,0.035094979585777786,SLV
2024-05-07,-0.0059832317653055744,SLV
2024-05-08,0.0012038798777551651,SLV
2024-05-09,0.036472938660740084,SLV
2024-05-10,-0.0034802842406687073,SLV
2024-05-13,0.0011640969640664967,SLV
2024-05-14,0.012790695095526328,SLV
2024-05-15,0.037887551100776795,SLV
2024-05-16,-0.002212439949640932,SLV
2024-05-17,0.0639320577874487,SLV
2024-05-20,0.006599465809899119,SLV
2024-05-21,0.010006933061012857,SLV
2024-05-22,-0.035872945951071045,SLV
2024-05-23,-0.023742030212484222,SLV
2024-05-24,0.0068965713001554185,SLV
2024-05-28,0.05407354046057855,SLV
2024-05-29,-0.002393970429964254,SLV
2024-05-30,-0.025711347207349355,SLV
2024-05-31,-0.023223076905008022,SLV
2024-06-03,0.004682966847793679,SLV
2024-06-04,-0.031193938720833092,SLV
2024-06-05,0.014063625252730638,SLV
2024-06-06,0.04124091546888309,SLV
2024-06-07,-0.0651945518957594,SLV
2024-06-10,0.016872919447024737,SLV
2024-06-11,-0.015118058336031082,SLV
2024-06-12,0.011980592030752968,SLV
2024-06-13,-0.022197571817531014,SLV
2024-06-14,0.02194475660268802,SLV
2024-06-17,-0.0033321048435850376,SLV
2024-06-18,0.0014858472535419498,SLV
2024-06-20,0.038575702924497524,SLV
2024-06-21,-0.03642858777727398,SLV
2024-06-24,0.0007413068236847842,SLV
2024-06-25,-0.022222236350730618,SLV
2024-06-26,-0.0034090967381953385,SLV
2024-06-27,0.005321220062292298,SLV
2024-06-28,0.0045368214904895066,SLV
2024-07-01,0.010538226942473417,SLV
2024-07-02,0.004469233898692249,SLV
2024-07-03,0.03225809645470057,SLV
2024-07-05,0.022988483697581552,SLV
2024-07-08,-0.012289339434527369,SLV
2024-07-09,-0.0003554326993066015,SLV
2024-07-10,0.0014224397932058874,SLV
2024-07-11,0.01846592544678094,SLV
2024-07-12,-0.019525783123556018,SLV
2024-07-15,-0.003200574320834315,SLV
2024-07-16,0.02069211236168056,SLV
2024-07-17,-0.032855662845302724,SLV
2024-07-18,-0.01698588045025562,SLV
2024-07-19,-0.01875000788884984,SLV
2024-07-22,-0.0022480843795582572,SLV
2024-07-23,0.0018776247084095754,SLV
2024-07-24,-0.009370314735397511,SLV
2024-07-25,-0.03859252538729352,SLV
2024-07-26,0.0027548089431157496,SLV
2024-07-29,-0.0015698198154363574,SLV
2024-07-30,0.015330164365614962,SLV
2024-07-31,0.021680196190338785,SLV
2024-08-01,-0.013641482051118925,SLV
2024-08-02,0.00038418089197223004,SLV
2024-08-05,-0.04531491027990564,SLV
2024-08-06,-0.008849606407954735,SLV
2024-08-07,-0.012581147468397114,SLV
2024-08-08,0.027949046745093575,SLV
2024-08-09,-0.00039984921192792733,SLV
2024-08-12,0.019599990844726634,SLV
2024-08-13,-0.002746163022862569,SLV
2024-08-14,-0.01140837587163468,SLV
2024-08-15,0.0290490041370417,SLV
2024-08-16,0.02204175101976036,SLV
2024-08-19,0.015134302455983795,SLV
2024-08-20,0.0014909025583709212,SLV
2024-08-21,0.0029772951696096506,SLV
2024-08-22,-0.020779271147966183,SLV
2024-08-23,0.030693497234741907,SLV
2024-08-26,0.004411725313194337,SLV
2024-08-27,0.0014641623709432672,SLV
2024-08-28,-0.024488306335799348,SLV
2024-08-29,0.004496025833032213,SLV
2024-08-30,-0.017157743141957504,SLV
2024-09-03,-0.029222028334586425,SLV
2024-09-04,0.003909319068333916,SLV
2024-09-05,0.02141741551886578,SLV
2024-09-06,-0.028593214376246068,SLV
2024-09-09,0.014521226290450828,SLV
2024-09-10,0.003481630609661668,SLV
2024-09-11,0.00693910182998847,SLV
2024-09-12,0.04402754906511808,SLV
2024-09-13,0.027502749813356875,SLV
2024-09-16,0.0017844124283978857,SLV
2024-09-17,-0.0039187962788558295,SLV
2024-09-18,-0.025751049246433566,SLV
2024-09-19,0.031204125866805654,SLV
2024-09-20,0.011391943506085633,SLV
2024-09-23,-0.015135526486634299,SLV
2024-09-24,0.05003572699909986,SLV
2024-09-25,-0.010891753028078321,SLV
2024-09-26,0.006882338837405966,SLV
2024-09-27,-0.013670526842150976,SLV
2024-09-30,-0.015592541698632001,SLV
2024-10-01,0.005983811235726888,SLV
2024-10-02,0.014695594031320258,SLV
2024-10-03,0.007931018697804326,SLV
2024-10-04,0.004447522071541199,SLV
2024-10-07,-0.014645786656563464,SLV
2024-10-08,-0.03180090102278188,SLV
2024-10-09,-0.005355216612087155,SLV
2024-10-10,0.018664699893144565,SLV
2024-10-11,0.01479915745996796,SLV
2024-10-14,-0.009027719736833584,SLV
2024-10-15,0.005956487858864268,SLV
2024-10-16,0.0069662406589074966,SLV
2024-10-17,-0.0006918179823325321,SLV
2024-10-18,0.060574594564617446,SLV
2024-10-21,0.006853818407458467,SLV
2024-10-22,0.028849250523284242,SLV
2024-10-23,-0.03245118758894128,SLV
2024-10-24,-0.0006512064803397832,SLV
2024-10-25,-0.001955078926259124,SLV
2024-10-28,0.003264785641842849,SLV
2024-10-29,0.021477379018668197,SLV
2024-10-30,-0.01847721997399343,SLV
2024-10-31,-0.03245699504491739,SLV
2024-11-01,-0.009057314835698271,SLV
2024-11-04,0.0030466568195652854,SLV
2024-11-05,0.004049977814116534,SLV
2024-11-06,-0.044369737641150264,SLV
2024-11-07,0.02391840653803956,SLV
2024-11-08,-0.0216420836450002,SLV
2024-11-11,-0.017907311695194994,SLV
2024-11-12,0.003575272932594631,SLV
2024-11-13,-0.01638756998481461,SLV
2024-11-14,0.007243710654458946,SLV
2024-11-15,-0.008629981148042809,SLV
2024-11-18,0.029379741563597017,SLV
2024-11-19,0.004228359506059931,SLV
2024-11-20,-0.014035074334395548,SLV
2024-11-21,-0.0021352122821304276,SLV
2024-11-22,0.015335177738494021,SLV
2024-11-25,-0.02950474790471347,SLV
2024-11-26,0.006152735485252414,SLV
2024-11-27,-0.012589873515338357,SLV
2024-11-29,0.017122014582565903,SLV
2024-12-02,-0.004656130387226565,SLV
2024-12-03,0.017632232996595,SLV
2024-12-04,0.008840169516617369,SLV
2024-12-05,0.0010514818988740515,SLV
2024-12-06,-0.010854323240168662,SLV
2024-12-09,0.025840691760578016,SLV
2024-12-10,0.00034507346583145804,SLV
2024-12-11,0.0017247721560520457,SLV
2024-12-12,-0.028925624177193243,SLV
2024-12-13,-0.01595747343137821,SLV
2024-12-16,0.0018017743084881577,SLV
2024-12-17,0.00035972047324750456,SLV
2024-12-18,-0.03451992459217135,SLV
2024-12-19,-0.012290499777191877,SLV
2024-12-20,0.01508294161485102,SLV
2024-12-23,0.0026002858330547163,SLV
2024-12-24,0.0011115482363808216,SLV
2024-12-26,0.004441115094440562,SLV
2024-12-27,-0.01400144323184982,SLV
2024-12-30,-0.012331835608502262,SLV
2024-12-31,-0.003783593655507622,SLV
2025-01-02,0.02278770919894768,SLV
2025-01-03,0.001856637077383816,SLV
2025-01-06,0.00963677662317286,SLV
2025-01-07,0.003303970387081856,SLV
2025-01-08,0.0025612768027671873,SLV
2025-01-10,0.0076642698812035,SLV
2025-01-13,-0.023542249601950616,SLV
2025-01-14,0.008902139711311152,SLV
2025-01-15,0.027941113978523058,SLV
2025-01-16,0.0028612959110974057,SLV
2025-01-17,-0.015335245760911054,SLV
2025-01-21,0.015574078075701436,SLV
2025-01-22,0.0003565735095132361,SLV
2025-01-23,-0.009982131440735675,SLV
2025-01-24,0.00504138953333344,SLV
2025-01-27,-0.016123280738074897,SLV
2025-01-28,0.006190826000066041,SLV
2025-01-29,0.013391272185009129,SLV
2025-01-30,0.02571426119123177,SLV
2025-01-31,-0.007311946013000337,SLV
2025-02-03,0.005612060544637254,SLV
2025-02-04,0.019183789173245147,SLV
2025-02-05,0.004449044187890161,SLV
2025-02-06,0.0010221049031335916,SLV
2025-02-07,-0.011912814299480101,SLV
2025-02-10,0.005856013512674396,SLV
2025-02-11,-0.0068493410175966,SLV
2025-02-12,0.011724143192685776,SLV
2025-02-13,0.0040899431240861706,SLV
2025-02-14,-0.005091636903998831,SLV
2025-02-18,0.020470842456579152,SLV
2025-02-19,-0.0033433761945799167,SLV
2025-02-20,0.004696454193399813,SLV
2025-02-21,-0.012020053461802682,SLV
2025-02-24,-0.005069267244229958,SLV
2025-02-25,-0.020720129051828073,SLV
2025-02-26,0.0038154911773382594,SLV
2025-02-27,-0.018659326384318886,SLV
2025-02-28,-0.0031690194998864607,SLV
2025-03-03,0.015542230390606315,SLV
2025-03-04,0.008695652173912993,SLV
2025-03-05,0.026551739922885176,SLV
2025-03-06,-0.0026872664587141992,SLV
2025-03-07,-0.003368150207845755,SLV
2025-03-10,-0.016221680965228025,SLV
2025-03-11,0.029199534740608435,SLV
2025-03-12,0.00867824555497343,SLV
2025-03-13,0.017207163123060587,SLV
2025-03-14,-0.0009759494752402675,SLV
2025-03-17,0.0032562808352634143,SLV
2025-03-18,0.001298309517063112,SLV
2025-03-19,-0.0032415034111245022,SLV
2025-03-20,-0.008130081300813052,SLV
2025-03-21,-0.015737689909387842,SLV
2025-03-24,-0.001998713270355723,SLV
2025-03-25,0.02069428765619441,SLV
2025-03-26,-0.00163503064700099,SLV
2025-03-27,0.025876154287945097,SLV
2025-03-28,-0.010217104021144063,SLV
2025-03-31,-0.0003225880284463134,SLV
2025-04-01,-0.011616670313340016,SLV
2025-04-02,0.0042442400155775495,SLV
2025-04-03,-0.060793264802305735,SLV
2025-04-04,-0.06265141932093365,SLV
2025-04-07,0.0022156375964337283,SLV
2025-04-08,0.0,SLV
2025-04-09,0.03389830865821053,SLV
2025-04-10,0.007840385776562542,SLV
2025-04-11,0.032178211644875665,SLV
2025-04-14,0.006509031285809819,SLV
2025-04-15,0.0010211261913706249,SLV
2025-04-16,0.01190072707533596,SLV
2025-04-17,-0.007056484885960668,SLV
2025-04-21,0.008121884421770087,SLV
2025-04-22,-0.009734840772569031,SLV
2025-04-23,0.03593218528618247,SLV
2025-04-24,0.0,SLV
2025-04-25,-0.01668848945662471,SLV
2025-04-28,0.004658945109869084,SLV
2025-04-29,-0.011924498310142195,SLV
2025-04-30,-0.007710343373267925,SLV
2025-05-01,-0.007094628010638648,SLV
2025-05-02,-0.009186749099087677,SLV
2025-05-05,0.012362592466615085,SLV
2025-05-06,0.02510175653354252,SLV
2025-05-07,-0.024156173356156718,SLV
2025-05-08,-0.0010173172898729765,SLV
2025-05-09,0.01154107817902461,SLV
2025-05-12,-0.005704700692828357,SLV
2025-05-13,0.010124912349184667,SLV
2025-05-14,-0.02271968921624734,SLV
2025-05-15,0.012307713174412482,SLV
2025-05-16,-0.010469482164841337,SLV
2025-05-19,0.0040955918893545995,SLV
2025-05-20,0.024133211510245944,SLV
2025-05-21,0.012612050404901654,SLV
2025-05-22,-0.015732531584249032,SLV
2025-05-23,0.01398601620681017,SLV
2025-05-27,-0.0072249988568435786,SLV
2025-05-28,-0.008269930657812563,SLV
2025-05-29,0.01067377250534629,SLV
2025-05-30,-0.009900965168791576,SLV
2025-06-02,0.053000005086263124,SLV
2025-06-03,-0.004748325983087609,SLV
2025-06-04,-0.0031806736568404936,SLV
2025-06-05,0.03541801547374601,SLV
2025-06-06,0.0073959278313369126,SLV
2025-06-09,0.021413300469444563,SLV
2025-06-10,-0.004791849366182155,SLV
2025-06-11,-0.008426084356124908,SLV
2025-06-12,0.0033384099485449514,SLV
2025-06-13,-0.002722327551401782,SLV
2025-06-16,0.001819762098039357,SLV
2025-06-17,0.021495698619733217,SLV
2025-06-18,-0.013930088835860555,SLV
2025-06-20,-0.016531386519178848,SLV
2025-06-23,0.0073348977633189705,SLV
2025-06-24,-0.010618886038925246,SLV
2025-06-25,0.012266105602422694,SLV
2025-06-26,0.00999702659298296,SLV
2025-06-27,-0.021595717378760648,SLV
2025-06-30,0.005824722490120227,SLV
2025-07-01,-0.002438336717651368,SLV
2025-07-02,0.015582100316632763,SLV
2025-07-03,0.008122642281372494,SLV
2025-07-07,-0.0023872879846137396,SLV
2025-07-08,-0.004187836924032684,SLV
2025-07-09,-0.008711351984135307,SLV
2025-07-10,0.022727272727272707,SLV
2025-07-11,0.03792588975694455,SLV
2025-07-14,-0.011418718958621343,SLV
2025-07-15,-0.010684456689858512,SLV
2025-07-16,0.004378328465492798,SLV
2025-07-17,0.006974765461524646,SLV
2025-07-18,-0.0011544275257092673,SLV
2025-07-21,0.021381041627263286,SLV
2025-07-22,0.010466839110414794,SLV
2025-07-23,-0.0008399382130129807,SLV
2025-07-24,-0.005603725299460183,SLV
2025-07-25,-0.023386920028191538,SLV
2025-07-28,-0.0005770472548102257,SLV
2025-07-29,0.0005773804306026253,SLV
2025-07-30,-0.03317950175827167,SLV
2025-07-31,-0.005669908571343973,SLV
2025-08-01,0.008103255109141339,SLV
2025-08-04,0.011610580169002738,SLV
2025-08-05,0.010888726806039806,SLV
2025-08-06,0.0,SLV
2025-08-07,0.011935949508731447,SLV
2025-08-08,0.0034523231408700727,SLV
2025-08-11,-0.02006882859815462,SLV
2025-08-12,0.006729067881298345,SLV
2025-08-13,0.01714618294693948,SLV
2025-08-14,-0.014285714285714235,SLV
2025-08-15,0.0,SLV
2025-08-18,0.001449253248131832,SLV
2025-08-19,-0.0196816301068502,SLV
2025-08-20,0.01653384679513037,SLV
2025-08-21,0.005228007655542211,SLV
2025-08-22,0.021092156294790554,SLV
2025-08-25,-0.009054886628255598,SLV
2025-08-26,0.0,SLV
2025-08-27,-0.0008566184724371206,SLV
2025-08-28,0.015147149296167228,SLV
2025-08-29,0.018862560819558505,SLV
2025-09-02,0.02652674594083626,SLV
2025-09-03,0.005114363900540653,SLV
2025-09-04,-0.010980177979021621,SLV
2025-09-05,0.007581878607719084,SLV
2025-09-08,0.008062328525714202,SLV
2025-09-09,-0.008797601469578864,SLV
2025-09-10,0.0061861092078665525,SLV
2025-09-11,0.010157740434781681,SLV
2025-09-12,0.014554094303674825,SLV
2025-09-15,0.010954568786483598,SLV
2025-09-16,-0.004127963218285791,SLV
2025-09-17,-0.020984393539207113,SLV
2025-09-18,0.005292425458959915,SLV
2025-09-19,0.027638831025788013,SLV
2025-09-22,0.02561475349766895,SLV
2025-09-23,-0.0019980476829525307,SLV
2025-09-24,-0.0035034883097091463,SLV
2025-09-25,0.03038671757272593,SLV
2025-09-26,0.020229145887118438,SLV
2024-04-15,,SPY
2024-04-16,-0.0018237950351298604,SPY
2024-04-17,-0.00591823921822443,SPY
2024-04-18,-0.00205773410131993,SPY
2024-04-19,-0.00872835011101658,SPY
2024-04-22,0.00920913952029423,SPY
2024-04-23,0.011866630635747333,SPY
2024-04-24,-0.00047461729906428385,SPY
2024-04-25,-0.003798922486342393,SPY
2024-04-26,0.009473911346339792,SPY
2024-04-29,0.0035414704253415863,SPY
2024-04-30,-0.015841247325688257,SPY
2024-05-01,-0.0032471509764099293,SPY
2024-05-02,0.009353437830903255,SPY
2024-05-03,0.012395322615995186,SPY
2024-05-06,0.010326817835387025,SPY
2024-05-07,0.0011034464179817682,SPY
2024-05-08,9.666200942248793e-05,SPY
2024-05-09,0.005761867891264316,SPY
2024-05-10,0.0012881249732326072,SPY
2024-05-13,0.0001342951490974631,SPY
2024-05-14,0.004588152985457228,SPY
2024-05-15,0.012383033929039389,SPY
2024-05-16,-0.002057508390634233,SPY
2024-05-17,0.0014375338328991294,SPY
2024-05-20,0.0011521113183465825,SPY
2024-05-21,0.0024525295229904653,SPY
2024-05-22,-0.0028793441431358424,SPY
2024-05-23,-0.007304220207159928,SPY
2024-05-24,0.006616435324681147,SPY
2024-05-28,0.0006988423909817243,SPY
2024-05-29,-0.007002551838871107,SPY
2024-05-30,-0.0066337015706721125,SPY
2024-05-31,0.009108149287317735,SPY
2024-06-03,0.0008153529396106585,SPY
2024-06-04,0.0011178985773303562,SPY
2024-06-05,0.011885100186643571,SPY
2024-06-06,-1.8721390661391446e-05,SPY
2024-06-07,-0.0012156574487586225,SPY
2024-06-10,0.003089761144422054,SPY
2024-06-11,0.0024083170801936227,SPY
2024-06-12,0.008213005017738695,SPY
2024-06-13,0.002013497275312748,SPY
2024-06-14,0.0006083824913212244,SPY
2024-06-17,0.007958926371441244,SPY
2024-06-18,0.0025406958699802917,SPY
2024-06-20,-0.002716531314889248,SPY
2024-06-21,-0.004552084523537503,SPY
2024-06-24,-0.003250664817000981,SPY
2024-06-25,0.0038508805193555595,SPY
2024-06-26,0.0012480822540090752,SPY
2024-06-27,0.0015764795075565718,SPY
2024-06-28,-0.003935107039692687,SPY
2024-07-01,0.00205809454382333,SPY
2024-07-02,0.006729714910746587,SPY
2024-07-03,0.004462600250361826,SPY
2024-07-05,0.005766497205737409,SPY
2024-07-08,0.0011539280101222626,SPY
2024-07-09,0.000972442729531453,SPY
2024-07-10,0.009895289711641775,SPY
2024-07-11,-0.008622580332635743,SPY
2024-07-12,0.006307522083127459,SPY
2024-07-15,0.002750118911688748,SPY
2024-07-16,0.005930147776526118,SPY
2024-07-17,-0.014021143496696697,SPY
2024-07-18,-0.007684901925006371,SPY
2024-07-19,-0.0066405802636198,SPY
2024-07-22,0.01030990415193389,SPY
2024-07-23,-0.0015685478750434578,SPY
2024-07-24,-0.022662516096977336,SPY
2024-07-25,-0.005210367913795921,SPY
2024-07-26,0.011199698366761712,SPY
2024-07-29,0.0005877733502015481,SPY
2024-07-30,-0.005066469116946526,SPY
2024-07-31,0.01625460804168588,SPY
2024-08-01,-0.014160940846283387,SPY
2024-08-02,-0.01861841433811906,SPY
2024-08-05,-0.0291236982927795,SPY
2024-08-06,0.00921956682947278,SPY
2024-08-07,-0.0066840009697359815,SPY
2024-08-08,0.023117363765007726,SPY
2024-08-09,0.004409621620005133,SPY
2024-08-12,0.000525393163109511,SPY
2024-08-13,0.016445624495827982,SPY
2024-08-14,0.0031547893918812964,SPY
2024-08-15,0.017140243354885065,SPY
2024-08-16,0.0022420131591913695,SPY
2024-08-19,0.009561414761256382,SPY
2024-08-20,-0.0016260845380726696,SPY
2024-08-21,0.003436518468241667,SPY
2024-08-22,-0.007848497114596786,SPY
2024-08-23,0.010625354160183287,SPY
2024-08-26,-0.002383837980234005,SPY
2024-08-27,0.0013730978823098816,SPY
2024-08-28,-0.005805274200081922,SPY
2024-08-29,8.953572284031708e-05,SPY
2024-08-30,0.009546014727143781,SPY
2024-09-03,-0.020579008899841544,SPY
2024-09-04,-0.0020468135919301522,SPY
2024-09-05,-0.0024322113182296823,SPY
2024-09-06,-0.01683011634892906,SPY
2024-09-09,0.011196217256969065,SPY
2024-09-10,0.0043557127427886755,SPY
2024-09-11,0.010258942597767273,SPY
2024-09-12,0.008423296578884854,SPY
2024-09-13,0.005222741901835137,SPY
2024-09-16,0.0014768724318450221,SPY
2024-09-17,0.00040860716682655784,SPY
2024-09-18,-0.0029658530705484187,SPY
2024-09-19,0.01706440263283948,SPY
2024-09-20,-0.004781219240837187,SPY
2024-09-23,0.0024988700574681832,SPY
2024-09-24,0.0028613143253319873,SPY
2024-09-25,-0.0022055133774685487,SPY
2024-09-26,0.003964651345061521,SPY
2024-09-27,-0.0014503182029491635,SPY
2024-09-30,0.0040072780371684935,SPY
2024-10-01,-0.0089584749040581,SPY
2024-10-02,0.00042205732551758857,SPY
2024-10-03,-0.0018281792604923908,SPY
2024-10-04,0.009087339434985742,SPY
2024-10-07,-0.009040442689714157,SPY
2024-10-08,0.009457547081078044,SPY
2024-10-09,0.006926447400689373,SPY
2024-10-10,-0.0017500255397128184,SPY
2024-10-11,0.005988252959907792,SPY
2024-10-14,0.008178318945803564,SPY
2024-10-15,-0.0077696775233381254,SPY
2024-10-16,0.00434640444437151,SPY
2024-10-17,8.584543021927793e-05,SPY
2024-10-18,0.0038465722734466468,SPY
2024-10-21,-0.0016422140791901851,SPY
2024-10-22,-0.0005311542518380286,SPY
2024-10-23,-0.009137380893711078,SPY
2024-10-24,0.0021626672107126765,SPY
2024-10-25,-0.00034530110213959464,SPY
2024-10-28,0.003091391148152267,SPY
2024-10-29,0.0016183778622804734,SPY
2024-10-30,-0.0030252672130528513,SPY
2024-10-31,-0.01960310154264744,SPY
2024-11-01,0.004220532001058652,SPY
2024-11-04,-0.0021539305759273875,SPY
2024-11-05,0.012091775640930225,SPY
2024-11-06,0.024865554910313614,SPY
2024-11-07,0.0077321458684938005,SPY
2024-11-08,0.004331722357409529,SPY
2024-11-11,0.0009528867448342915,SPY
2024-11-12,-0.003106395419244068,SPY
2024-11-13,0.000485806693723001,SPY
2024-11-14,-0.006430159312396544,SPY
2024-11-15,-0.012808588351979733,SPY
2024-11-18,0.004097352819568911,SPY
2024-11-19,0.003655467635231613,SPY
2024-11-20,0.000338831460557909,SPY
2024-11-21,0.005368302980789608,SPY
2024-11-22,0.003099410292649374,SPY
2024-11-25,0.003392083253218603,SPY
2024-11-26,0.005221486727384761,SPY
2024-11-27,-0.0030300628489846604,SPY
2024-11-29,0.006212064520751737,SPY
2024-12-02,0.0017924107737512518,SPY
2024-12-03,0.000463807728996235,SPY
2024-12-04,0.006209534809425099,SPY
2024-12-05,-0.00164565718361398,SPY
2024-12-06,0.0018956655539701384,SPY
2024-12-09,-0.005149643631043976,SPY
2024-12-10,-0.003109090602606557,SPY
2024-12-11,0.007730647435394422,SPY
2024-12-12,-0.005152610492206833,SPY
2024-12-13,-0.00019855892276432474,SPY
2024-12-16,0.004269965675617771,SPY
2024-12-17,-0.004120041679210651,SPY
2024-12-18,-0.029803487374158943,SPY
2024-12-19,-0.0003071121340316729,SPY
2024-12-20,0.008616360754965635,SPY
2024-12-23,0.005988290418921238,SPY
2024-12-24,0.011115010046286677,SPY
2024-12-26,6.658749927290764e-05,SPY
2024-12-27,-0.010526518786625139,SPY
2024-12-30,-0.01141163837760406,SPY
2024-12-31,-0.0036380159121820466,SPY
2025-01-02,-0.0024570065510107764,SPY
2025-01-03,0.012503416419400448,SPY
2025-01-06,0.005760576187535671,SPY
2025-01-07,-0.011304052395755049,SPY
2025-01-08,0.0014609947580461746,SPY
2025-01-10,-0.015267434815002923,SPY
2025-01-13,0.0015504563889190415,SPY
2025-01-14,0.0013759916283606621,SPY
2025-01-15,0.018189984044830076,SPY
2025-01-16,-0.0019231664227786771,SPY
2025-01-17,0.010039892999691435,SPY
2025-01-21,0.00915353684308795,SPY
2025-01-22,0.005621448830210873,SPY
2025-01-23,0.005458079192118603,SPY
2025-01-24,-0.0029192772396473554,SPY
2025-01-27,-0.01414539533258774,SPY
2025-01-28,0.008592396109277312,SPY
2025-01-29,-0.0044829317228528565,SPY
2025-01-30,0.005367110021191612,SPY
2025-01-31,-0.00532191395620385,SPY
2025-02-03,-0.006729566554251942,SPY
2025-02-04,0.006708281838506247,SPY
2025-02-05,0.004054540342757651,SPY
2025-02-06,0.003475616038725038,SPY
2025-02-07,-0.009153562023232031,SPY
2025-02-10,0.0067912111491030824,SPY
2025-02-11,0.000760555495121995,SPY
2025-02-12,-0.0032215099947072723,SPY
2025-02-13,0.010557536581541571,SPY
2025-02-14,-4.9150054415414424e-05,SPY
2025-02-18,0.0029358340027980656,SPY
2025-02-19,0.0023549076262954216,SPY
2025-02-20,-0.00416032470826988,SPY
2025-02-21,-0.017104102948802602,SPY
2025-02-24,-0.004550422471648163,SPY
2025-02-25,-0.004973177992678157,SPY
2025-02-26,0.0005048259926943022,SPY
2025-02-27,-0.01596190430433686,SPY
2025-02-28,0.015605512474676564,SPY
2025-03-03,-0.017519898469909534,SPY
2025-03-04,-0.011836911709231068,SPY
2025-03-05,0.010747863198125485,SPY
2025-03-06,-0.017751133038238276,SPY
2025-03-07,0.005604862520902865,SPY
2025-03-10,-0.02663558528182819,SPY
2025-03-11,-0.008312879584754462,SPY
2025-03-12,0.005306541044969082,SPY
2025-03-13,-0.01333049237232553,SPY
2025-03-14,0.020655788693630495,SPY
2025-03-17,0.007711353519474162,SPY
2025-03-18,-0.010808436249554187,SPY
2025-03-19,0.010890850841058342,SPY
2025-03-20,-0.0028917790177164227,SPY
2025-03-21,-0.0026702678945725866,SPY
2025-03-24,0.017908502022889516,SPY
2025-03-25,0.0024038545877420603,SPY
2025-03-26,-0.011938266525687413,SPY
2025-03-27,-0.0026557092004866334,SPY
2025-03-28,-0.020138328985595644,SPY
2025-03-31,0.0067128130226792315,SPY
2025-04-01,0.0028244266313557365,SPY
2025-04-02,0.006328411525621025,SPY
2025-04-03,-0.04928081620084812,SPY
2025-04-04,-0.058542971330535654,SPY
2025-04-07,-0.0017811785518102585,SPY
2025-04-08,-0.0156627816725603,SPY
2025-04-09,0.10501930183911301,SPY
2025-04-10,-0.04381899719533322,SPY
2025-04-11,0.017842817199724692,SPY
2025-04-14,0.009701450822369617,SPY
2025-04-15,-0.0028008788011967267,SPY
2025-04-16,-0.02222803246337901,SPY
2025-04-17,0.001426777837987947,SPY
2025-04-21,-0.023802680232045126,SPY
2025-04-22,0.02601773758493775,SPY
2025-04-23,0.015495463082325855,SPY
2025-04-24,0.02104893334386637,SPY
2025-04-25,0.00722532365580375,SPY
2025-04-28,0.00038130345037501456,SPY
2025-04-29,0.006299413437552026,SPY
2025-04-30,0.000396829809890642,SPY
2025-05-01,0.007086942026725218,SPY
2025-05-02,0.014844198430334021,SPY
2025-05-05,-0.005734349537724115,SPY
2025-05-06,-0.008358364343191038,SPY
2025-05-07,0.0042055058561747405,SPY
2025-05-08,0.0069677857514378605,SPY
2025-05-09,-0.0012741491279434358,SPY
2025-05-12,0.03304738719814848,SPY
2025-05-13,0.006603949785734642,SPY
2025-05-14,0.0012780314322096142,SPY
2025-05-15,0.004884349607746863,SPY
2025-05-16,0.00633402786844095,SPY
2025-05-19,0.0010938461217664397,SPY
2025-05-20,-0.0033621922872737464,SPY
2025-05-21,-0.016850789652983478,SPY
2025-05-22,0.00039467712604679406,SPY
2025-05-23,-0.006825775301577575,SPY
2025-05-27,0.02079059136787431,SPY
2025-05-28,-0.005785407771406903,SPY
2025-05-29,0.003947403401760141,SPY
2025-05-30,-0.0011185037847383228,SPY
2025-06-02,0.005632954820585345,SPY
2025-06-03,0.005702628195088044,SPY
2025-06-04,-0.0002684731709600152,SPY
2025-06-05,-0.004832790626766448,SPY
2025-06-06,0.010268994150278488,SPY
2025-06-09,0.0009012551559597348,SPY
2025-06-10,0.005669731282665458,SPY
2025-06-11,-0.0028520788113346462,SPY
2025-06-12,0.003974349319302073,SPY
2025-06-13,-0.011180124223602483,SPY
2025-06-16,0.00951422558757331,SPY
2025-06-17,-0.008545104270081039,SPY
2025-06-18,-0.00015066498929716676,SPY
2025-06-20,-0.005289189092826385,SPY
2025-06-23,0.00987749011881256,SPY
2025-06-24,0.011047245877038092,SPY
2025-06-25,0.0005602785258216336,SPY
2025-06-26,0.007823824018649228,SPY
2025-06-27,0.004968339764334306,SPY
2025-06-30,0.004781191670012452,SPY
2025-07-01,-0.00032362414789344207,SPY
2025-07-02,0.004533291803274775,SPY
2025-07-03,0.00788139987465386,SPY
2025-07-07,-0.007452000479036269,SPY
2025-07-08,-0.0005477312372305088,SPY
2025-07-09,0.005996663994070728,SPY
2025-07-10,0.002820257303000284,SPY
2025-07-11,-0.0035154072757080934,SPY
2025-07-14,0.0019082172648787754,SPY
2025-07-15,-0.004273271747553764,SPY
2025-07-16,0.0033432282214846953,SPY
2025-07-17,0.006119649327969823,SPY
2025-07-18,-0.0007323752525193461,SPY
2025-07-21,0.0018961764380651669,SPY
2025-07-22,0.00014308223598114012,SPY
2025-07-23,0.008507516372031176,SPY
2025-07-24,0.0003310590028946514,SPY
2025-07-25,0.004224319453948855,SPY
2025-07-28,-0.0002510958258695739,SPY
2025-07-29,-0.002637599568784843,SPY
2025-07-30,-0.0012593076546151272,SPY
2025-07-31,-0.003751229077306739,SPY
2025-08-01,-0.01639040328219421,SPY
2025-08-04,0.01519978873502148,SPY
2025-08-05,-0.0050699689365404366,SPY
2025-08-06,0.007659695237280717,SPY
2025-08-07,-0.0008376201402309214,SPY
2025-08-08,0.007797536853746623,SPY
2025-08-11,-0.0019774785462639555,SPY
2025-08-12,0.010646024206171889,SPY
2025-08-13,0.0034231312120525104,SPY
2025-08-14,9.303533506632711e-05,SPY
2025-08-15,-0.002341281862229483,SPY
2025-08-18,-0.00021760326977848798,SPY
2025-08-19,-0.005425136484688009,SPY
2025-08-20,-0.0026570578976855552,SPY
2025-08-21,-0.004011843753210287,SPY
2025-08-22,0.015356793254796441,SPY
2025-08-25,-0.0044010272058598865,SPY
2025-08-26,0.004186969919329098,SPY
2025-08-27,0.0022785538462906096,SPY
2025-08-28,0.003541403909580021,SPY
2025-08-29,-0.0059637477949624484,SPY
2025-09-02,-0.007410229210411012,SPY
2025-09-03,0.005419542688669621,SPY
2025-09-04,0.008357419089116691,SPY
2025-09-05,-0.002896236284437803,SPY
2025-09-08,0.002456626412859597,SPY
2025-09-09,0.002311853583358836,SPY
2025-09-10,0.0028908474672986184,SPY
2025-09-11,0.008310180352278485,SPY
2025-09-12,-0.00033458287585352853,SPY
2025-09-15,0.005323922883704979,SPY
2025-09-16,-0.0013768488621856978,SPY
2025-09-17,-0.0012424353397253451,SPY
2025-09-18,0.004672497836806455,SPY
2025-09-19,0.0021743762573189773,SPY
2025-09-22,0.004731075170536503,SPY
2025-09-23,-0.005443591771073009,SPY
2025-09-24,-0.0031815658943793457,SPY
2025-09-25,-0.004613504621998388,SPY
2025-09-26,0.0057290777314567,SPY
2024-04-15,,T
2024-04-16,-0.009236429842630844,T
2024-04-17,0.001864554776942251,T
2024-04-18,0.013027237812640369,T
2024-04-19,0.011022676424785383,T
2024-04-22,-0.012113916424397186,T
2024-04-23,0.011649328036727802,T
2024-04-24,0.018787846420750487,T
2024-04-25,-0.013682305148332352,T
2024-04-26,0.010253321898444634,T
2024-04-29,0.016119430314249117,T
2024-04-30,-0.007638135406508484,T
2024-05-01,0.0017762396524356738,T
2024-05-02,-0.005910188003476091,T
2024-05-03,0.001783631818658149,T
2024-05-06,0.008308568930502691,T
2024-05-07,0.0052972427192661264,T
2024-05-08,0.001756480490604062,T
2024-05-09,0.004091156769560289,T
2024-05-10,-0.0005820854891849248,T
2024-05-13,0.0052417095042505135,T
2024-05-14,0.0023174396088232463,T
2024-05-15,0.0017341438132112419,T
2024-05-16,-0.001731141764430677,T
2024-05-17,0.005780369125999885,T
2024-05-20,0.006896600107140438,T
2024-05-21,-0.014269406019862152,T
2024-05-22,0.013317865439484322,T
2024-05-23,-0.0017143249511718528,T
2024-05-24,0.00171726890810886,T
2024-05-28,-0.013142830984933074,T
2024-05-29,-0.008685559615190463,T
2024-05-30,0.02920560604495792,T
2024-05-31,0.03405212517272482,T
2024-06-03,-0.011525746014640958,T
2024-06-04,0.01887840912087535,T
2024-06-05,-0.0027248579493039937,T
2024-06-06,-0.0010928170081306865,T
2024-06-07,-0.009846843458123145,T
2024-06-10,-0.013259655583425789,T
2024-06-11,0.0,T
2024-06-12,-0.013997759879980198,T
2024-06-13,0.0034071245805133987,T
2024-06-14,-0.0016978317213340866,T
2024-06-17,0.0017007192564366669,T
2024-06-18,0.021505328756416198,T
2024-06-20,0.003324175946103125,T
2024-06-21,0.016013197040587013,T
2024-06-24,0.013586956803424588,T
2024-06-25,0.0021448212517709564,T
2024-06-26,0.00374530191674749,T
2024-06-27,-0.0005330612345324504,T
2024-06-28,0.019200032552083357,T
2024-07-01,-0.0068027767641626324,T
2024-07-02,-0.00842991840205587,T
2024-07-03,-0.0074388624823910066,T
2024-07-05,0.004817995241839235,T
2024-07-08,0.002131007309707611,T
2024-07-09,-0.0005316442937673971,T
2024-07-10,-0.003191461083897562,T
2024-07-11,0.006403460015957041,T
2024-07-12,-0.002651174061030326,T
2024-07-15,-0.012227514554307595,T
2024-07-16,0.014531779271924616,T
2024-07-17,0.01644559467739448,T
2024-07-18,-0.000521932618031129,T
2024-07-19,-0.0015665159213813507,T
2024-07-22,-0.029811797968294695,T
2024-07-23,-0.01832884994995654,T
2024-07-24,0.052169182355945365,T
2024-07-25,0.001565797854093498,T
2024-07-26,-0.009379900998768842,T
2024-07-29,-0.005786460232885204,T
2024-07-30,0.004232800281520621,T
2024-07-31,0.014225524988177085,T
2024-08-01,0.011428535758674974,T
2024-08-02,-0.00513602864138285,T
2024-08-05,-0.023748114191588954,T
2024-08-06,0.014807016864351041,T
2024-08-07,0.003126600535309887,T
2024-08-08,0.007792187975598663,T
2024-08-09,0.004639183214309117,T
2024-08-12,-0.0030784744303227196,T
2024-08-13,0.004632020132491421,T
2024-08-14,0.00563517932496671,T
2024-08-15,-0.027508865576417185,T
2024-08-16,0.013095861603024117,T
2024-08-19,0.007755926439855898,T
2024-08-20,0.0,T
2024-08-21,0.0025654769110503572,T
2024-08-22,-0.0015353472487131814,T
2024-08-23,0.011276233253386225,T
2024-08-26,0.0015205619534499615,T
2024-08-27,-0.005566832443189007,T
2024-08-28,0.008651403541689362,T
2024-08-29,-0.0030272183080836124,T
2024-08-30,0.007084989272611919,T
2024-09-03,0.026633200844485838,T
2024-09-04,0.00685263766799693,T
2024-09-05,0.0038891553180813165,T
2024-09-06,0.015496353546518682,T
2024-09-09,0.025274234811633267,T
2024-09-10,0.009767399277798017,T
2024-09-11,-0.011975971096155336,T
2024-09-12,0.006526777840041964,T
2024-09-13,0.002315851630716903,T
2024-09-16,0.029112804338460307,T
2024-09-17,-0.02200268347759926,T
2024-09-18,-0.0022957365855290623,T
2024-09-19,-0.01702710260833662,T
2024-09-20,0.008426980338593681,T
2024-09-23,-0.0023213157977692855,T
2024-09-24,0.004653344929492542,T
2024-09-25,-0.0013895639848762187,T
2024-09-26,0.0041744042123035285,T
2024-09-27,0.011547344314317032,T
2024-09-30,0.004566227543908896,T
2024-10-01,0.005909052762118172,T
2024-10-02,0.0027113138529797354,T
2024-10-03,-0.006309206562757574,T
2024-10-04,-0.006349178888547691,T
2024-10-07,-0.005933325498491793,T
2024-10-08,0.003673090963450143,T
2024-10-09,0.0032021817415262,T
2024-10-10,-0.03237578577022271,T
2024-10-11,0.0070688751523428905,T
2024-10-14,-0.0051474312602557415,T
2024-10-15,0.01175917202768284,T
2024-10-16,0.009297947627275205,T
2024-10-17,0.0009212555784019472,T
2024-10-18,0.005522358111428094,T
2024-10-21,-0.008695676464095192,T
2024-10-22,-0.0073868812806674455,T
2024-10-23,0.04604650098224017,T
2024-10-24,-0.012894575861718272,T
2024-10-25,-0.016666703897194268,T
2024-10-28,0.012826417206783569,T
2024-10-29,0.0031659743506042837,T
2024-10-30,-0.007213699062698975,T
2024-10-31,0.02361491584712172,T
2024-11-01,-0.018633543000640018,T
2024-11-04,-0.009041625467966496,T
2024-11-05,0.005930618627469464,T
2024-11-06,0.012244919143120425,T
2024-11-07,-0.012544748347904533,T
2024-11-08,0.0136115800634653,T
2024-11-11,-0.001342913448549532,T
2024-11-12,-0.007171665228247082,T
2024-11-13,0.006771991923863796,T
2024-11-14,-0.0022421183305447734,T
2024-11-15,0.019325856412394593,T
2024-11-18,0.013668406603664751,T
2024-11-19,-0.011309274966086247,T
2024-11-20,0.00439948893460862,T
2024-11-21,0.006570285546716903,T
2024-11-22,0.008703253564990687,T
2024-11-25,-0.003451247741709129,T
2024-11-26,-0.00043291033405601365,T
2024-11-27,0.007795595668526056,T
2024-11-29,-0.004727142595085887,T
2024-12-02,-0.019861791342976054,T
2024-12-03,0.04581493274117587,T
2024-12-04,-0.008845791343609855,T
2024-12-05,0.012749648461795937,T
2024-12-06,0.002098163542619602,T
2024-12-09,-0.02135671438259934,T
2024-12-10,0.005990559889643032,T
2024-12-11,-0.001276081937619522,T
2024-12-12,-0.0051106871475405935,T
2024-12-13,0.01155815682193917,T
2024-12-16,-0.033432037081506216,T
2024-12-17,-0.0004378383894495519,T
2024-12-18,-0.015330721972815042,T
2024-12-19,0.004003565588103886,T
2024-12-20,0.007975201932194143,T
2024-12-23,0.003956050663203925,T
2024-12-24,0.004816138774810685,T
2024-12-26,0.00043565669720369016,T
2024-12-27,-0.004355334412391998,T
2024-12-30,-0.010936132691387379,T
2024-12-31,0.007076507876733862,T
2025-01-02,0.002635022605892212,T
2025-01-03,-0.007008315722593195,T
2025-01-06,-0.0030877677365964695,T
2025-01-07,-0.017699097866309854,T
2025-01-08,-0.0009009214899244888,T
2025-01-10,-0.02209196412877512,T
2025-01-13,-0.005993594509650091,T
2025-01-14,0.01113171507714017,T
2025-01-15,0.0050458997340034895,T
2025-01-16,0.005020566459043474,T
2025-01-17,0.012261600915111526,T
2025-01-21,0.008972581757567433,T
2025-01-22,-0.007558918542643123,T
2025-01-23,0.009408646715617364,T
2025-01-24,0.00843313896664033,T
2025-01-27,0.06250000524688781,T
2025-01-28,0.010770515139007397,T
2025-01-29,-0.006967216350480587,T
2025-01-30,-0.008666904186547697,T
2025-01-31,-0.012073310158227324,T
2025-02-03,0.02191320976800437,T
2025-02-04,0.0,T
2025-02-05,0.009072136633174965,T
2025-02-06,-0.0008172681232616608,T
2025-02-07,0.003680987721043749,T
2025-02-10,0.013039921877987526,T
2025-02-11,0.011665285641946355,T
2025-02-12,0.00834994015930568,T
2025-02-13,0.010646630280632952,T
2025-02-14,0.009364092326393125,T
2025-02-18,0.007730918017115451,T
2025-02-19,0.006520908257919844,T
2025-02-20,-0.0034298838937854015,T
2025-02-21,0.017973278300550177,T
2025-02-24,0.004507848538753967,T
2025-02-25,-0.0033657499386031686,T
2025-02-26,-0.0030018733527646946,T
2025-02-27,0.012420019853080388,T
2025-02-28,0.0189591165841696,T
2025-03-03,0.011309721549365603,T
2025-03-04,-0.05411255545296334,T
2025-03-05,-0.0015255152260182925,T
2025-03-06,0.021008373974381156,T
2025-03-07,0.014590396695698615,T
2025-03-10,0.005899699205784925,T
2025-03-11,-0.04655426780782235,T
2025-03-12,-0.011149592963298871,T
2025-03-13,0.014385725082087575,T
2025-03-14,0.018781133317454568,T
2025-03-17,0.009405568123310282,T
2025-03-18,-0.008199750800599426,T
2025-03-19,0.00864334975425951,T
2025-03-20,-0.0018628627710989276,T
2025-03-21,0.008585275639278578,T
2025-03-24,-0.002220628137471925,T
2025-03-25,0.01298221043602732,T
2025-03-26,0.012449657972783745,T
2025-03-27,0.01989154256771064,T
2025-03-28,-0.0007092360717222412,T
2025-03-31,0.003548629538210557,T
2025-04-01,0.007072095146209323,T
2025-04-02,-0.011938207796796663,T
2025-04-03,0.0163468728428795,T
2025-04-04,-0.06853150229645444,T
2025-04-07,0.007132152342745446,T
2025-04-08,-0.016399572691345732,T
2025-04-09,0.003031448486407795,T
2025-04-10,-0.003022286580328437,T
2025-04-11,0.015157314707472391,T
2025-04-14,0.015304211773075282,T
2025-04-15,0.011029383406095494,T
2025-04-16,-0.017454528808593772,T
2025-04-17,0.004811219784019327,T
2025-04-21,-0.030202567452875972,T
2025-04-22,0.023927047572810167,T
2025-04-23,0.00853121132772694,T
2025-04-24,0.01250460264471176,T
2025-04-25,-0.026153331011444125,T
2025-04-28,0.01678481058946324,T
2025-04-29,0.0014673150345880792,T
2025-04-30,0.01465207095448906,T
2025-05-01,-0.002166114499581262,T
2025-05-02,-0.0010853393617696883,T
2025-05-05,-0.0036218898681311673,T
2025-05-06,0.023627757656208948,T
2025-05-07,-0.002130662864612831,T
2025-05-08,-0.02241996653248024,T
2025-05-09,0.013469270057590466,T
2025-05-12,-0.029813215486958256,T
2025-05-13,-0.020733041880672598,T
2025-05-14,-0.0003780804761203127,T
2025-05-15,0.033661095751568615,T
2025-05-16,0.014270010638022468,T
2025-05-19,0.010822552375196137,T
2025-05-20,-0.008565302184057044,T
2025-05-21,-0.011159156430116335,T
2025-05-22,-0.008736795672269593,T
2025-05-23,0.006977617967378613,T
2025-05-27,-0.0010941169424519837,T
2025-05-28,0.004016086630258764,T
2025-05-29,-0.0043636668812144785,T
2025-05-30,0.015339667244978372,T
2025-06-02,0.004676297542552721,T
2025-06-03,0.001074070138528338,T
2025-06-04,-0.02145917359683669,T
2025-06-05,0.014619868772186129,T
2025-06-06,0.01152736643320651,T
2025-06-09,-0.007834733402857341,T
2025-06-10,0.020100482902872363,T
2025-06-11,-0.0028149163790039955,T
2025-06-12,-0.00246999627548794,T
2025-06-13,-0.00282985222535026,T
2025-06-16,-0.007804229036368127,T
2025-06-17,-0.011440818830175337,T
2025-06-18,0.0003616719356167586,T
2025-06-20,0.003976883982587998,T
2025-06-23,0.01548434634813134,T
2025-06-24,0.0028368766504145437,T
2025-06-25,-0.01272986568637402,T
2025-06-26,0.002865326772472976,T
2025-06-27,0.0028571401323591594,T
2025-06-30,0.030626802446161117,T
2025-07-01,-0.0020733024251469168,T
2025-07-02,-0.019736832111773794,T
2025-07-03,0.0017662008248828798,T
2025-07-07,0.0017630196045304025,T
2025-07-08,-0.004223827262557878,T
2025-07-09,-0.0067161727786771985,T
2025-07-10,-0.017081834011392405,T
2025-07-11,-0.023533725783078108,T
2025-07-14,0.007044884645715843,T
2025-07-15,-0.005154616731773531,T
2025-07-16,-0.002590662236798935,T
2025-07-17,0.0014841932113678347,T
2025-07-18,-0.0018525097252520828,T
2025-07-21,0.01633253964315018,T
2025-07-22,0.0014609538624332785,T
2025-07-23,0.012035008125012903,T
2025-07-24,0.006126128875457493,T
2025-07-25,0.002865326772472976,T
2025-07-28,-0.014285700661795464,T
2025-07-29,-0.006884077225780771,T
2025-07-30,0.003283478770117032,T
2025-07-31,-0.003272732821377855,T
2025-08-01,0.01240423766802734,T
2025-08-04,-0.002522511525197113,T
2025-08-05,0.003251450563425795,T
2025-08-06,-0.01008284775044821,T
2025-08-07,0.020734801730448726,T
2025-08-08,0.0007127747022215303,T
2025-08-11,0.0021367331234116715,T
2025-08-12,0.012082450602787231,T
2025-08-13,-0.002808986130333757,T
2025-08-14,0.012323957259540164,T
2025-08-15,0.004173942234205086,T
2025-08-18,0.0017318751509214358,T
2025-08-19,0.0020746703244847176,T
2025-08-20,0.010352006526844537,T
2025-08-21,0.005464475534834312,T
2025-08-22,-0.022758154352574,T
2025-08-25,-0.001042776717697702,T
2025-08-26,-0.006263058685082923,T
2025-08-27,0.017507003128492515,T
2025-08-28,-0.004129350794565667,T
2025-08-29,0.01209400051868803,T
2025-09-02,-0.0071697161234967055,T
2025-09-03,-0.0013754817153938115,T
2025-09-04,0.018595006582454277,T
2025-09-05,0.000338073999581745,T
2025-09-08,-0.023318706674534173,T
2025-09-09,0.017993095661851033,T
2025-09-10,-0.007477882827463422,T
2025-09-11,0.009931472623342374,T
2025-09-12,0.0027127814285168306,T
2025-09-15,0.001690941661319334,T
2025-09-16,-0.009790712603330531,T
2025-09-17,0.007159938369162955,T
2025-09-18,-0.011509822005766224,T
2025-09-19,-0.00650686743470108,T
2025-09-22,-0.003102383725536395,T
2025-09-23,-0.004495130028480343,T
2025-09-24,-0.016325154767523387,T
2025-09-25,-0.0007062308608473122,T
2025-09-26,0.0003533649876830136,T
2024-04-15,,TSLA
2024-04-16,-0.027062145360474688,TSLA
2024-04-17,-0.010565868854054306,TSLA
2024-04-18,-0.03550983840996058,TSLA
2024-04-19,-0.0192088959161848,TSLA
2024-04-22,-0.03400203941675628,TSLA
2024-04-23,0.018514534090260826,TSLA
2024-04-24,0.12061109407252757,TSLA
2024-04-25,0.04965143743002587,TSLA
2024-04-26,-0.011105884774887609,TSLA
2024-04-29,0.1530691710339953,TSLA
2024-04-30,-0.05550118063944742,TSLA
2024-05-01,-0.017950640048260635,TSLA
2024-05-02,0.0001110562423569661,TSLA
2024-05-03,0.006555235656792835,TSLA
2024-05-06,0.019703030064167848,TSLA
2024-05-07,-0.03761635178001177,TSLA
2024-05-08,-0.017378079862311324,TSLA
2024-05-09,-0.01573946875450305,TSLA
2024-05-10,-0.02035238689978358,TSLA
2024-05-13,0.020300339194899042,TSLA
2024-05-14,0.03292805679333921,TSLA
2024-05-15,-0.02005067585133169,TSLA
2024-05-16,0.004885285464054867,TSLA
2024-05-17,0.014985188920464187,TSLA
2024-05-20,-0.014144086952910362,TSLA
2024-05-21,0.06659050790792542,TSLA
2024-05-22,-0.03478030697150003,TSLA
2024-05-23,-0.03536724832380789,TSLA
2024-05-24,0.03165649721483632,TSLA
2024-05-28,-0.01389201861667555,TSLA
2024-05-29,-0.0031683030189180172,TSLA
2024-05-30,0.014756744473008343,TSLA
2024-05-31,-0.003971091681523098,TSLA
2024-06-03,-0.0100517100545634,TSLA
2024-06-04,-0.008622094682395387,TSLA
2024-06-05,0.0013159908560766986,TSLA
2024-06-06,0.01680001395089281,TSLA
2024-06-07,-0.0025851787543875737,TSLA
2024-06-10,-0.020791089307163446,TSLA
2024-06-11,-0.018010183238054034,TSLA
2024-06-12,0.03884911216309472,TSLA
2024-06-13,0.029217711832219218,TSLA
2024-06-14,-0.024442410719736185,TSLA
2024-06-17,0.052974598199923895,TSLA
2024-06-18,-0.013764414198944475,TSLA
2024-06-20,-0.017797215597047833,TSLA
2024-06-21,0.00793075466503601,TSLA
2024-06-24,-0.0023495584322592578,TSLA
2024-06-25,0.026125557150967316,TSLA
2024-06-26,0.04814512260377568,TSLA
2024-06-27,0.0053470646120412635,TSLA
2024-06-28,0.002330091774560339,TSLA
2024-07-01,0.060541719385108106,TSLA
2024-07-02,0.10197271435359379,TSLA
2024-07-03,0.06542422054051067,TSLA
2024-07-05,0.02082067005771515,TSLA
2024-07-08,0.005645666924397386,TSLA
2024-07-09,0.03712336538398886,TSLA
2024-07-10,0.003545241645880992,TSLA
2024-07-11,-0.08444127539962887,TSLA
2024-07-12,0.029871787680814776,TSLA
2024-07-15,0.01776579679334911,TSLA
2024-07-16,0.015516142251486675,TSLA
2024-07-17,-0.031415644041518975,TSLA
2024-07-18,0.002937608561525362,TSLA
2024-07-19,-0.040243947162209914,TSLA
2024-07-22,0.05146320115237035,TSLA
2024-07-23,-0.020396762498772203,TSLA
2024-07-24,-0.12334604589403697,TSLA
2024-07-25,0.01972310939623889,TSLA
2024-07-26,-0.0020431189477511102,TSLA
2024-07-29,0.055959976710561854,TSLA
2024-07-30,-0.04084450985365373,TSLA
2024-07-31,0.04244907202543402,TSLA
2024-08-01,-0.06554059651757449,TSLA
2024-08-02,-0.042377581921705376,TSLA
2024-08-05,-0.04232673647438423,TSLA
2024-08-06,0.008849529684359148,TSLA
2024-08-07,-0.044258397676563366,TSLA
2024-08-08,0.036921162045623124,TSLA
2024-08-09,0.005833854775063374,TSLA
2024-08-12,-0.012549972534179665,TSLA
2024-08-13,0.05235706137163754,TSLA
2024-08-14,-0.0310349655555765,TSLA
2024-08-15,0.06336276788880446,TSLA
2024-08-16,0.009246267550119258,TSLA
2024-08-19,0.030538618603692225,TSLA
2024-08-20,-0.007273684933137958,TSLA
2024-08-21,0.009814554993405888,TSLA
2024-08-22,-0.056478704568676985,TSLA
2024-08-23,0.04585589810206048,TSLA
2024-08-26,-0.0322712435275504,TSLA
2024-08-27,-0.018760845523390857,TSLA
2024-08-28,-0.01653843794670573,TSLA
2024-08-29,0.002575935743848623,TSLA
2024-08-30,0.03795812428442069,TSLA
2024-09-03,-0.016393416920415627,TSLA
2024-09-04,0.04183284569452206,TSLA
2024-09-05,0.04904058305110959,TSLA
2024-09-06,-0.0844593239607937,TSLA
2024-09-09,0.026289605928169646,TSLA
2024-09-10,0.04577608406578748,TSLA
2024-09-11,0.008666077418469476,TSLA
2024-09-12,0.007364189890953776,TSLA
2024-09-13,0.0020886633855721204,TSLA
2024-09-16,-0.015241628421408637,TSLA
2024-09-17,0.004806404196833203,TSLA
2024-09-18,-0.0029402649901351108,TSLA
2024-09-19,0.07359155565707187,TSLA
2024-09-20,-0.02324531900421767,TSLA
2024-09-23,0.04931794333683115,TSLA
2024-09-24,0.017080017089843746,TSLA
2024-09-25,0.010815214909361437,TSLA
2024-09-26,-0.01089404681602335,TSLA
2024-09-27,0.024545630573566513,TSLA
2024-09-30,0.004492104223754234,TSLA
2024-10-01,-0.013798172234708361,TSLA
2024-10-02,-0.03488095932262847,TSLA
2024-10-03,-0.03357160254966751,TSLA
2024-10-04,0.03914235030998814,TSLA
2024-10-07,-0.03698816351676526,TSLA
2024-10-08,0.015238957526229946,TSLA
2024-10-09,-0.014110416966225725,TSLA
2024-10-10,-0.009458613360014412,TSLA
2024-10-11,-0.08782510719719305,TSLA
2024-10-14,0.00624426350457119,TSLA
2024-10-15,0.0018707960177875016,TSLA
2024-10-16,0.008015641700267029,TSLA
2024-10-17,-0.001987992760882462,TSLA
2024-10-18,-0.0008601676940163117,TSLA
2024-10-21,-0.008382378207102636,TSLA
2024-10-22,-0.004021041161846095,TSLA
2024-10-23,-0.019819274670942355,TSLA
2024-10-24,0.21919035070290427,TSLA
2024-10-25,0.03343823359841336,TSLA
2024-10-28,-0.024815158866218545,TSLA
2024-10-29,-0.01139012091242797,TSLA
2024-10-30,-0.007590942139718337,TSLA
2024-10-31,-0.029897037679701755,TSLA
2024-11-01,-0.003482130697311625,TSLA
2024-11-04,-0.024660613282231236,TSLA
2024-11-05,0.03541429020427711,TSLA
2024-11-06,0.14751032444224466,TSLA
2024-11-07,0.02904379065700735,TSLA
2024-11-08,0.08187665372925301,TSLA
2024-11-11,0.08959591143118995,TSLA
2024-11-12,-0.06145717075892854,TSLA
2024-11-13,0.005327407385385952,TSLA
2024-11-14,-0.05771559508909463,TSLA
2024-11-15,0.030657525449785616,TSLA
2024-11-18,0.056186046847983784,TSLA
2024-11-19,0.021432396454288627,TSLA
2024-11-20,-0.011473991967350106,TSLA
2024-11-21,-0.006987644766217049,TSLA
2024-11-22,0.038040225983177356,TSLA
2024-11-25,-0.039624464821427674,TSLA
2024-11-26,-0.001063189566898104,TSLA
2024-11-27,-0.015788061864523528,TSLA
2024-11-29,0.03685898787510977,TSLA
2024-12-02,0.034563659025395044,TSLA
2024-12-03,-0.01587830229999254,TSLA
2024-12-04,0.018524782309774723,TSLA
2024-12-05,0.03229681165351517,TSLA
2024-12-06,0.053397958017247005,TSLA
2024-12-09,0.0014644862094215227,TSLA
2024-12-10,0.02873337295448497,TSLA
2024-12-11,0.05930322291934931,TSLA
2024-12-12,-0.015702575706076027,TSLA
2024-12-13,0.04336284290396253,TSLA
2024-12-16,0.06141250567967771,TSLA
2024-12-17,0.036369912179738284,TSLA
2024-12-18,-0.0827949436951747,TSLA
2024-12-19,-0.008997322180141931,TSLA
2024-12-20,-0.034642491239586515,TSLA
2024-12-23,0.022657123925894362,TSLA
2024-12-24,0.07357174228224572,TSLA
2024-12-26,-0.017629994630971146,TSLA
2024-12-27,-0.04947922616674816,TSLA
2024-12-30,-0.03301209257078741,TSLA
2024-12-31,-0.03251001941775111,TSLA
2025-01-02,-0.06081615932376483,TSLA
2025-01-03,0.08215567328200035,TSLA
2025-01-06,0.0014861742226248698,TSLA
2025-01-07,-0.040603340073111505,TSLA
2025-01-08,0.0014707807875757872,TSLA
2025-01-10,-0.0005064369418008585,TSLA
2025-01-13,0.021710512074366584,TSLA
2025-01-14,-0.017232432245921525,TSLA
2025-01-15,0.08038151439752794,TSLA
2025-01-16,-0.03362756026209679,TSLA
2025-01-17,0.030641323404759335,TSLA
2025-01-21,-0.00569752092797482,TSLA
2025-01-22,-0.021128638710367298,TSLA
2025-01-23,-0.006576523247056931,TSLA
2025-01-24,-0.014064741844588391,TSLA
2025-01-27,-0.023193450212053546,TSLA
2025-01-28,0.0023668700890153715,TSLA
2025-01-29,-0.02258280870425211,TSLA
2025-01-30,0.028732954254456988,TSLA
2025-01-31,0.010792463618949588,TSLA
2025-02-03,-0.05170542044525339,TSLA
2025-02-04,0.022232065633156273,TSLA
2025-02-05,-0.035797094243459227,TSLA
2025-02-06,-0.010180622383618276,TSLA
2025-02-07,-0.0339282217314959,TSLA
2025-02-10,-0.030114441341470455,TSLA
2025-02-11,-0.06338211812502892,TSLA
2025-02-12,0.0243835913717656,TSLA
2025-02-13,0.05773971683431944,TSLA
2025-02-14,-0.0002809633725618932,TSLA
2025-02-18,-0.004861766535893763,TSLA
2025-02-19,0.018214714280444966,TSLA
2025-02-20,-0.01708454543992588,TSLA
2025-02-21,-0.046839747148427646,TSLA
2025-02-24,-0.021521578674915554,TSLA
2025-02-25,-0.0838955952220366,TSLA
2025-02-26,-0.039630120487999076,TSLA
2025-02-27,-0.030433204805490277,TSLA
2025-02-28,0.03912040539724382,TSLA
2025-03-03,-0.02843203214376444,TSLA
2025-03-04,-0.04429996705409467,TSLA
2025-03-05,0.025952056083059283,TSLA
2025-03-06,-0.056073068986891905,TSLA
2025-03-07,-0.0029607088371812473,TSLA
2025-03-10,-0.1542620682219512,TSLA
2025-03-11,0.037947369642955975,TSLA
2025-03-12,0.0759389121683911,TSLA
2025-03-13,-0.02986820819658198,TSLA
2025-03-14,0.038640532386444715,TSLA
2025-03-17,-0.04788383640805238,TSLA
2025-03-18,-0.05335909096824687,TSLA
2025-03-19,0.046824389357219776,TSLA
2025-03-20,0.0016958954271570903,TSLA
2025-03-21,0.05269623506518384,TSLA
2025-03-24,0.11933580126800525,TSLA
2025-03-25,0.03502280788451673,TSLA
2025-03-26,-0.05580626179068926,TSLA
2025-03-27,0.0039329829222258805,TSLA
2025-03-28,-0.03507493471452938,TSLA
2025-03-31,-0.016657121359109794,TSLA
2025-04-01,0.035885119854736525,TSLA
2025-04-02,0.05326685079977622,TSLA
2025-04-03,-0.05474611137253549,TSLA
2025-04-04,-0.10419786826814681,TSLA
2025-04-07,-0.025644236634809525,TSLA
2025-04-08,-0.048994783337158565,TSLA
2025-04-09,0.22689989839624536,TSLA
2025-04-10,-0.07274069589492627,TSLA
2025-04-11,-0.00035656236159631316,TSLA
2025-04-14,0.00015856900364230597,TSLA
2025-04-15,0.0069744183248166,TSLA
2025-04-16,-0.049427403598542585,TSLA
2025-04-17,-0.0007452201709629014,TSLA
2025-04-21,-0.05746362595919796,TSLA
2025-04-22,0.04602198338770602,TSLA
2025-04-23,0.0536622440095611,TSLA
2025-04-24,0.0349764859229853,TSLA
2025-04-25,0.09803091011549903,TSLA
2025-04-28,0.0032637046356942534,TSLA
2025-04-29,0.021512501019458785,TSLA
2025-04-30,-0.03379788089732105,TSLA
2025-05-01,-0.005812356915055328,TSLA
2025-05-02,0.023848576584252656,TSLA
2025-05-05,-0.024198258752220814,TSLA
2025-05-06,-0.017519458684867262,TSLA
2025-05-07,0.003159597232260225,TSLA
2025-05-08,0.031134624811778533,TSLA
2025-05-09,0.04718770485146129,TSLA
2025-05-12,0.06745790403815088,TSLA
2025-05-13,0.049280740626853614,TSLA
2025-05-14,0.04073991993646375,TSLA
2025-05-15,-0.013978329078298546,TSLA
2025-05-16,0.0208856061756566,TSLA
2025-05-19,-0.022544186527114873,TSLA
2025-05-20,0.005057180873010214,TSLA
2025-05-21,-0.026758222357769146,TSLA
2025-05-22,0.019185982671137136,TSLA
2025-05-23,-0.004984788190348977,TSLA
2025-05-27,0.06939947711644767,TSLA
2025-05-28,-0.016506435862546853,TSLA
2025-05-29,0.004286911755287504,TSLA
2025-05-30,-0.03339564619395741,TSLA
2025-06-02,-0.01088145559849063,TSLA
2025-06-03,0.004610541775392996,TSLA
2025-06-04,-0.03549540073392177,TSLA
2025-06-05,-0.14259893789082123,TSLA
2025-06-06,0.036670186138995975,TSLA
2025-06-09,0.04553761352840424,TSLA
2025-06-10,0.05674382827003055,TSLA
2025-06-11,0.0010426457165473302,TSLA
2025-06-12,-0.022424432461661592,TSLA
2025-06-13,0.019429076154419578,TSLA
2025-06-16,0.011742668079331553,TSLA
2025-06-17,-0.03882963749794621,TSLA
2025-06-18,0.0180179597897272,TSLA
2025-06-20,0.0003416111576173275,TSLA
2025-06-23,0.0823193093872907,TSLA
2025-06-24,-0.023545920693855638,TSLA
2025-06-25,-0.037947582404945,TSLA
2025-06-26,-0.0054037218123500486,TSLA
2025-06-27,-0.006599526995335614,TSLA
2025-06-30,-0.018446995428822777,TSLA
2025-07-01,-0.05335897504131726,TSLA
2025-07-02,0.04968242780731846,TSLA
2025-07-03,-0.0009503811144286889,TSLA
2025-07-07,-0.06789282780315342,TSLA
2025-07-08,0.013165935514200422,TSLA
2025-07-09,-0.0064806174796113725,TSLA
2025-07-10,0.0472826483827995,TSLA
2025-07-11,0.01174690904506881,TSLA
2025-07-14,0.010813001260769006,TSLA
2025-07-15,-0.01931207079538977,TSLA
2025-07-16,0.03504091219258654,TSLA
2025-07-17,-0.007025863995037018,TSLA
2025-07-18,0.03205907804067243,TSLA
2025-07-21,-0.0035188948387289143,TSLA
2025-07-22,0.0110201078413521,TSLA
2025-07-23,0.0013550095657464123,TSLA
2025-07-24,-0.08197020076301287,TSLA
2025-07-25,0.03524405566934252,TSLA
2025-07-28,0.030152499060024596,TSLA
2025-07-29,-0.013483166498468035,TSLA
2025-07-30,-0.006724793213012448,TSLA
2025-07-31,-0.03375758288237862,TSLA
2025-08-01,-0.01829559909125389,TSLA
2025-08-04,0.021907956170373222,TSLA
2025-08-05,-0.0017461311772288823,TSLA
2025-08-06,0.03624644466558724,TSLA
2025-08-07,0.007377028928595486,TSLA
2025-08-08,0.02290006868278205,TSLA
2025-08-11,0.02845443669493286,TSLA
2025-08-12,0.005338753399730889,TSLA
2025-08-13,-0.004283509772223915,TSLA
2025-08-14,-0.011196942235471519,TSLA
2025-08-15,-0.014959143019665277,TSLA
2025-08-18,0.013915797850586165,TSLA
2025-08-19,-0.017454368181154756,TSLA
2025-08-20,-0.016428300696053943,TSLA
2025-08-21,-0.011701168929731831,TSLA
2025-08-22,0.062166209505171155,TSLA
2025-08-25,0.019381771561470362,TSLA
2025-08-26,0.01462783391499567,TSLA
2025-08-27,-0.0058862207330171445,TSLA
2025-08-28,-0.010354676927882056,TSLA
2025-08-29,-0.03500206799409333,TSLA
2025-09-02,-0.01350828116207925,TSLA
2025-09-03,0.014361219324440011,TSLA
2025-09-04,0.01328983953448204,TSLA
2025-09-05,0.036363092201525005,TSLA
2025-09-08,-0.01265534855703887,TSLA
2025-09-09,0.001645517708609212,TSLA
2025-09-10,0.0023633378140295314,TSLA
2025-09-11,0.06043873744853956,TSLA
2025-09-12,0.07356092584909457,TSLA
2025-09-15,0.03561147147692467,TSLA
2025-09-16,0.028241113869250656,TSLA
2025-09-17,0.01005642588937583,TSLA
2025-09-18,-0.021157139806429193,TSLA
2025-09-19,0.022118270566640064,TSLA
2025-09-22,0.019104804353584193,TSLA
2025-09-23,-0.019253323313789705,TSLA
2025-09-24,0.03977927016229388,TSLA
2025-09-25,-0.04381307961359793,TSLA
2025-09-26,0.0401756741055197,TSLA
2024-04-15,,UNG
2024-04-16,0.024045204431280665,UNG
2024-04-17,-0.006906038049498853,UNG
2024-04-18,0.002781638493372318,UNG
2024-04-19,0.006934839177575647,UNG
2024-04-22,0.03581263689363845,UNG
2024-04-23,0.026595719384628902,UNG
2024-04-24,-0.06994818348817877,UNG
2024-04-25,0.0006963947855795904,UNG
2024-04-26,-0.02157268395345724,UNG
2024-04-29,0.06045514953253339,UNG
2024-04-30,-0.03152248637416222,UNG
2024-05-01,-0.020775571037280005,UNG
2024-05-02,0.05091932785521425,UNG
2024-05-03,0.054508777814993525,UNG
2024-05-06,0.024888282562196107,UNG
2024-05-07,0.006849353300716787,UNG
2024-05-08,-0.013605458626517852,UNG
2024-05-09,0.060815064490806314,UNG
2024-05-10,-0.02364063928644422,UNG
2024-05-13,0.047820761881846474,UNG
2024-05-14,-0.008087775503626604,UNG
2024-05-15,0.025043698501170608,UNG
2024-05-16,0.03238634559487541,UNG
2024-05-17,0.05118328570560293,UNG
2024-05-20,0.037696298375627935,UNG
2024-05-21,-0.01664984504476208,UNG
2024-05-22,0.054386838296077045,UNG
2024-05-23,-0.020924497021473143,UNG
2024-05-24,-0.05467198487013769,UNG
2024-05-28,0.017875927676390235,UNG
2024-05-29,-0.05888436265789809,UNG
2024-05-30,-0.03622392273793107,UNG
2024-05-31,0.0017084674007932232,UNG
2024-06-03,0.07561113770146166,UNG
2024-06-04,-0.04756869000534203,UNG
2024-06-05,0.05105438695466713,UNG
2024-06-06,0.019007322748253674,UNG
2024-06-07,0.04559591206746916,UNG
2024-06-10,0.0004955514732707389,UNG
2024-06-11,0.06636949564847727,UNG
2024-06-12,-0.03251280727425365,UNG
2024-06-13,-0.03456549764722183,UNG
2024-06-14,-0.012431625679380276,UNG
2024-06-17,-0.035246764422282695,UNG
2024-06-18,0.040709848270215954,UNG
2024-06-20,-0.04563690185754132,UNG
2024-06-21,-0.0036784865815573387,UNG
2024-06-24,0.03902962627634432,UNG
2024-06-25,-0.03604065808753554,UNG
2024-06-26,-0.035808336670440144,UNG
2024-06-27,-0.018022934643983635,UNG
2024-06-28,-0.030589502283832615,UNG
2024-07-01,-0.04934025216833693,UNG
2024-07-02,-0.009655995797156591,UNG
2024-07-03,-0.003656274619152078,UNG
2024-07-05,-0.04587155856277614,UNG
2024-07-08,0.01666661979805828,UNG
2024-07-09,-0.008196728704605416,UNG
2024-07-10,-0.0139859707410529,UNG
2024-07-11,-0.018697611706865458,UNG
2024-07-12,0.01839682838756307,UNG
2024-07-15,-0.06580648114604337,UNG
2024-07-16,0.008977908739687734,UNG
2024-07-17,-0.05954824818640314,UNG
2024-07-18,0.026928667519837246,UNG
2024-07-19,0.013465665391969361,UNG
2024-07-22,0.04965035165572873,UNG
2024-07-23,-0.00999337574398984,UNG
2024-07-24,-0.03701206256848122,UNG
2024-07-25,-0.03913350127153237,UNG
2024-07-26,-0.017454528808593772,UNG
2024-07-29,0.005921533852755179,UNG
2024-07-30,0.03090508252966906,UNG
2024-07-31,-0.033547484607451716,UNG
2024-08-01,-0.03323484568190149,UNG
2024-08-02,-0.003055764811822348,UNG
2024-08-05,-0.008429165420982931,UNG
2024-08-06,0.029366315824073785,UNG
2024-08-07,0.04054053860548179,UNG
2024-08-08,0.02308807044914829,UNG
2024-08-09,0.007052145673008825,UNG
2024-08-12,0.008403353487606458,UNG
2024-08-13,-0.004861090047123429,UNG
2024-08-14,0.028611294458826153,UNG
2024-08-15,-0.011533248231594073,UNG
2024-08-16,-0.034317090629563785,UNG
2024-08-19,0.04406538017105688,UNG
2024-08-20,-0.002722938257019636,UNG
2024-08-21,-0.0061432901881948165,UNG
2024-08-22,-0.051510987526451224,UNG
2024-08-23,-0.006517027505665296,UNG
2024-08-26,-0.028425680446959034,UNG
2024-08-27,-0.01875468877951003,UNG
2024-08-28,0.009174303230812475,UNG
2024-08-29,0.017424280245004642,UNG
2024-08-30,-0.004467640971949627,UNG
2024-09-03,0.03889307869967329,UNG
2024-09-04,-0.030957544603841036,UNG
2024-09-05,0.053491847324536046,UNG
2024-09-06,0.009873017393189798,UNG
2024-09-09,-0.05865922978277005,UNG
2024-09-10,0.04376855879996633,UNG
2024-09-11,0.012793198939584638,UNG
2024-09-12,0.04070174903200385,UNG
2024-09-13,-0.022926510744237683,UNG
2024-09-16,0.02553484412722873,UNG
2024-09-17,-0.014804799356481602,UNG
2024-09-18,-0.013661253978772825,UNG
2024-09-19,0.011772858811221143,UNG
2024-09-20,0.049965811982549235,UNG
2024-09-23,0.048891785693592205,UNG
2024-09-24,-0.017402096352755914,UNG
2024-09-25,0.0025300417957860866,UNG
2024-09-26,-0.023974770050174676,UNG
2024-09-27,0.058177152984461245,UNG
2024-09-30,-0.0024435499985726583,UNG
2024-10-01,0.002449535561189764,UNG
2024-10-02,0.0024434334836958005,UNG
2024-10-03,0.016453410132496238,UNG
2024-10-04,-0.04436455103438208,UNG
2024-10-07,-0.035131711460742565,UNG
2024-10-08,-0.008452543138725677,UNG
2024-10-09,-0.025573793004770695,UNG
2024-10-10,0.01816961399742345,UNG
2024-10-11,-0.021810966372107554,UNG
2024-10-14,-0.05472975737688013,UNG
2024-10-15,0.0014296253102850098,UNG
2024-10-16,-0.04068527046298476,UNG
2024-10-17,-0.009672556906649366,UNG
2024-10-18,-0.021036865350720357,UNG
2024-10-21,0.01688413442343517,UNG
2024-10-22,0.018867924528301883,UNG
2024-10-23,0.02370368109809018,UNG
2024-10-24,0.03617945087128027,UNG
2024-10-25,0.00907822047565432,UNG
2024-10-28,-0.0768165862511313,UNG
2024-10-29,0.005247353375077646,UNG
2024-10-30,-0.013422841702009247,UNG
2024-10-31,-0.03930457460933956,UNG
2024-11-01,-0.01809602637453467,UNG
2024-11-04,0.04647443098194537,UNG
2024-11-05,-0.04058198082822595,UNG
2024-11-06,0.027134889052967903,UNG
2024-11-07,-0.016317019426131063,UNG
2024-11-08,-0.010268571564595375,UNG
2024-11-11,0.10135678250828839,UNG
2024-11-12,-0.010144952274475205,UNG
2024-11-13,0.03294288538007484,UNG
2024-11-14,-0.06803685765454104,UNG
2024-11-15,0.01673005881451095,UNG
2024-11-18,0.028421848742972378,UNG
2024-11-19,0.00872726440429683,UNG
2024-11-20,0.06344629572471305,UNG
2024-11-21,0.02711861820544237,UNG
2024-11-22,-0.05544549307355451,UNG
2024-11-25,0.03354294396653734,UNG
2024-11-26,0.019607840608587335,UNG
2024-11-27,-0.08421747417205827,UNG
2024-11-29,0.044894993969615715,UNG
2024-12-02,-0.03811505052689346,UNG
2024-12-03,-0.04827089847044519,UNG
2024-12-04,0.0037850257827762857,UNG
2024-12-05,0.00452484652388585,UNG
2024-12-06,0.003753768159190818,UNG
2024-12-09,0.029917769306537556,UNG
2024-12-10,0.0029048627830998708,UNG
2024-12-11,0.05430847047148868,UNG
2024-12-12,0.03296700057711699,UNG
2024-12-13,-0.05385641101536953,UNG
2024-12-16,-0.0196767211509824,UNG
2024-12-17,0.036559156692110406,UNG
2024-12-18,0.005532498167012845,UNG
2024-12-19,0.05914715673545601,UNG
2024-12-20,0.030519498615004803,UNG
2024-12-23,-0.015122859032692948,UNG
2024-12-24,0.032629511930477806,UNG
2024-12-26,-0.047707529938520454,UNG
2024-12-27,0.025374127926258483,UNG
2024-12-30,0.1440355599490195,UNG
2024-12-31,-0.06766506790023352,UNG
2025-01-02,0.01189772571644987,UNG
2025-01-03,-0.08348030906448078,UNG
2025-01-06,0.10070555993956187,UNG
2025-01-07,-0.06818182323412969,UNG
2025-01-08,0.07004383084835264,UNG
2025-01-10,0.07656337926427836,UNG
2025-01-13,-0.010857804674867966,UNG
2025-01-14,0.013721186027529697,UNG
2025-01-15,0.035192287495589225,UNG
2025-01-16,0.042887011445188694,UNG
2025-01-17,-0.08024073914827223,UNG
2025-01-21,-0.03326066550034834,UNG
2025-01-22,0.0456853578231311,UNG
2025-01-23,-0.015641904056459155,UNG
2025-01-24,-0.0071232416858412195,UNG
2025-01-27,-0.05353207371838964,UNG
2025-01-28,-0.050145698083498225,UNG
2025-01-29,0.0288520127034797,UNG
2025-01-30,-0.03699288966386627,UNG
2025-01-31,0.003097964454772395,UNG
2025-02-03,0.08956138404940583,UNG
2025-02-04,-0.032312908987894184,UNG
2025-02-05,0.04276505889204385,UNG
2025-02-06,0.005056188564351416,UNG
2025-02-07,-0.02291782344326654,UNG
2025-02-10,0.041761988635780956,UNG
2025-02-11,0.020318553423151586,UNG
2025-02-12,0.011302529207944279,UNG
2025-02-13,0.019159057235885513,UNG
2025-02-14,0.026109661094519288,UNG
2025-02-18,0.06615782033823847,UNG
2025-02-19,0.07923626668065076,UNG
2025-02-20,-0.0389208776806641,UNG
2025-02-21,0.016566986559380048,UNG
2025-02-24,-0.038478966754110555,UNG
2025-02-25,0.024011310469754577,UNG
2025-02-26,-0.027586224435389717,UNG
2025-02-27,-0.013711537277033004,UNG
2025-02-28,-0.024928113257370987,UNG
2025-03-03,0.07915440502819848,UNG
2025-03-04,0.0528473716215383,UNG
2025-03-05,0.02206837799274619,UNG
2025-03-06,-0.03598646703085018,UNG
2025-03-07,0.018445325772961985,UNG
2025-03-10,0.027598075675268507,UNG
2025-03-11,-0.023080119128049525,UNG
2025-03-12,-0.07001722594665893,UNG
2025-03-13,-0.010161631280870553,UNG
2025-03-14,0.016798908316609573,UNG
2025-03-17,-0.02615886086386876,UNG
2025-03-18,0.008953842611014728,UNG
2025-03-19,0.04390474267897937,UNG
2025-03-20,-0.052796433334923454,UNG
2025-03-21,-0.015588092702729206,UNG
2025-03-24,-0.00863725066496357,UNG
2025-03-25,-0.015972890907227755,UNG
2025-03-26,-0.00934582069703127,UNG
2025-03-27,0.01340618003704841,UNG
2025-03-28,0.04507594724017583,UNG
2025-03-31,0.013127083340226164,UNG
2025-04-01,-0.04211012594678987,UNG
2025-04-02,0.01690813822324677,UNG
2025-04-03,0.024703110527821925,UNG
2025-04-04,-0.07093179420229678,UNG
2025-04-07,-0.04840325231480158,UNG
2025-04-08,-0.041426272722653756,UNG
2025-04-09,0.07330416314299315,UNG
2025-04-10,-0.058613734795530226,UNG
2025-04-11,0.008662688324867718,UNG
2025-04-14,-0.060118034478681026,UNG
2025-04-15,-0.008566511511682195,UNG
2025-04-16,-0.019009211526713865,UNG
2025-04-17,0.0,UNG
2025-04-21,-0.05930711615730311,UNG
2025-04-22,-0.0149813182231322,UNG
2025-04-23,-0.003168579948096717,UNG
2025-04-24,-0.014621713218666121,UNG
2025-04-25,0.012903213500976562,UNG
2025-04-28,0.05859879242962385,UNG
2025-04-29,0.015643700866695864,UNG
2025-04-30,-0.008293803116639409,UNG
2025-05-01,0.03464754669272696,UNG
2025-05-02,0.057736721571584715,UNG
2025-05-05,-0.018558960603255237,UNG
2025-05-06,-0.033926513822761684,UNG
2025-05-07,0.04605637296537135,UNG
2025-05-08,-0.005503598296633716,UNG
2025-05-09,0.05035970463645101,UNG
2025-05-12,-0.033192791146525624,UNG
2025-05-13,-0.008719337552367645,UNG
2025-05-14,-0.043430505350904425,UNG
2025-05-15,-0.03448278130022209,UNG
2025-05-16,-0.005357152183040115,UNG
2025-05-19,-0.06343504033625957,UNG
2025-05-20,0.08562301503197944,UNG
2025-05-21,-0.00412005272320326,UNG
2025-05-22,-0.015957473791147314,UNG
2025-05-23,0.010810829387374543,UNG
2025-05-27,0.014260236019378203,UNG
2025-05-28,-0.053895728924523545,UNG
2025-05-29,-0.009907111528877577,UNG
2025-05-30,-0.017510927891127293,UNG
2025-06-02,0.07383837035453311,UNG
2025-06-03,0.005334809766574189,UNG
2025-06-04,-0.0029480683820509723,UNG
2025-06-05,-0.0124186331382371,UNG
2025-06-06,0.028742486245961096,UNG
2025-06-09,-0.03608852317928146,UNG
2025-06-10,-0.03019323768870341,UNG
2025-06-11,-0.0068492939187524415,UNG
2025-06-12,0.0075235038867760284,UNG
2025-06-13,0.018046105851560634,UNG
2025-06-16,0.03789724381137671,UNG
2025-06-17,0.03533571246437761,UNG
2025-06-18,0.028441410817400925,UNG
2025-06-20,-0.023230092813399383,UNG
2025-06-23,-0.046432599202110514,UNG
2025-06-24,-0.035035638197261076,UNG
2025-06-25,-0.024615361140324477,UNG
2025-06-26,-0.011987415109449895,UNG
2025-06-27,0.056194193913779555,UNG
2025-06-30,-0.07617902737679383,UNG
2025-07-01,-0.011125659637749807,UNG
2025-07-02,0.020516242664486484,UNG
2025-07-03,-0.011024648213542876,UNG
2025-07-07,-0.009180350381819968,UNG
2025-07-08,-0.018530757070365445,UNG
2025-07-09,-0.04248146444248124,UNG
2025-07-10,0.03873240831848479,UNG
2025-07-11,0.011525428901284496,UNG
2025-07-14,0.024798919816828136,UNG
2025-07-15,0.016350555959694146,UNG
2025-07-16,0.016731031500648363,UNG
2025-07-17,-0.006329137991299971,UNG
2025-07-18,0.009554176689611671,UNG
2025-07-21,-0.0738170377372227,UNG
2025-07-22,-0.014305179412900437,UNG
2025-07-23,-0.05252247511104502,UNG
2025-07-24,0.01094089118256103,UNG
2025-07-25,-0.002164482951970248,UNG
2025-07-28,-0.011569041814516123,UNG
2025-07-29,0.017556676648039282,UNG
2025-07-30,-0.040258768661781685,UNG
2025-07-31,0.017977510431482324,UNG
2025-08-01,0.002207485845059365,UNG
2025-08-04,-0.04845813898367868,UNG
2025-08-05,0.017746878206739147,UNG
2025-08-06,0.02653528374559322,UNG
2025-08-07,-0.0007385693434276419,UNG
2025-08-08,-0.024390238744933512,UNG
2025-08-11,-0.009848493660558288,UNG
2025-08-12,-0.06044376283848507,UNG
2025-08-13,0.009771977863882952,UNG
2025-08-14,0.008871017236740997,UNG
2025-08-15,0.025579511508355912,UNG
2025-08-18,-0.008573628786544218,UNG
2025-08-19,-0.04402518929722532,UNG
2025-08-20,-0.0024670833345097343,UNG
2025-08-21,0.022258821231824877,UNG
2025-08-22,-0.03951611178970682,UNG
2025-08-25,0.003358519090302048,UNG
2025-08-26,0.0016736785006612465,UNG
2025-08-27,0.0183792237633007,UNG
2025-08-28,0.031173103160104354,UNG
2025-08-29,0.020684187366280637,UNG
2025-09-02,-0.0038971310235534906,UNG
2025-09-03,0.021909287362747998,UNG
2025-09-04,0.003062784116985684,UNG
2025-09-05,-0.012213801253987078,UNG
2025-09-08,0.017001566782299138,UNG
2025-09-09,0.0075988132696971356,UNG
2025-09-10,-0.028657625028786438,UNG
2025-09-11,-0.035714288358679847,UNG
2025-09-12,0.007246389052740332,UNG
2025-09-15,0.031974389385444946,UNG
2025-09-16,0.0240124262804573,UNG
2025-09-17,-0.00907714698451001,UNG
2025-09-18,-0.03282444982093491,UNG
2025-09-19,-0.007892689886942583,UNG
2025-09-22,-0.033412894708890306,UNG
2025-09-23,0.01728395429961127,UNG
2025-09-24,0.0,UNG
2025-09-25,0.01860845487858831,UNG
2025-09-26,-0.009531364901089079,UNG
2024-04-15,,UNH
2024-04-16,0.052195789131707304,UNH
2024-04-17,0.021540180576270496,UNH
2024-04-18,0.029624841292535065,UNH
2024-04-19,0.01611990008738573,UNH
2024-04-22,-0.019755340530446697,UNH
2024-04-23,-0.010280353800874442,UNH
2024-04-24,0.002303663528034905,UNH
2024-04-25,0.013461928427916936,UNH
2024-04-26,0.0030170914756182388,UNH
2024-04-29,-0.0127586701248531,UNH
2024-04-30,-0.010899099412244984,UNH
2024-05-01,0.0008475772879570354,UNH
2024-05-02,0.018301658997400105,UNH
2024-05-03,-0.00105480863416485,UNH
2024-05-06,0.003919164641973616,UNH
2024-05-07,0.013309572610699316,UNH
2024-05-08,0.004491376633620314,UNH
2024-05-09,0.0075912787684775385,UNH
2024-05-10,0.011399717557565747,UNH
2024-05-13,-0.002086557066580008,UNH
2024-05-14,0.0041818397805053475,UNH
2024-05-15,0.007141711830163766,UNH
2024-05-16,0.007187772825857586,UNH
2024-05-17,0.00644576750181014,UNH
2024-05-20,-0.01410522529247149,UNH
2024-05-21,0.012218950105117976,UNH
2024-05-22,-0.0042021053544579745,UNH
2024-05-23,-0.008669720356299648,UNH
2024-05-24,-0.016755999798293342,UNH
2024-05-28,-0.008835666476395998,UNH
2024-05-29,-0.037642931485830644,UNH
2024-05-30,-0.00633356848590394,UNH
2024-05-31,0.028485417615621955,UNH
2024-06-03,0.004178709539581771,UNH
2024-06-04,0.016182831604736103,UNH
2024-06-05,-0.0046885104808674916,UNH
2024-06-06,-0.0023850804998788444,UNH
2024-06-07,-0.022374104809321338,UNH
2024-06-10,0.008783544676169264,UNH
2024-06-11,0.002464648930713409,UNH
2024-06-12,-0.006347978494892104,UNH
2024-06-13,0.008578863865001951,UNH
2024-06-14,-0.000361939835510694,UNH
2024-06-17,-0.01587138760934259,UNH
2024-06-18,-0.016720199108120504,UNH
2024-06-20,0.00721339010239519,UNH
2024-06-21,-0.003983308675685637,UNH
2024-06-24,0.015313236296890187,UNH
2024-06-25,-0.011184152135710335,UNH
2024-06-26,-0.0009494147679630638,UNH
2024-06-27,0.004958255214685625,UNH
2024-06-28,0.046912275326220776,UNH
2024-07-01,-0.028688716154768423,UNH
2024-07-02,0.0072576496152587655,UNH
2024-07-03,-0.01675894297848235,UNH
2024-07-05,-0.003837606047475073,UNH
2024-07-08,0.0027253264188256132,UNH
2024-07-09,0.005660663412763833,UNH
2024-07-10,0.017922837550060633,UNH
2024-07-11,0.006847249567668134,UNH
2024-07-12,0.014216063200843676,UNH
2024-07-15,0.007506883950216592,UNH
2024-07-16,0.06500184395170816,UNH
2024-07-17,0.04447325304141603,UNH
2024-07-18,-0.015594477366272619,UNH
2024-07-19,0.001754244227352153,UNH
2024-07-22,-0.012028350852433256,UNH
2024-07-23,-0.006857316328479746,UNH
2024-07-24,0.009103997984200474,UNH
2024-07-25,-0.0001250689132983318,UNH
2024-07-26,0.017938783159539895,UNH
2024-07-29,-0.005213035975304869,UNH
2024-07-30,0.016903426713442915,UNH
2024-07-31,-0.0002950461372307478,UNH
2024-08-01,-0.005883702046811323,UNH
2024-08-02,0.029785074247698162,UNH
2024-08-05,-0.03368766346484686,UNH
2024-08-06,-0.002824840909273485,UNH
2024-08-07,-0.003993944917044412,UNH
2024-08-08,0.0002825981128138366,UNH
2024-08-09,-0.013209912047458805,UNH
2024-08-12,0.011686534733324594,UNH
2024-08-13,0.01583260371652706,UNH
2024-08-14,0.00945596400133164,UNH
2024-08-15,-0.00010350295920535935,UNH
2024-08-16,-0.0033298126750017643,UNH
2024-08-19,0.0019042318152624471,UNH
2024-08-20,0.0032309254337252735,UNH
2024-08-21,-0.004443325551303112,UNH
2024-08-22,0.0011243679323804656,UNH
2024-08-23,0.010004906268337832,UNH
2024-08-26,0.004482378528022135,UNH
2024-08-27,0.00037465416738302615,UNH
2024-08-28,0.0020260534449143552,UNH
2024-08-29,0.005148383134534029,UNH
2024-08-30,-0.002315863042793964,UNH
2024-09-03,0.01436797745401508,UNH
2024-09-04,0.009186877910213553,UNH
2024-09-05,-0.014383135070263009,UNH
2024-09-06,0.0023342367986578516,UNH
2024-09-09,-0.004657601652145793,UNH
2024-09-10,0.008298357033385217,UNH
2024-09-11,-0.01549175974995387,UNH
2024-09-12,-0.0022552218564539928,UNH
2024-09-13,0.010026893350702837,UNH
2024-09-16,-0.008715830885624887,UNH
2024-09-17,-0.0189768007566975,UNH
2024-09-18,0.004654305382965518,UNH
2024-09-19,-0.006165533349380969,UNH
2024-09-20,-0.0035870991351933945,UNH
2024-09-23,-0.002765264096467379,UNH
2024-09-24,0.003104287299213526,UNH
2024-09-25,0.0019471741727665748,UNH
2024-09-26,-0.002602765883559899,UNH
2024-09-27,0.012247487095291998,UNH
2024-09-30,0.004863826086774159,UNH
2024-10-01,-0.0023602738251687905,UNH
2024-10-02,0.015446614013684634,UNH
2024-10-03,0.0007428583735205052,UNH
2024-10-04,-0.0026149098152150607,UNH
2024-10-07,-0.012922893252177547,UNH
2024-10-08,-0.0033929338491903716,UNH
2024-10-09,0.016575455362992653,UNH
2024-10-10,0.010960457739950247,UNH
2024-10-11,0.0005855371905467699,UNH
2024-10-14,0.012290003797539084,UNH
2024-10-15,-0.0811199940638423,UNH
2024-10-16,0.027054323145446313,UNH
2024-10-17,-0.009293935850808177,UNH
2024-10-18,0.006324675139823377,UNH
2024-10-21,0.0032653664777566593,UNH
2024-10-22,-0.0028172702575808284,UNH
2024-10-23,-0.009160093421728188,UNH
2024-10-24,-0.006783113117175055,UNH
2024-10-25,0.006686756684661566,UNH
2024-10-28,0.0012044648553242165,UNH
2024-10-29,-0.0055020617884324885,UNH
2024-10-30,0.0014765571711774506,UNH
2024-10-31,0.0027355015760222035,UNH
2024-11-01,0.005420721981565624,UNH
2024-11-04,-0.017249238969370917,UNH
2024-11-05,0.016601842052047067,UNH
2024-11-06,0.05230758797961732,UNH
2024-11-07,0.014681006435138366,UNH
2024-11-08,0.017111215034578242,UNH
2024-11-11,0.015329407575114917,UNH
2024-11-12,-0.016921258840213893,UNH
2024-11-13,-0.0143166057195524,UNH
2024-11-14,-0.020994554616728833,UNH
2024-11-15,-0.001551115076192322,UNH
2024-11-18,-0.004356341522334772,UNH
2024-11-19,-0.02145344507809166,UNH
2024-11-20,0.04072790294627393,UNH
2024-11-21,-0.0050125058544963075,UNH
2024-11-22,-0.011079675350863516,UNH
2024-11-25,0.02531863539574264,UNH
2024-11-26,0.0015845384190622536,UNH
2024-11-27,0.002620390766238323,UNH
2024-11-29,0.002991563347926496,UNH
2024-12-02,-0.0027531836154917055,UNH
2024-12-03,-0.005406624197893062,UNH
2024-12-04,0.009186586484508874,UNH
2024-12-05,-0.05209647909906312,UNH
2024-12-06,-0.05069343328859299,UNH
2024-12-09,0.02001382791332884,UNH
2024-12-10,0.008151702336737898,UNH
2024-12-11,-0.056016513044767624,UNH
2024-12-12,-0.03330650301852478,UNH
2024-12-13,0.009151486376909768,UNH
2024-12-16,-0.04223021306017305,UNH
2024-12-17,-0.026038136381801635,UNH
2024-12-18,0.029247018718793427,UNH
2024-12-19,-0.0209517353620573,UNH
2024-12-20,0.02223812955097082,UNH
2024-12-23,0.012416754432746258,UNH
2024-12-24,-0.0004739705259524385,UNH
2024-12-26,0.009978240924849668,UNH
2024-12-27,-0.0022693997377691844,UNH
2024-12-30,-0.00429420671648828,UNH
2024-12-31,-0.003820406632615292,UNH
2025-01-02,-0.002668674386251957,UNH
2025-01-03,0.01682818986746981,UNH
2025-01-06,0.0013060095714547693,UNH
2025-01-07,0.001129162904473624,UNH
2025-01-08,0.019970869287797788,UNH
2025-01-10,-0.007301946440989138,UNH
2025-01-13,0.03927483168707946,UNH
2025-01-14,0.0048046263731331695,UNH
2025-01-15,-0.0005885300510650726,UNH
2025-01-16,-0.060413653536354084,UNH
2025-01-17,-0.001625544131727108,UNH
2025-01-21,0.029876765883915413,UNH
2025-01-22,-0.010038323833369223,UNH
2025-01-23,0.01933743052922976,UNH
2025-01-24,0.005172037173412303,UNH
2025-01-27,0.020675686022260553,UNH
2025-01-28,-0.0019135248475243838,UNH
2025-01-29,-0.008074039670602717,UNH
2025-01-30,0.013882237645796547,UNH
2025-01-31,-0.005645502957447923,UNH
2025-02-03,0.01048867729144276,UNH
2025-02-04,-0.004980080457559932,UNH
2025-02-05,-0.010340112791668243,UNH
2025-02-06,-0.018098997009016182,UNH
2025-02-07,-0.005678720200825049,UNH
2025-02-10,0.012029610207924701,UNH
2025-02-11,0.0010311562292661947,UNH
2025-02-12,-0.01221148993254828,UNH
2025-02-13,0.0071671749843360555,UNH
2025-02-14,-0.014439517707583893,UNH
2025-02-18,-0.04351396984652778,UNH
2025-02-19,0.020589933362063384,UNH
2025-02-20,-0.016867554346148173,UNH
2025-02-21,-0.0716531966041557,UNH
2025-02-24,-0.010505604976193239,UNH
2025-02-25,0.019197469405551892,UNH
2025-02-26,-0.014435155564517466,UNH
2025-02-27,0.010720682628968303,UNH
2025-02-28,0.01365885677358536,UNH
2025-03-03,-0.01665404203389098,UNH
2025-03-04,0.01618669897481051,UNH
2025-03-05,0.0028866346622495875,UNH
2025-03-06,0.024664880800450595,UNH
2025-03-07,0.011810074943017224,UNH
2025-03-10,-0.026870409075176016,UNH
2025-03-11,0.012119460475249921,UNH
2025-03-12,-0.01014324563140101,UNH
2025-03-13,0.0008522036012406087,UNH
2025-03-14,0.014807287434561944,UNH
2025-03-17,0.021221723619593957,UNH
2025-03-18,0.009578772162503357,UNH
2025-03-19,-0.0011909003582272204,UNH
2025-03-20,0.01609693042416893,UNH
2025-03-21,0.010854660523121229,UNH
2025-03-24,-0.0006771318612150967,UNH
2025-03-25,-0.005943867036241501,UNH
2025-03-26,0.0092904964635796,UNH
2025-03-27,-0.004785876969287672,UNH
2025-03-28,0.0006205059768820131,UNH
2025-03-31,0.014940745486675677,UNH
2025-04-01,-0.0012028732846062207,UNH
2025-04-02,0.0001529612528494706,UNH
2025-04-03,0.03295105090240913,UNH
2025-04-04,-0.028476823660191664,UNH
2025-04-07,-0.0006665566975986303,UNH
2025-04-08,0.054088058362031344,UNH
2025-04-09,0.04596076901116275,UNH
2025-04-10,0.027484916878241172,UNH
2025-04-11,0.00852951897850307,UNH
2025-04-14,-0.020701575977151054,UNH
2025-04-15,-0.005910759918160924,UNH
2025-04-16,0.0024845372695754264,UNH
2025-04-17,-0.22379665936207493,UNH
2025-04-21,-0.0633767142491174,UNH
2025-04-22,0.004349578355443029,UNH
2025-04-23,0.0018259253538797093,UNH
2025-04-24,-0.008669014695658839,UNH
2025-04-25,-0.013223300769740765,UNH
2025-04-28,0.003248579457232781,UNH
2025-04-29,-0.02564283098493303,UNH
2025-04-30,0.005400365065483914,UNH
2025-05-01,-0.02615207491196081,UNH
2025-05-02,-0.0018967237245155477,UNH
2025-05-05,0.012227405397762015,UNH
2025-05-06,-0.02544400547191994,UNH
2025-05-07,-0.008745056200426649,UNH
2025-05-08,-0.014089934536961723,UNH
2025-05-09,-0.012734984567468799,UNH
2025-05-12,-0.004965359856301865,UNH
2025-05-13,-0.17787457456683164,UNH
2025-05-14,-0.010822773024413701,UNH
2025-05-15,-0.1092821745881648,UNH
2025-05-16,0.0640058216436421,UNH
2025-05-19,0.08214864405292999,UNH
2025-05-20,0.018012509607689298,UNH
2025-05-21,-0.05783934437026195,UNH
2025-05-22,-0.020826448378729823,UNH
2025-05-23,-0.003707843913195452,UNH
2025-05-27,-0.001928501911878655,UNH
2025-05-28,0.010542323225635641,UNH
2025-05-29,0.0002013621787981812,UNH
2025-05-30,0.012543146748327905,UNH
2025-06-02,0.009307401293461748,UNH
2025-06-03,-0.011485954272706267,UNH
2025-06-04,-0.002788647282672141,UNH
2025-06-05,-0.015114216895672161,UNH
2025-06-06,0.02494593352544361,UNH
2025-06-09,-9.893403857297312e-05,UNH
2025-06-10,0.001978977204670773,UNH
2025-06-11,0.022285094385093185,UNH
2025-06-12,0.025566726248792637,UNH
2025-06-13,-0.015604399437058492,UNH
2025-06-16,-0.018722275827008028,UNH
2025-06-17,0.003932885135134567,UNH
2025-06-18,-0.005406750207389455,UNH
2025-06-20,-0.016894538525957348,UNH
2025-06-23,-0.004403884132436198,UNH
2025-06-24,0.016429435152783833,UNH
2025-06-25,-0.011779353972357853,UNH
2025-06-26,0.00198664368366841,UNH
2025-06-27,0.021446006011142105,UNH
2025-06-30,0.00925242148320704,UNH
2025-07-01,0.0454210769378105,UNH
2025-07-02,-0.05696944948589666,UNH
2025-07-03,0.003218852393788385,UNH
2025-07-07,-0.01568626326162159,UNH
2025-07-08,0.013137601212383165,UNH
2025-07-09,-0.015567137974954015,UNH
2025-07-10,-0.011224435823773637,UNH
2025-07-11,0.015325018157097414,UNH
2025-07-14,-0.011575203750741725,UNH
2025-07-15,-0.029509599818466237,UNH
2025-07-16,0.002673884344537303,UNH
2025-07-17,-0.015111569823686888,UNH
2025-07-18,-0.018814917519803576,UNH
2025-07-21,-0.0018042782913826327,UNH
2025-07-22,0.01059754050874595,UNH
2025-07-23,0.025882947274684875,UNH
2025-07-24,-0.04762238121191431,UNH
2025-07-25,0.00890233005192842,UNH
2025-07-28,0.0037714280502432196,UNH
2025-07-29,-0.07461359760843955,UNH
2025-07-30,0.01903704401605566,UNH
2025-07-31,-0.06194561140057031,UNH
2025-08-01,-0.047243121499729424,UNH
2025-08-04,0.013500405422880002,UNH
2025-08-05,0.04158023259237642,UNH
2025-08-06,-0.020796817612363072,UNH
2025-08-07,-0.004516236536189044,UNH
2025-08-08,0.025422002154952494,UNH
2025-08-11,0.0058989825466917445,UNH
2025-08-12,0.03645446124749996,UNH
2025-08-13,0.039148181930822146,UNH
2025-08-14,-0.001177319918667652,UNH
2025-08-15,0.11978349368673125,UNH
2025-08-18,0.01473629263787668,UNH
2025-08-19,-0.01377678412440897,UNH
2025-08-20,-0.014462247034305986,UNH
2025-08-21,0.011706276042204644,UNH
2025-08-22,0.01341686910278117,UNH
2025-08-25,-0.00832746068685497,UNH
2025-08-26,-0.01453123692396896,UNH
2025-08-27,0.01148358117078696,UNH
2025-08-28,-0.00523231641550026,UNH
2025-08-29,0.02507521372853838,UNH
2025-09-02,-0.0034530846518847635,UNH
2025-09-03,-0.0029792193864108807,UNH
2025-09-04,0.008120046642689838,UNH
2025-09-05,0.016141535172398136,UNH
2025-09-08,0.015409445847484715,UNH
2025-09-09,0.08640129095311289,UNH
2025-09-10,-0.0032766572902949154,UNH
2025-09-11,0.019695445516777044,UNH
2025-09-12,-0.003110702840712798,UNH
2025-09-15,-0.013105996962353594,UNH
2025-09-16,-0.023312011059978932,UNH
2025-09-17,0.005385798395550312,UNH
2025-09-18,-0.019876403847961188,UNH
2025-09-19,0.005585075790816463,UNH
2025-09-22,0.013692076741615766,UNH
2025-09-23,0.01872257508638908,UNH
2025-09-24,0.011849622043365482,UNH
2025-09-25,-0.017765271150257944,UNH
2025-09-26,-0.004282934936869154,UNH
2024-04-15,,USO
2024-04-16,-0.003919163366124301,USO
2024-04-17,-0.029755294657097475,USO
2024-04-18,-0.0016475082597787738,USO
2024-04-19,0.0008885465334966813,USO
2024-04-22,-0.0008877577194524866,USO
2024-04-23,0.015232350802626193,USO
2024-04-24,-0.004251112190728379,USO
2024-04-25,0.010045241811764694,USO
2024-04-26,-0.0006216192222797678,USO
2024-04-29,-0.011071021226590982,USO
2024-04-30,-0.014088084862667105,USO
2024-05-01,-0.03125793613287409,USO
2024-05-02,0.0,USO
2024-05-03,-0.010536060167818495,USO
2024-05-06,0.007054524531708184,USO
2024-05-07,-0.0021147720640344314,USO
2024-05-08,0.0080794782828022,USO
2024-05-09,0.005386887786453132,USO
2024-05-10,-0.015943461119050317,USO
2024-05-13,0.011022498911316791,USO
2024-05-14,-0.012084568529312611,USO
2024-05-15,0.008908365604323398,USO
2024-05-16,0.0048761565626620484,USO
2024-05-17,0.00944263896004105,USO
2024-05-20,-0.0031180701567271596,USO
2024-05-21,-0.007428641598941299,USO
2024-05-22,-0.016938036416733193,USO
2024-05-23,-0.005609800760412287,USO
2024-05-24,0.012088671091613268,USO
2024-05-28,0.03065700377925884,USO
2024-05-29,-0.0140355899547423,USO
2024-05-30,-0.013582354965030019,USO
2024-05-31,-0.009400226346452323,USO
2024-06-03,-0.03996254846251179,USO
2024-06-04,-0.010302178397608386,USO
2024-06-05,0.011253384343352657,USO
2024-06-06,0.019056930841750752,USO
2024-06-07,-0.003276078162238627,USO
2024-06-10,0.03341553757299365,USO
2024-06-11,0.0006626431535181609,USO
2024-06-12,0.006224357136888736,USO
2024-06-13,-0.003158798138459984,USO
2024-06-14,0.00448909396454833,USO
2024-06-17,0.022476328119312106,USO
2024-06-18,0.011312472593663525,USO
2024-06-20,0.009406451129881699,USO
2024-06-21,-0.009570609509908734,USO
2024-06-24,0.013350227615924304,USO
2024-06-25,-0.010037584102830066,USO
2024-06-26,-0.0019011599870464302,USO
2024-06-27,0.014857119605654834,USO
2024-06-28,-0.00412915213482723,USO
2024-07-01,0.02450062404021458,USO
2024-07-02,-0.005273489089376526,USO
2024-07-03,0.001972580834803006,USO
2024-07-05,0.0004921978242846681,USO
2024-07-08,-0.010945755950946712,USO
2024-07-09,-0.008082585683642951,USO
2024-07-10,0.00890067373381176,USO
2024-07-11,0.0057156941511611326,USO
2024-07-12,-0.008524863115809245,USO
2024-07-15,-0.0016199034693827885,USO
2024-07-16,-0.01323021906702948,USO
2024-07-17,0.01973191545866304,USO
2024-07-18,-0.00893080124254464,USO
2024-07-19,-0.02377974329904753,USO
2024-07-22,-0.004871759659204722,USO
2024-07-23,-0.012883277049922981,USO
2024-07-24,0.0024797024954452684,USO
2024-07-25,0.008462459921093624,USO
2024-07-26,-0.01742833062325333,USO
2024-07-29,-0.012087743549698327,USO
2024-07-30,-0.0097087821948465,USO
2024-07-31,0.04405048105863951,USO
2024-08-01,-0.01865187790181244,USO
2024-08-02,-0.038012865265134255,USO
2024-08-05,-0.0023163669486184757,USO
2024-08-06,-0.010516310565742204,USO
2024-08-07,0.030917951518539155,USO
2024-08-08,0.0089703862236572,USO
2024-08-09,0.011411897603321286,USO
2024-08-12,0.03161894508157315,USO
2024-08-13,-0.012590587541022713,USO
2024-08-14,-0.013523996136169614,USO
2024-08-15,0.010706454673285792,USO
2024-08-16,-0.014080918689049149,USO
2024-08-19,-0.02541931930245822,USO
2024-08-20,-0.007394399605708646,USO
2024-08-21,-0.016659939407128954,USO
2024-08-22,0.013498669111996264,USO
2024-08-23,0.026773595700994912,USO
2024-08-26,0.03017867223294335,USO
2024-08-27,-0.017217062003851646,USO
2024-08-28,-0.013204268989976509,USO
2024-08-29,0.01709053032274821,USO
2024-08-30,-0.03165299480829464,USO
2024-09-03,-0.04371805434625098,USO
2024-09-04,-0.020818621518907454,USO
2024-09-05,0.004022393001606117,USO
2024-09-06,-0.013735857674293306,USO
2024-09-09,0.004932487108448402,USO
2024-09-10,-0.03334773596852725,USO
2024-09-11,0.013291508390340212,USO
2024-09-12,0.030066336940382188,USO
2024-09-13,-0.0007154536012947688,USO
2024-09-16,0.014891193729388963,USO
2024-09-17,0.011851072232436533,USO
2024-09-18,-0.014779664536421766,USO
2024-09-19,0.029578208740050904,USO
2024-09-20,0.002336744590313522,USO
2024-09-23,-0.009188126519051987,USO
2024-09-24,0.014394476339478768,USO
2024-09-25,-0.024696377895804922,USO
2024-09-26,-0.03455513576810054,USO
2024-09-27,0.018258143281152606,USO
2024-09-30,-0.004980766911074408,USO
2024-10-01,0.03132154603486437,USO
2024-10-02,0.009014027463280838,USO
2024-10-03,0.04081914696954403,USO
2024-10-04,0.00818691522124082,USO
2024-10-07,0.037328075063250976,USO
2024-10-08,-0.04305550712259876,USO
2024-10-09,-0.007124962514899691,USO
2024-10-10,0.0334883274826101,USO
2024-10-11,-0.003600344495087948,USO
2024-10-14,-0.0201315989366303,USO
2024-10-15,-0.04174895504022835,USO
2024-10-16,-0.004947781745216595,USO
2024-10-17,0.0030386908296471393,USO
2024-10-18,-0.017075260895971556,USO
2024-10-21,0.012328452180913496,USO
2024-10-22,0.023802950039503612,USO
2024-10-23,-0.005812385586158264,USO
2024-10-24,-0.006662209012000209,USO
2024-10-25,0.016014314774668748,USO
2024-10-28,-0.05119227913119673,USO
2024-10-29,-0.010932793408064523,USO
2024-10-30,0.02440420411816424,USO
2024-10-31,0.02410315591356116,USO
2024-11-01,-0.014504723062798819,USO
2024-11-04,0.0315190832861485,USO
2024-11-05,0.005922768017011526,USO
2024-11-06,-0.0025425188394377907,USO
2024-11-07,0.0016099107205274077,USO
2024-11-08,-0.020492985985050227,USO
2024-11-11,-0.02994660049586373,USO
2024-11-12,-0.003524104756078783,USO
2024-11-13,0.0005658638300445329,USO
2024-11-14,0.007917397596713949,USO
2024-11-15,-0.02160192026581842,USO
2024-11-18,0.033261644370239596,USO
2024-11-19,0.0033300661133035536,USO
2024-11-20,-0.004010523099414409,USO
2024-11-21,0.01638434268504496,USO
2024-11-22,0.014344304583786327,USO
2024-11-25,-0.028956249506786658,USO
2024-11-26,-0.006796087019965813,USO
2024-11-27,0.0015361068204720052,USO
2024-11-29,-0.0015337508153835389,USO
2024-12-02,-0.007959777823850822,USO
2024-12-03,0.028153152790329594,USO
2024-12-04,-0.015881758592130257,USO
2024-12-05,-0.005703896054271906,USO
2024-12-06,-0.017210064865331054,USO
2024-12-09,0.013240323654045705,USO
2024-12-10,0.0032317460004369636,USO
2024-12-11,0.027030816021428983,USO
2024-12-12,-0.001636475434140916,USO
2024-12-13,0.013659336327079608,USO
2024-12-16,-0.006872418036954042,USO
2024-12-17,-0.00542732582153671,USO
2024-12-18,-0.004911331451069145,USO
2024-12-19,-0.004524291472567277,USO
2024-12-20,0.006748352288261428,USO
2024-12-23,-0.0005472081581712196,USO
2024-12-24,0.0080756089104983,USO
2024-12-26,-0.007060478773761036,USO
2024-12-27,0.009845497712902995,USO
2024-12-30,0.013134749366894516,USO
2024-12-31,0.009756794438801508,USO
2025-01-02,0.018266011881860056,USO
2025-01-03,0.012868813984691085,USO
2025-01-06,-0.007956816372649667,USO
2025-01-07,0.01125478761760168,USO
2025-01-08,-0.01112952715320803,USO
2025-01-10,0.04320823034967103,USO
2025-01-13,0.019717311251483682,USO
2025-01-14,-0.006810229419029423,USO
2025-01-15,0.032692521474312564,USO
2025-01-16,-0.016599406654887572,USO
2025-01-17,-0.005063971376617182,USO
2025-01-21,-0.017086719462843236,USO
2025-01-22,-0.008383680188124631,USO
2025-01-23,-0.015168484596221221,USO
2025-01-24,0.004923613106377234,USO
2025-01-27,-0.020979876896458083,USO
2025-01-28,0.01193379060097377,USO
2025-01-29,-0.013695179085668419,USO
2025-01-30,-0.0003856875773680102,USO
2025-01-31,0.0034726256342945128,USO
2025-02-03,-0.002563406265667423,USO
2025-02-04,-0.0039835204293167115,USO
2025-02-05,-0.01832029104894184,USO
2025-02-06,-0.008411084511115163,USO
2025-02-07,0.005434111049608559,USO
2025-02-10,0.020300565556773842,USO
2025-02-11,0.011240246770494178,USO
2025-02-12,-0.024913722139720207,USO
2025-02-13,0.0009171867807142853,USO
2025-02-14,-0.007461705712507927,USO
2025-02-18,0.015035602667329728,USO
2025-02-19,0.006366916185013283,USO
2025-02-20,0.004002649453884954,USO
2025-02-21,-0.03099284459749896,USO
2025-02-24,0.008228304699899436,USO
2025-02-25,-0.024220138708958228,USO
2025-02-26,-0.0037771319259554126,USO
2025-02-27,0.019363579346272974,USO
2025-02-28,-0.0007969920239989658,USO
2025-03-03,-0.025259259439575188,USO
2025-03-04,-0.00013641757054150272,USO
2025-03-05,-0.025780922828947506,USO
2025-03-06,-0.0040605001814945085,USO
2025-03-07,0.013496402664721296,USO
2025-03-10,-0.016645817855472256,USO
2025-03-11,0.00789952833143226,USO
2025-03-12,0.01889441793109614,USO
2025-03-13,-0.016208794721297548,USO
2025-03-14,0.009215247241055824,USO
2025-03-17,0.005949091206943313,USO
2025-03-18,-0.006876633286972189,USO
2025-03-19,0.0029081718201795503,USO
2025-03-20,0.018088997805995932,USO
2025-03-21,0.0008137468582944951,USO
2025-03-24,0.014771599462892304,USO
2025-03-25,-0.0008012494764215727,USO
2025-03-26,0.008019225829569265,USO
2025-03-27,0.0007956137555700238,USO
2025-03-28,-0.009406553819422458,USO
2025-03-31,0.034238401804524754,USO
2025-04-01,-0.0032328978931900343,USO
2025-04-02,0.008562480760722302,USO
2025-04-03,-0.07061998989748008,USO
2025-04-04,-0.059930821191068295,USO
2025-04-07,-0.02856293969835133,USO
2025-04-08,-0.04001217141599733,USO
2025-04-09,0.06694034840941754,USO
2025-04-10,-0.03344187740450666,USO
2025-04-11,0.017452532072482096,USO
2025-04-14,0.0030093978391800835,USO
2025-04-15,-0.0027002744567519166,USO
2025-04-16,0.01910343831133332,USO
2025-04-17,0.025535104899388816,USO
2025-04-21,-0.012377670823266351,USO
2025-04-22,0.010929757650546934,USO
2025-04-23,-0.019028393290488332,USO
2025-04-24,0.0060249230613995675,USO
2025-04-25,0.008326025452043861,USO
2025-04-28,-0.01839774975408659,USO
2025-04-29,-0.0281877745261776,USO
2025-04-30,-0.034775962853363485,USO
2025-05-01,0.015103764144643206,USO
2025-05-02,-0.007904441000784579,USO
2025-05-05,-0.02562104592428127,USO
2025-05-06,0.03575436236052765,USO
2025-05-07,-0.01687306777607045,USO
2025-05-08,0.03290820670482164,USO
2025-05-09,0.015396374386028588,USO
2025-05-12,0.0148626010313484,USO
2025-05-13,0.029437838885918666,USO
2025-05-14,-0.012357997215309169,USO
2025-05-15,-0.01658674470191135,USO
2025-05-16,0.007545526910238465,USO
2025-05-19,0.006020611913305496,USO
2025-05-20,0.0021894835965794446,USO
2025-05-21,-0.015584143127700512,USO
2025-05-22,-0.006657744823547529,USO
2025-05-23,0.012660090584572625,USO
2025-05-27,-0.010442699026043112,USO
2025-05-28,0.00906659663227094,USO
2025-05-29,-0.010310752018491298,USO
2025-05-30,-0.0005953402898329907,USO
2025-06-02,0.03574090054121548,USO
2025-06-03,0.004888516505708873,USO
2025-06-04,-0.007869552962670001,USO
2025-06-05,0.008508854895378004,USO
2025-06-06,0.02073497700435256,USO
2025-06-09,0.009386464333434263,USO
2025-06-10,-0.006245726003834551,USO
2025-06-11,0.04497208504643968,USO
2025-06-12,0.0030740892524956376,USO
2025-06-13,0.06888738119543913,USO
2025-06-16,-0.020319182971937244,USO
2025-06-17,0.04720711142314271,USO
2025-06-18,-0.00036459790496645716,USO
2025-06-20,0.010331908814867674,USO
2025-06-23,-0.08072664656821826,USO
2025-06-24,-0.04462771232401275,USO
2025-06-25,0.004246541898544454,USO
2025-06-26,0.0038193805568345063,USO
2025-06-27,-0.0042124959100471315,USO
2025-06-30,-0.002319844047177333,USO
2025-07-01,0.011215971658850021,USO
2025-07-02,0.022453618637394035,USO
2025-07-03,-0.0052916247633666424,USO
2025-07-07,0.01715654839262193,USO
2025-07-08,0.006276094488371298,USO
2025-07-09,-0.00038979703292285617,USO
2025-07-10,-0.020018210183521012,USO
2025-07-11,0.0252023019135319,USO
2025-07-14,-0.021606910973781757,USO
2025-07-15,-0.004760653230309941,USO
2025-07-16,-0.0009301048742665907,USO
2025-07-17,0.012900667498435325,USO
2025-07-18,-0.003020001915362558,USO
2025-07-21,-0.004477860739083628,USO
2025-07-22,-0.0031749950442745423,USO
2025-07-23,-0.0009289939779927314,USO
2025-07-24,0.010759797711586971,USO
2025-07-25,-0.01629646370678095,USO
2025-07-28,0.030995320535996296,USO
2025-07-29,0.034080665352028694,USO
2025-07-30,0.015538819753744493,USO
2025-07-31,-0.017892455099403848,USO
2025-08-01,-0.02676212277200385,USO
2025-08-04,-0.01742833062325333,USO
2025-08-05,-0.014321428965235139,USO
2025-08-06,-0.016395571615274718,USO
2025-08-07,-0.005014266729791772,USO
2025-08-08,-0.0016343655704182947,USO
2025-08-11,0.0068212821170954285,USO
2025-08-12,-0.011517697403338745,USO
2025-08-13,-0.006716900401204762,USO
2025-08-14,0.017664901952381573,USO
2025-08-15,-0.012747421199391762,USO
2025-08-18,0.00508235029776638,USO
2025-08-19,-0.011890052466295375,USO
2025-08-20,0.016874046193818604,USO
2025-08-21,0.008297070704628373,USO
2025-08-22,0.006879834818919406,USO
2025-08-25,0.014871390935535134,USO
2025-08-26,-0.02244220393719054,USO
2025-08-27,0.008507727582099278,USO
2025-08-28,0.0074986282311910735,USO
2025-08-29,-0.005316341536893088,USO
2025-09-02,0.025654808822695774,USO
2025-09-03,-0.0251433070800402,USO
2025-09-04,-0.008686375918397382,USO
2025-09-05,-0.02089516103236877,USO
2025-09-08,0.005645100889633881,USO
2025-09-09,0.0047918739010679445,USO
2025-09-10,0.01798609764003345,USO
2025-09-11,-0.022888490234609704,USO
2025-09-12,0.004246541898544454,USO
2025-09-15,0.012549527062861054,USO
2025-09-16,0.019399093990169147,USO
2025-09-17,-0.009250653696057043,USO
2025-09-18,-0.0037348109208720226,USO
2025-09-19,-0.015664824743548578,USO
2025-09-22,-0.0009521177641514944,USO
2025-09-23,0.021783610210945215,USO
2025-09-24,0.017854713969385205,USO
2025-09-25,0.007854411296178032,USO
2025-09-26,0.00038964515039929815,USO
2024-04-15,,V
2024-04-16,0.0002580629774910914,V
2024-04-17,0.00493825799797265,V
2024-04-18,-0.004840688372880098,V
2024-04-19,-0.005859145692227341,V
2024-04-22,0.00945210098786764,V
2024-04-23,0.006536183553273567,V
2024-04-24,0.0033198486401078142,V
2024-04-25,0.0005091071704992345,V
2024-04-26,-0.0023259726701538863,V
2024-04-29,-0.009762468246520939,V
2024-04-30,-0.011882029980287756,V
2024-05-01,-0.00480242022892563,V
2024-05-02,0.001084759910963351,V
2024-05-03,0.003288385826322626,V
2024-05-06,0.01556863698982025,V
2024-05-07,0.013899504311823518,V
2024-05-08,0.002640566479387818,V
2024-05-09,0.004870327542931374,V
2024-05-10,0.007898261010853336,V
2024-05-13,-0.004808633015946473,V
2024-05-14,-0.005905810256457311,V
2024-05-15,0.013537876783433545,V
2024-05-16,-0.005896993471081302,V
2024-05-17,0.0009291372535291664,V
2024-05-20,-0.005569430648342144,V
2024-05-21,-0.009298471524506025,V
2024-05-22,-0.0013409154498895681,V
2024-05-23,-0.004898670628186164,V
2024-05-24,0.0009480335398441841,V
2024-05-28,-0.012787275940553844,V
2024-05-29,-0.007823549888602677,V
2024-05-30,0.00907536477849491,V
2024-05-31,0.004275723237387563,V
2024-06-03,-0.007634099087933666,V
2024-06-04,0.007544968222801929,V
2024-06-05,0.007635219402914339,V
2024-06-06,0.009253218742884872,V
2024-06-07,0.00588364435654487,V
2024-06-10,-0.013026176868340511,V
2024-06-11,-0.0013452410765434353,V
2024-06-12,-0.01583720788894971,V
2024-06-13,0.0032183896626787334,V
2024-06-14,-0.0019543448302870026,V
2024-06-17,0.0018843189193986642,V
2024-06-18,0.009034854770570089,V
2024-06-20,0.011695096353103729,V
2024-06-21,-0.005779951091619107,V
2024-06-24,0.003924084614037815,V
2024-06-25,-0.010025295461639439,V
2024-06-26,0.0002559402059414406,V
2024-06-27,-0.02562138015074744,V
2024-06-28,-0.015454425048888942,V
2024-07-01,0.0029336267386397274,V
2024-07-02,0.018956165237319356,V
2024-07-03,0.0028333117731766944,V
2024-07-05,0.005093108171028149,V
2024-07-08,-0.014647106338346427,V
2024-07-09,-0.0036035716106328497,V
2024-07-10,-0.009192293621775649,V
2024-07-11,-0.0017110730305370803,V
2024-07-12,0.012150076517701835,V
2024-07-15,0.010198020893528614,V
2024-07-16,0.002980025168901168,V
2024-07-17,0.012813415810700945,V
2024-07-18,-0.013018035026165387,V
2024-07-19,-0.013709836615584114,V
2024-07-22,0.008475853508722597,V
2024-07-23,-0.01090726160157618,V
2024-07-24,-0.04010729269709157,V
2024-07-25,-0.0016917522873625135,V
2024-07-26,0.022542704493116128,V
2024-07-29,0.008247956212578567,V
2024-07-30,0.005733944820347059,V
2024-07-31,0.009768176604327383,V
2024-08-01,0.0009785795720509416,V
2024-08-02,0.002444229362563277,V
2024-08-05,-0.03803730453002552,V
2024-08-06,0.007097205221071601,V
2024-08-07,-0.006737476520395913,V
2024-08-08,0.01290346834693401,V
2024-08-09,-0.0002693176702341926,V
2024-08-12,0.0005004807434747516,V
2024-08-13,0.000923429992874647,V
2024-08-14,0.0038827115160360304,V
2024-08-15,0.021674093693190066,V
2024-08-16,0.0021739771978319666,V
2024-08-19,-0.0034034095500454775,V
2024-08-20,0.0058918726949619415,V
2024-08-21,0.0005969394754834489,V
2024-08-22,-0.0009694621692420968,V
2024-08-23,-0.0018660894060017474,V
2024-08-26,0.002879109357772913,V
2024-08-27,0.009358375323782031,V
2024-08-28,-0.005651591210098839,V
2024-08-29,0.019057189480612857,V
2024-08-30,0.007472979506543576,V
2024-09-03,0.007851841611149712,V
2024-09-04,0.0070007238803493355,V
2024-09-05,-0.00666688716993058,V
2024-09-06,0.0026918383933089984,V
2024-09-09,0.02233593565320957,V
2024-09-10,-0.0009453066332381077,V
2024-09-11,-0.00483635277396699,V
2024-09-12,0.004965501142904616,V
2024-09-13,0.006938399341931634,V
2024-09-16,0.010892656399265732,V
2024-09-17,0.0037179376598015512,V
2024-09-18,-0.010563817389409369,V
2024-09-19,-0.011231352705774356,V
2024-09-20,-0.0016477395764771252,V
2024-09-23,0.013554854858512932,V
2024-09-24,-0.054914616759788815,V
2024-09-25,-0.011547745108075214,V
2024-09-26,0.0076400902024575945,V
2024-09-27,0.012808756137718591,V
2024-09-30,-0.0007995101572392249,V
2024-10-01,0.00963809339455124,V
2024-10-02,-0.0021614052245081394,V
2024-10-03,-0.0005054680449007032,V
2024-10-04,0.00386479585650501,V
2024-10-07,-0.014895780376207424,V
2024-10-08,0.004273285633665802,V
2024-10-09,0.007164683160913565,V
2024-10-10,0.0019499821586825838,V
2024-10-11,0.0013334598895726746,V
2024-10-14,0.010221697290971887,V
2024-10-15,-0.00495220239108729,V
2024-10-16,0.029467507669277193,V
2024-10-17,0.0099820038412326,V
2024-10-18,0.0007919709946928588,V
2024-10-21,-0.012972228604407277,V
2024-10-22,-0.00718144505756213,V
2024-10-23,-0.0036166956297358777,V
2024-10-24,-0.0019030466814823344,V
2024-10-25,-0.005260893397193045,V
2024-10-28,0.008731733784646423,V
2024-10-29,-0.008128356165766348,V
2024-10-30,0.029374196948588782,V
2024-10-31,-0.0010683676408921317,V
2024-11-01,0.003070498920540121,V
2024-11-04,0.00381789883203143,V
2024-11-05,0.0049340497217447155,V
2024-11-06,0.048109328447857314,V
2024-11-07,-0.005204964656096989,V
2024-11-08,0.006769154371648156,V
2024-11-11,0.00990683846727558,V
2024-11-12,-0.003441423124946108,V
2024-11-13,-0.0011941104079368214,V
2024-11-14,-0.0039744440437623485,V
2024-11-15,0.004509374366382879,V
2024-11-18,0.008138447534092208,V
2024-11-19,-0.0009930726388935884,V
2024-11-20,-0.014301719954424752,V
2024-11-21,0.008165454726685173,V
2024-11-22,6.45999730373159e-05,V
2024-11-25,0.010551074057804755,V
2024-11-26,-0.004374325829394232,V
2024-11-27,0.00923611319083184,V
2024-11-29,0.0012074177009704368,V
2024-12-02,0.004982884953432798,V
2024-12-03,-0.011495291965959442,V
2024-12-04,-0.009935835187728781,V
2024-12-05,-0.002646038529747985,V
2024-12-06,0.0062444133467312035,V
2024-12-09,-0.008713616563976512,V
2024-12-10,0.013233919076842682,V
2024-12-11,0.004513744926274432,V
2024-12-12,0.0014022194124236886,V
2024-12-13,0.0016229488916290613,V
2024-12-16,0.003653887175907089,V
2024-12-17,0.007629152656861926,V
2024-12-18,-0.0267671672649058,V
2024-12-19,0.016463316300640685,V
2024-12-20,0.008987508029666191,V
2024-12-23,-0.0015422562952172036,V
2024-12-24,0.010812662072322787,V
2024-12-26,0.0008108834260853737,V
2024-12-27,-0.0070113115026761985,V
2024-12-30,-0.01051279126660587,V
2024-12-31,0.00231521674536328,V
2025-01-02,-0.005189262764509706,V
2025-01-03,0.0016221684972199668,V
2025-01-06,-0.005938188991906235,V
2025-01-07,-0.004376421798464425,V
2025-01-08,0.0029839016771400217,V
2025-01-10,-0.015643040796416985,V
2025-01-13,-0.0025672810415032776,V
2025-01-14,0.007070190327185033,V
2025-01-15,0.023261841297336217,V
2025-01-16,0.0030669066158053315,V
2025-01-17,0.007470433781520791,V
2025-01-21,0.012546179296932802,V
2025-01-22,-0.00021631901604457493,V
2025-01-23,0.014371349769967567,V
2025-01-24,0.00606325463502988,V
2025-01-27,0.013143537787543957,V
2025-01-28,-0.00017934344790238033,V
2025-01-29,0.00418558314548001,V
2025-01-30,0.021346858419446058,V
2025-01-31,-0.00364378383465902,V
2025-02-03,0.011761321459393903,V
2025-02-04,-0.0019374628811057448,V
2025-02-05,0.012429403507996373,V
2025-02-06,-0.0056089498665991,V
2025-02-07,0.001553982992607228,V
2025-02-10,0.009223671265991884,V
2025-02-11,-0.001452067732460538,V
2025-02-12,0.002195452243932028,V
2025-02-13,0.011778470976305577,V
2025-02-14,-0.0051176990108539044,V
2025-02-18,0.008253055164872292,V
2025-02-19,-0.004204860689608458,V
2025-02-20,-0.013343525618210061,V
2025-02-21,-0.005592146736537185,V
2025-02-24,0.003815988801319392,V
2025-02-25,0.006374009831639604,V
2025-02-26,-0.00414664281934618,V
2025-02-27,0.014573725238575586,V
2025-02-28,0.019592965120708072,V
2025-03-03,-0.0024537072367073476,V
2025-03-04,-0.02650488127732875,V
2025-03-05,0.0012775222877603465,V
2025-03-06,-0.024157846179565734,V
2025-03-07,0.003370535941905173,V
2025-03-10,-0.011120109627141495,V
2025-03-11,-0.027351517035837825,V
2025-03-12,0.0021074897891903976,V
2025-03-13,-0.012889101646806789,V
2025-03-14,0.009891949842493863,V
2025-03-17,0.008288125681655822,V
2025-03-18,0.0006576034336587266,V
2025-03-19,0.015234358726544439,V
2025-03-20,-0.0010886371921708937,V
2025-03-21,-0.011310740317792667,V
2025-03-24,0.0244592485416959,V
2025-03-25,0.0021810568256890317,V
2025-03-26,-0.0012767757171391336,V
2025-03-27,0.016502971691128465,V
2025-03-28,-0.020036527586893893,V
2025-03-31,0.022196252635517943,V
2025-04-01,-0.011727402419027144,V
2025-04-02,-5.7801446216809715e-05,V
2025-04-03,-0.020038611130717143,V
2025-04-04,-0.07737413781258962,V
2025-04-07,-0.0025867772042378334,V
2025-04-08,-0.012967527585712957,V
2025-04-09,0.07837286963745882,V
2025-04-10,-0.02352377191141597,V
2025-04-11,0.02707867576963796,V
2025-04-14,0.00533892864991925,V
2025-04-15,0.0018796016963396056,V
2025-04-16,-0.013340910094692515,V
2025-04-17,-0.005191203001265299,V
2025-04-21,-0.028852218290363774,V
2025-04-22,0.03530142948299253,V
2025-04-23,0.008961983329519363,V
2025-04-24,0.004007525667549805,V
2025-04-25,-0.001608465762378164,V
2025-04-28,0.006981520554180332,V
2025-04-29,0.011881067618798813,V
2025-04-30,0.011653815631180509,V
2025-05-01,-0.008827750486161356,V
2025-05-02,0.015038673420665338,V
2025-05-05,0.002991969294189767,V
2025-05-06,-0.002696197802636413,V
2025-05-07,0.006183473744614698,V
2025-05-08,0.004058833458290945,V
2025-05-09,0.00361550821582024,V
2025-05-12,0.009388998350160271,V
2025-05-13,0.0008149741181611159,V
2025-05-14,0.0008984578915023356,V
2025-05-15,0.016383315036426982,V
2025-05-16,0.007783625225596724,V
2025-05-19,0.007613931903139415,V
2025-05-20,-0.002881211133947459,V
2025-05-21,-0.023279927571081438,V
2025-05-22,-0.000920978463600397,V
2025-05-23,-0.012375318212907938,V
2025-05-27,0.01629229820905831,V
2025-05-28,0.0011968360923162447,V
2025-05-29,0.007422185607577125,V
2025-05-30,0.007698699205052506,V
2025-06-02,0.0003559924476119747,V
2025-06-03,0.0014780959611240263,V
2025-06-04,0.0058492722192100555,V
2025-06-05,-0.003342421158500364,V
2025-06-06,0.009406473567559637,V
2025-06-09,-0.009615897430866993,V
2025-06-10,0.01101840534710985,V
2025-06-11,0.007040693999505132,V
2025-06-12,-0.005116401046316943,V
2025-06-13,-0.04994611765701573,V
2025-06-16,0.007453605887258963,V
2025-06-17,0.006638869355872989,V
2025-06-18,-0.048792733159407686,V
2025-06-20,-0.005317578978286108,V
2025-06-23,0.015299620650747192,V
2025-06-24,0.022923650568181797,V
2025-06-25,-0.018115618771812225,V
2025-06-26,0.002230171441501616,V
2025-06-27,0.007455962145961781,V
2025-06-30,0.018473373431663775,V
2025-07-01,0.0011829698413601264,V
2025-07-02,-0.003516471138794941,V
2025-07-03,0.013099159039210662,V
2025-07-07,-0.006186175092634416,V
2025-07-08,-0.005860326294370055,V
2025-07-09,0.00905379236546655,V
2025-07-10,-0.005254933003954632,V
2025-07-11,-0.022339024665488316,V
2025-07-14,0.00738656447653141,V
2025-07-15,-0.00992870466855389,V
2025-07-16,0.008299247807016297,V
2025-07-17,-0.00025720588585453896,V
2025-07-18,-0.0021726359192970612,V
2025-07-21,0.0054147391907617415,V
2025-07-22,0.0026214820304215625,V
2025-07-23,0.009748261627227306,V
2025-07-24,-0.0037152953713075476,V
2025-07-25,0.008673072050262798,V
2025-07-28,-0.004397286821208435,V
2025-07-29,-0.011759058883807127,V
2025-07-30,-0.0010817412211252542,V
2025-07-31,-0.015502557307099263,V
2025-08-01,-0.017714982764242215,V
2025-08-04,0.008251032098448352,V
2025-08-05,-0.013795122913639823,V
2025-08-06,0.006845857240714626,V
2025-08-07,-0.022517201731850567,V
2025-08-08,0.014122685094778653,V
2025-08-11,-0.002612996276507462,V
2025-08-12,0.0025007334121878166,V
2025-08-13,0.017253660768208556,V
2025-08-14,0.008582696091593789,V
2025-08-15,-0.0029522968609884126,V
2025-08-18,-0.005022239905354442,V
2025-08-19,-0.000846058340450595,V
2025-08-20,0.004321741614817798,V
2025-08-21,-0.0006977880367683431,V
2025-08-22,0.01847596979373356,V
2025-08-25,-0.003485319366133388,V
2025-08-26,0.006765624969925943,V
2025-08-27,-0.002363422146978267,V
2025-08-28,-0.0013986606062976747,V
2025-08-29,0.005487948059578862,V
2025-09-02,-0.00486096839221084,V
2025-09-03,0.002285222316197544,V
2025-09-04,0.0003419930996020337,V
2025-09-05,-0.022137352146377243,V
2025-09-08,-0.002680535587851085,V
2025-09-09,0.0049371969081939415,V
2025-09-10,-0.017064435837763847,V
2025-09-11,0.015881921195835647,V
2025-09-12,-0.011819842423423932,V
2025-09-15,-0.0011195383172148965,V
2025-09-16,0.0028904616475802225,V
2025-09-17,0.018145497308721614,V
2025-09-18,-0.023165855714799788,V
2025-09-19,0.010142506209909419,V
2025-09-22,0.008050115974127303,V
2025-09-23,-0.01643621031855047,V
2025-09-24,-5.9106969378497354e-05,V
2025-09-25,-0.01107239896390888,V
2025-09-26,0.0072851117987757785,V
2024-04-15,,VTI
2024-04-16,-0.0030013205883863137,VTI
2024-04-17,-0.005860185909303817,VTI
2024-04-18,-0.0020590864095492156,VTI
2024-04-19,-0.007848858905926903,VTI
2024-04-22,0.009827523973808594,VTI
2024-04-23,0.011912441267618146,VTI
2024-04-24,0.0002394251944233261,VTI
2024-04-25,-0.0047476050731868336,VTI
2024-04-26,0.009300056133209056,VTI
2024-04-29,0.003932025966970842,VTI
2024-04-30,-0.016457663456085125,VTI
2024-05-01,-0.0024938462477992474,VTI
2024-05-02,0.010363288876577448,VTI
2024-05-03,0.011853453263259262,VTI
2024-05-06,0.010728518257403286,VTI
2024-05-07,0.0008976038490853266,VTI
2024-05-08,-0.0007018995073615475,VTI
2024-05-09,0.005891571742269175,VTI
2024-05-10,0.0009308802476539757,VTI
2024-05-13,0.0005425873088971134,VTI
2024-05-14,0.004880164815486809,VTI
2024-05-15,0.012295248762064892,VTI
2024-05-16,-0.0027034036439826936,VTI
2024-05-17,0.00141257254813687,VTI
2024-05-20,0.001029430208983273,VTI
2024-05-21,0.002056510691554214,VTI
2024-05-22,-0.0033825555106553606,VTI
2024-05-23,-0.008504351216332973,VTI
2024-05-24,0.007231066400355424,VTI
2024-05-28,0.0,VTI
2024-05-29,-0.008210157469633939,VTI
2024-05-30,-0.004889839087104719,VTI
2024-05-31,0.007699710351651845,VTI
2024-06-03,0.0003071209165865785,VTI
2024-06-04,-0.0001151496259862439,VTI
2024-06-05,0.012246161315204729,VTI
2024-06-06,-0.0008721953699110108,VTI
2024-06-07,-0.001897893250454974,VTI
2024-06-10,0.003346546204156642,VTI
2024-06-11,0.001705690141131866,VTI
2024-06-12,0.009421788428470634,VTI
2024-06-13,0.0004499218042082198,VTI
2024-06-14,-0.000749418097543697,VTI
2024-06-17,0.007611829317609509,VTI
2024-06-18,0.002530487766791767,VTI
2024-06-20,-0.0025241005611994494,VTI
2024-06-21,-0.0015257653328627496,VTI
2024-06-24,-0.0016772099851888322,VTI
2024-06-25,0.0032853166987876214,VTI
2024-06-26,-3.713346881561996e-05,VTI
2024-06-27,0.0024187618424107438,VTI
2024-06-28,-0.006941848256335814,VTI
2024-07-01,0.002018533915111531,VTI
2024-07-02,0.005782571837847028,VTI
2024-07-03,0.004117156255316612,VTI
2024-07-05,0.005208539420841207,VTI
2024-07-08,0.0013596763333327821,VTI
2024-07-09,-0.0002568050539414335,VTI
2024-07-10,0.009690859704621912,VTI
2024-07-11,-0.004471791599089614,VTI
2024-07-12,0.006610043329546622,VTI
2024-07-15,0.0042809193624744335,VTI
2024-07-16,0.008236394476452968,VTI
2024-07-17,-0.014116812451609007,VTI
2024-07-18,-0.008722175696114332,VTI
2024-07-19,-0.006232629953679902,VTI
2024-07-22,0.010440556022037084,VTI
2024-07-23,-0.0007302646914235655,VTI
2024-07-24,-0.022507229373232795,VTI
2024-07-25,-0.003850030964739015,VTI
2024-07-26,0.011969990399272934,VTI
2024-07-29,7.41184822978802e-05,VTI
2024-07-30,-0.004152590384750465,VTI
2024-07-31,0.014818165384392179,VTI
2024-08-01,-0.01566577178893669,VTI
2024-08-02,-0.020126701983494755,VTI
2024-08-05,-0.029364782806890588,VTI
2024-08-06,0.010149684192448882,VTI
2024-08-07,-0.007642417837126825,VTI
2024-08-08,0.023416753016817005,VTI
2024-08-09,0.004316455349435477,VTI
2024-08-12,-0.0006466355509338051,VTI
2024-08-13,0.016631760674357787,VTI
2024-08-14,0.002845199833473977,VTI
2024-08-15,0.017321129036447447,VTI
2024-08-16,0.002385235726799717,VTI
2024-08-19,0.00944461853587808,VTI
2024-08-20,-0.0024297857760086083,VTI
2024-08-21,0.0050167404034315854,VTI
2024-08-22,-0.008464140961499167,VTI
2024-08-23,0.012658694303637752,VTI
2024-08-26,-0.0025216387430657683,VTI
2024-08-27,0.0009028855746835429,VTI
2024-08-28,-0.006098009497293555,VTI
2024-08-29,0.0009801742664978796,VTI
2024-08-30,0.009647481685523873,VTI
2024-09-03,-0.021517314926754794,VTI
2024-09-04,-0.002239494241108475,VTI
2024-09-05,-0.0030907216927790193,VTI
2024-09-06,-0.01660884313667621,VTI
2024-09-09,0.010696614912929059,VTI
2024-09-10,0.00389909673456601,VTI
2024-09-11,0.009950441954005518,VTI
2024-09-12,0.008314064475775096,VTI
2024-09-13,0.006974259036939268,VTI
2024-09-16,0.0019839397970815575,VTI
2024-09-17,0.0010080238700052035,VTI
2024-09-18,-0.0025174670749287253,VTI
2024-09-19,0.016946030596801,VTI
2024-09-20,-0.002091814796757574,VTI
2024-09-23,0.0024870753509667054,VTI
2024-09-24,0.0025162724903007305,VTI
2024-09-25,-0.003287703509861406,VTI
2024-09-26,0.0044690705636454275,VTI
2024-09-27,-0.004060820496087358,VTI
2024-09-30,0.003935528867866411,VTI
2024-10-01,-0.009111516656577168,VTI
2024-10-02,0.00021394282929865227,VTI
2024-10-03,-0.0021379919904410682,VTI
2024-10-04,0.00967715816450343,VTI
2024-10-07,-0.009124620945236472,VTI
2024-10-08,0.008423404498894449,VTI
2024-10-09,0.006972715213303893,VTI
2024-10-10,-0.002073800836170925,VTI
2024-10-11,0.007748869927356905,VTI
2024-10-14,0.007794243824059244,VTI
2024-10-15,-0.006866931440228874,VTI
2024-10-16,0.005098554432679592,VTI
2024-10-17,-0.0002084551353865871,VTI
2024-10-18,0.003926900349123796,VTI
2024-10-21,-0.003150000401421993,VTI
2024-10-22,-0.0011459722107567405,VTI
2024-10-23,-0.009038783795181637,VTI
2024-10-24,0.0026662332859912485,VTI
2024-10-25,-0.0009446450998150668,VTI
2024-10-28,0.004062490815282205,VTI
2024-10-29,0.001325337806264093,VTI
2024-10-30,-0.0024731485588926905,VTI
2024-10-31,-0.01864719219520683,VTI
2024-11-01,0.004270050216146792,VTI
2024-11-04,-0.0018070713452571496,VTI
2024-11-05,0.012707605270315891,VTI
2024-11-06,0.027970597012849874,VTI
2024-11-07,0.006989865662511363,VTI
2024-11-08,0.0046727557158332544,VTI
2024-11-11,0.002797401886513118,VTI
2024-11-12,-0.003932289420357837,VTI
2024-11-13,-0.00047232895760596083,VTI
2024-11-14,-0.00739291212971438,VTI
2024-11-15,-0.012685385926855197,VTI
2024-11-18,0.004064595383226788,VTI
2024-11-19,0.004597057815992844,VTI
2024-11-20,0.0005805874928468402,VTI
2024-11-21,0.006996545368493923,VTI
2024-11-22,0.0049483885207977085,VTI
2024-11-25,0.004890161012099492,VTI
2024-11-26,0.003658196969894112,VTI
2024-11-27,-0.0028422525351378125,VTI
2024-11-29,0.005566643449292696,VTI
2024-12-02,0.0019009115989598868,VTI
2024-12-03,0.0,VTI
2024-12-04,0.00672376121058571,VTI
2024-12-05,-0.0027774072460401422,VTI
2024-12-06,0.0027851427216165625,VTI
2024-12-09,-0.00638129646375496,VTI
2024-12-10,-0.003760063911033118,VTI
2024-12-11,0.008049610964350862,VTI
2024-12-12,-0.005699142777576993,VTI
2024-12-13,-0.0004998463849512635,VTI
2024-12-16,0.004067619946305001,VTI
2024-12-17,-0.0049476681539869505,VTI
2024-12-18,-0.030935022693667658,VTI
2024-12-19,-0.0014119068887604724,VTI
2024-12-20,0.011380052651713157,VTI
2024-12-23,0.002454995989156883,VTI
2024-12-24,0.01061222828975339,VTI
2024-12-26,0.000572204599247339,VTI
2024-12-27,-0.010831178741806169,VTI
2024-12-30,-0.011051790114783078,VTI
2024-12-31,-0.0034729720795962926,VTI
2025-01-02,-0.0018977530023185363,VTI
2025-01-03,0.013136927555411848,VTI
2025-01-06,0.005596173691735595,VTI
2025-01-07,-0.011163924019828686,VTI
2025-01-08,0.0009264919195599575,VTI
2025-01-10,-0.015016473507941663,VTI
2025-01-13,0.001635924958833579,VTI
2025-01-14,0.0022588332309787518,VTI
2025-01-15,0.018341230778248896,VTI
2025-01-16,-0.0007490423448422989,VTI
2025-01-17,0.009233779899928019,VTI
2025-01-21,0.009925733694269079,VTI
2025-01-22,0.00488062908198339,VTI
2025-01-23,0.005256109581453394,VTI
2025-01-24,-0.002912187782586506,VTI
2025-01-27,-0.013939534880894389,VTI
2025-01-28,0.008582927433802512,VTI
2025-01-29,-0.004271646271880258,VTI
2025-01-30,0.006267369868920847,VTI
2025-01-31,-0.005462244152017015,VTI
2025-02-03,-0.007300712093842088,VTI
2025-02-04,0.0072532008605705744,VTI
2025-02-05,0.004622047924974337,VTI
2025-02-06,0.0024670451883970212,VTI
2025-02-07,-0.008946098704862737,VTI
2025-02-10,0.006409408262112004,VTI
2025-02-11,-0.0005335055855276716,VTI
2025-02-12,-0.003302719714345259,VTI
2025-02-13,0.010443148397387914,VTI
2025-02-14,-0.00013253128486401256,VTI
2025-02-18,0.002816081744727139,VTI
2025-02-19,0.0014205711200008242,VTI
2025-02-20,-0.0053774244822824,VTI
2025-02-21,-0.018474831626451582,VTI
2025-02-24,-0.0051027632370452825,VTI
2025-02-25,-0.004959041598171177,VTI
2025-02-26,0.0003412718271773585,VTI
2025-02-27,-0.015492162485777339,VTI
2025-02-28,0.015424011434016283,VTI
2025-03-03,-0.01792053574935004,VTI
2025-03-04,-0.012477829913846272,VTI
2025-03-05,0.011368474735457657,VTI
2025-03-06,-0.018583595700244815,VTI
2025-03-07,0.004716097039856759,VTI
2025-03-10,-0.027246422391764336,VTI
2025-03-11,-0.007002368151703409,VTI
2025-03-12,0.004932610221320077,VTI
2025-03-13,-0.014034379541950082,VTI
2025-03-14,0.021424875416749867,VTI
2025-03-17,0.008267477618899566,VTI
2025-03-18,-0.010777749136284154,VTI
2025-03-19,0.011365746455660464,VTI
2025-03-20,-0.0023979579075651403,VTI
2025-03-21,0.00039468993684077525,VTI
2025-03-24,0.018504585078595426,VTI
2025-03-25,0.0016900125074679195,VTI
2025-03-26,-0.011705109798493263,VTI
2025-03-27,-0.007718072981469426,VTI
2025-03-28,-0.019929021661038382,VTI
2025-03-31,0.005156726401193579,VTI
2025-04-01,0.0033837603266371197,VTI
2025-04-02,0.007905222758852526,VTI
2025-04-03,-0.05033286611814447,VTI
2025-04-04,-0.05868309871123467,VTI
2025-04-07,-0.003259941057730642,VTI
2025-04-08,-0.015787788113917345,VTI
2025-04-09,0.10145645532852554,VTI
2025-04-10,-0.04115769464531782,VTI
2025-04-11,0.01674240640647473,VTI
2025-04-14,0.009207624940886339,VTI
2025-04-15,-0.0017414024823274588,VTI
2025-04-16,-0.02078202031017773,VTI
2025-04-17,0.0020913541799014723,VTI
2025-04-21,-0.02376809235356281,VTI
2025-04-22,0.025455235631095974,VTI
2025-04-23,0.017025069230945933,VTI
2025-04-24,0.021067369198051633,VTI
2025-04-25,0.006134148012811869,VTI
2025-04-28,0.001440969959176197,VTI
2025-04-29,0.006014112423547102,VTI
2025-04-30,0.0005868248366476259,VTI
2025-05-01,0.00623114743719233,VTI
2025-05-02,0.015590845659999353,VTI
2025-05-05,-0.005667096992267084,VTI
2025-05-06,-0.008116297489692004,VTI
2025-05-07,0.0041458490955323946,VTI
2025-05-08,0.007859235604867232,VTI
2025-05-09,-0.0011139771451544878,VTI
2025-05-12,0.03345680379943139,VTI
2025-05-13,0.0067880818797902975,VTI
2025-05-14,0.0006569477926987588,VTI
2025-05-15,0.004077235274696722,VTI
2025-05-16,0.006848103029882369,VTI
2025-05-19,0.0007861473678456576,VTI
2025-05-20,-0.0032785473962037015,VTI
2025-05-21,-0.017406260008923646,VTI
2025-05-22,-0.00017431319483840468,VTI
2025-05-23,-0.005859349430206162,VTI
2025-05-27,0.02055846609560774,VTI
2025-05-28,-0.005878279446394963,VTI
2025-05-29,0.003215853480168951,VTI
2025-05-30,-0.0008272102523579905,VTI
2025-06-02,0.005105493458744448,VTI
2025-06-03,0.0068987159070579285,VTI
2025-06-04,-0.00010225578551370518,VTI
2025-06-05,-0.005522585182422435,VTI
2025-06-06,0.011654990683727773,VTI
2025-06-09,0.0008131954403147734,VTI
2025-06-10,0.005281785460257815,VTI
2025-06-11,-0.002660677991361271,VTI
2025-06-12,0.003207988632658365,VTI
2025-06-13,-0.011814930007723934,VTI
2025-06-16,0.009878372531706203,VTI
2025-06-17,-0.00833136981999194,VTI
2025-06-18,0.0003740998352466107,VTI
2025-06-20,-0.0023120353257248816,VTI
2025-06-23,0.009610494477756637,VTI
2025-06-24,0.011679296050896681,VTI
2025-06-25,-0.0011678159337176197,VTI
2025-06-26,0.008618443399553977,VTI
2025-06-27,0.004537309088262775,VTI
2025-06-30,0.002044097201470363,VTI
2025-07-01,0.0,VTI
2025-07-02,0.005198621813969018,VTI
2025-07-03,0.008248466279730415,VTI
2025-07-07,-0.007888818249557339,VTI
2025-07-08,-6.550893602808028e-05,VTI
2025-07-09,0.006283177930830552,VTI
2025-07-10,0.0026666904852641338,VTI
2025-07-11,-0.004216457834926746,VTI
2025-07-14,0.002280021601460236,VTI
2025-07-15,-0.005264510304046177,VTI
2025-07-16,0.003789623126361885,VTI
2025-07-17,0.006509145142335804,VTI
2025-07-18,-0.0005497426837153263,VTI
2025-07-21,0.0011323760317787368,VTI
2025-07-22,0.0011633445860983471,VTI
2025-07-23,0.00842484174300484,VTI
2025-07-24,-0.000352152196955946,VTI
2025-07-25,0.004450895622061246,VTI
2025-07-28,-0.0002868957798788374,VTI
2025-07-29,-0.0031569538669790065,VTI
2025-07-30,-0.0011515478341411756,VTI
2025-07-31,-0.004355437474980017,VTI
2025-08-01,-0.016565422404724917,VTI
2025-08-04,0.015666934970626212,VTI
2025-08-05,-0.0044117963564647145,VTI
2025-08-06,0.006760241664943267,VTI
2025-08-07,-0.0005782897213855165,VTI
2025-08-08,0.0063008049922193,VTI
2025-08-11,-0.0023001029406474194,VTI
2025-08-12,0.012231460260896831,VTI
2025-08-13,0.0048397771665618095,VTI
2025-08-14,-0.0014795731766189535,VTI
2025-08-15,-0.002269936678840123,VTI
2025-08-18,0.0003791674304820525,VTI
2025-08-19,-0.006064572261806678,VTI
2025-08-20,-0.002637738120649935,VTI
2025-08-21,-0.0034412012008274706,VTI
2025-08-22,0.017329526604817014,VTI
2025-08-25,-0.004808595180451514,VTI
2025-08-26,0.004547615566596219,VTI
2025-08-27,0.0026722189106906935,VTI
2025-08-28,0.0036370591748600134,VTI
2025-08-29,-0.0059356259301973635,VTI
2025-09-02,-0.006945386196963277,VTI
2025-09-03,0.004240629068334556,VTI
2025-09-04,0.008855223883898367,VTI
2025-09-05,-0.0018430275144352137,VTI
2025-09-08,0.0031920499772037925,VTI
2025-09-09,0.0012789832259469947,VTI
2025-09-10,0.0025546039584238844,VTI
2025-09-11,0.009260444684184854,VTI
2025-09-12,-0.0014471372081705791,VTI
2025-09-15,0.00487193457413615,VTI
2025-09-16,-0.0013501562540383372,VTI
2025-09-17,-0.0008911001199698454,VTI
2025-09-18,0.006304550897652916,VTI
2025-09-19,0.003759087492586577,VTI
2025-09-22,0.004323416452323148,VTI
2025-09-23,-0.005365879743750801,VTI
2025-09-24,-0.0036574772252955245,VTI
2025-09-25,-0.005353482583070335,VTI
2025-09-26,0.0062741524741256605,VTI
2024-04-15,,WFC
2024-04-16,-0.009829758843106884,WFC
2024-04-17,0.013650070197598119,WFC
2024-04-18,0.027282290398130904,WFC
2024-04-19,0.027408865332812837,WFC
2024-04-22,0.01242750652796798,WFC
2024-04-23,-0.002618655505856937,WFC
2024-04-24,-0.005579260916472539,WFC
2024-04-25,-0.011056075673523846,WFC
2024-04-26,-0.0003337303130623859,WFC
2024-04-29,-0.0018360976570143128,WFC
2024-04-30,-0.00802674830033867,WFC
2024-05-01,0.0033715570459940114,WFC
2024-05-02,0.0052083563660418886,WFC
2024-05-03,0.0018384889234150936,WFC
2024-05-06,0.00417083759972936,WFC
2024-05-07,0.001162978840693274,WFC
2024-05-08,0.01609693408100399,WFC
2024-05-09,0.0008165807191629071,WFC
2024-05-10,0.00995431825233073,WFC
2024-05-13,-0.01017936781916673,WFC
2024-05-14,0.010284052977092228,WFC
2024-05-15,0.007270977013690505,WFC
2024-05-16,-0.020532543730572006,WFC
2024-05-17,0.00032755416498275736,WFC
2024-05-20,-0.0062213663510735095,WFC
2024-05-21,0.012520565271511908,WFC
2024-05-22,-0.0086234752227774,WFC
2024-05-23,-0.02051534537566413,WFC
2024-05-24,0.008880676551385802,WFC
2024-05-28,-0.012124224436744546,WFC
2024-05-29,-0.012273025350613254,WFC
2024-05-30,0.007829771650598394,WFC
2024-05-31,0.011991202422748426,WFC
2024-06-03,-0.009679539954626004,WFC
2024-06-04,-0.010785294708505755,WFC
2024-06-05,-0.0003407232964858231,WFC
2024-06-06,-0.0161895153033198,WFC
2024-06-07,0.01091288884654018,WFC
2024-06-10,-0.007368065467420637,WFC
2024-06-11,-0.013809757169793602,WFC
2024-06-12,0.0029756374193417034,WFC
2024-06-13,-0.0005235389126754253,WFC
2024-06-14,0.0022699679950433094,WFC
2024-06-17,0.01463414861076573,WFC
2024-06-18,0.013907924712392772,WFC
2024-06-20,-0.0015241346951856416,WFC
2024-06-21,-0.01458617068700141,WFC
2024-06-24,0.015662648387459788,WFC
2024-06-25,-0.030672726827264962,WFC
2024-06-26,-0.0033217209593002783,WFC
2024-06-27,0.007191718285970428,WFC
2024-06-28,0.0343086256273788,WFC
2024-07-01,0.020205434842092362,WFC
2024-07-02,0.006271679603206071,WFC
2024-07-03,-0.005084490193281277,WFC
2024-07-05,-0.017144756316245124,WFC
2024-07-08,-0.010231476371686643,WFC
2024-07-09,0.014743310817288302,WFC
2024-07-10,-0.0026720080921526224,WFC
2024-07-11,0.00736769286194261,WFC
2024-07-12,-0.060172854738471004,WFC
2024-07-15,0.021047021709230007,WFC
2024-07-16,0.04347829821814053,WFC
2024-07-17,0.011122147248956882,WFC
2024-07-18,-0.027417471238366242,WFC
2024-07-19,-0.00016884091740509977,WFC
2024-07-22,-0.0015195028411862932,WFC
2024-07-23,0.008961765045091274,WFC
2024-07-24,-0.0038545257129910526,WFC
2024-07-25,0.004374194855947255,WFC
2024-07-26,0.01155776579382084,WFC
2024-07-29,-0.0132472138623283,WFC
2024-07-30,0.007048131697765525,WFC
2024-07-31,-0.011164775665472693,WFC
2024-08-01,-0.04145600064285426,WFC
2024-08-02,-0.06364280377292864,WFC
2024-08-05,-0.02140442030745482,WFC
2024-08-06,0.0046047905484505325,WFC
2024-08-07,-0.0013368925517235342,WFC
2024-08-08,0.008988284524322765,WFC
2024-08-09,0.0,WFC
2024-08-12,-0.01326756956996522,WFC
2024-08-13,0.01555892311230922,WFC
2024-08-14,0.01494232894812697,WFC
2024-08-15,0.016958625605661304,WFC
2024-08-16,0.01392710537805919,WFC
2024-08-19,0.02024216328972095,WFC
2024-08-20,-0.0053144239682190175,WFC
2024-08-21,-0.012288556057976852,WFC
2024-08-22,0.009015506820301944,WFC
2024-08-23,0.013223761446989224,WFC
2024-08-26,0.0003527417547539713,WFC
2024-08-27,-0.008110065043546166,WFC
2024-08-28,0.014397465294288647,WFC
2024-08-29,0.004906234112390662,WFC
2024-08-30,0.019529255037163296,WFC
2024-09-03,-0.0017103178849079415,WFC
2024-09-04,-0.004283022178769302,WFC
2024-09-05,-0.0216792557585882,WFC
2024-09-06,-0.050298990145119515,WFC
2024-09-09,0.010925928751627678,WFC
2024-09-10,-0.011723747716789412,WFC
2024-09-11,-0.004077872429878671,WFC
2024-09-12,-0.04020100252772507,WFC
2024-09-13,0.02346323621549473,WFC
2024-09-16,0.01913607729423905,WFC
2024-09-17,0.01338533916622442,WFC
2024-09-18,-0.00458631457893921,WFC
2024-09-19,0.028381882844920492,WFC
2024-09-20,0.008781392207284355,WFC
2024-09-23,-0.020962875927939106,WFC
2024-09-24,-0.01723826442420706,WFC
2024-09-25,-0.010155081953657441,WFC
2024-09-26,0.05185597365503636,WFC
2024-09-27,-0.008689446161963987,WFC
2024-09-30,0.010554564158907098,WFC
2024-10-01,-0.019472512942722453,WFC
2024-10-02,-0.0016248448019429151,WFC
2024-10-03,-0.005786613006131147,WFC
2024-10-04,0.03601308764499467,WFC
2024-10-07,0.0035112494057951693,WFC
2024-10-08,0.0024492545490231166,WFC
2024-10-09,0.004188511023776265,WFC
2024-10-10,0.003649619067280785,WFC
2024-10-11,0.05610392516825624,WFC
2024-10-14,0.019183442150295882,WFC
2024-10-15,0.013996121847175136,WFC
2024-10-16,0.013644306314567922,WFC
2024-10-17,0.007669398473165723,WFC
2024-10-18,-0.000310603353828931,WFC
2024-10-21,-0.00528284593009265,WFC
2024-10-22,0.012339908730890414,WFC
2024-10-23,-0.0038574295543519765,WFC
2024-10-24,0.013475879483923814,WFC
2024-10-25,-0.013755181440946895,WFC
2024-10-28,0.01673643036548733,WFC
2024-10-29,-0.004724852243711775,WFC
2024-10-30,0.0016845421931201976,WFC
2024-10-31,-0.007491292856293019,WFC
2024-11-01,-0.0036968248696644945,WFC
2024-11-04,-0.015151508002666292,WFC
2024-11-05,0.005808460399580273,WFC
2024-11-06,0.1311066265941856,WFC
2024-11-07,-0.03656687568982486,WFC
2024-11-08,0.003150977107773123,WFC
2024-11-11,0.03597939192070654,WFC
2024-11-12,0.0005512805522773778,WFC
2024-11-13,0.002341572624218635,WFC
2024-11-14,0.0004123458853322326,WFC
2024-11-15,0.021153753043635648,WFC
2024-11-18,-0.003362927257403947,WFC
2024-11-19,-0.008908031655244009,WFC
2024-11-20,0.002042782585530478,WFC
2024-11-21,0.016988311618557628,WFC
2024-11-22,0.015100858289021302,WFC
2024-11-25,0.012374966465717119,WFC
2024-11-26,0.005851715725789131,WFC
2024-11-27,-0.0018099468960594,WFC
2024-11-29,-0.01346976982073933,WFC
2024-12-02,-0.011684382447724628,WFC
2024-12-03,-0.015143456537381805,WFC
2024-12-04,-0.014567060155728506,WFC
2024-12-05,0.00821251195682593,WFC
2024-12-06,0.009095820467491578,WFC
2024-12-09,-0.023005503058634802,WFC
2024-12-10,-0.007849072889921427,WFC
2024-12-11,-0.006245726003834551,WFC
2024-12-12,-0.011173120662180347,WFC
2024-12-13,-0.005084754164323746,WFC
2024-12-16,0.02186259032015725,WFC
2024-12-17,-0.016254594939903444,WFC
2024-12-18,-0.028950649527518357,WFC
2024-12-19,0.001308847223598475,WFC
2024-12-20,0.0216412185445376,WFC
2024-12-23,0.002843397612305232,WFC
2024-12-24,0.014885106446492102,WFC
2024-12-26,0.002374714443865278,WFC
2024-12-27,-0.009057992008485893,WFC
2024-12-30,-0.009843860810490379,WFC
2024-12-31,-0.0024145119940013338,WFC
2025-01-02,-0.0007117799527877056,WFC
2025-01-03,0.015956618866375782,WFC
2025-01-06,0.010096778086572167,WFC
2025-01-07,-0.0061085998731506,WFC
2025-01-08,-0.0002793217500951517,WFC
2025-01-10,-0.022495467615154863,WFC
2025-01-13,0.00814750860896929,WFC
2025-01-14,0.009357772203777648,WFC
2025-01-15,0.06686324404545019,WFC
2025-01-16,0.0,WFC
2025-01-17,0.014878274235910371,WFC
2025-01-21,0.009989577384210468,WFC
2025-01-22,-0.003981985416439016,WFC
2025-01-23,-0.001418630501067386,WFC
2025-01-24,-0.0014206458726335747,WFC
2025-01-27,0.008018659454593013,WFC
2025-01-28,-0.0007698894804807344,WFC
2025-01-29,0.006291801623587778,WFC
2025-01-30,0.0057419539679908205,WFC
2025-01-31,-0.00025370011600900355,WFC
2025-02-03,-0.008375680666863228,WFC
2025-02-04,0.01702075558540228,WFC
2025-02-05,0.007298374507934247,WFC
2025-02-06,0.017114241910793027,WFC
2025-02-07,-0.009211496154099108,WFC
2025-02-10,-0.01946200236097939,WFC
2025-02-11,0.0068268132230624445,WFC
2025-02-12,-0.0048970290386407545,WFC
2025-02-13,-0.005047337865979884,WFC
2025-02-14,0.014331070446163219,WFC
2025-02-18,0.010002442970564518,WFC
2025-02-19,-0.005323103635475501,WFC
2025-02-20,-0.021406362829703096,WFC
2025-02-21,-0.014371070747669967,WFC
2025-02-24,-0.0036128874747983764,WFC
2025-02-25,-0.01579903135738403,WFC
2025-02-26,0.005921012476870935,WFC
2025-02-27,0.0022237515386029916,WFC
2025-02-28,0.022187377803481345,WFC
2025-03-03,-0.016470900415652023,WFC
2025-03-04,-0.04842263775994715,WFC
2025-03-05,0.011732613568164574,WFC
2025-03-06,-0.020361408598499997,WFC
2025-03-07,-0.02202337839664259,WFC
2025-03-10,-0.0600985797192769,WFC
2025-03-11,0.007487271775078463,WFC
2025-03-12,0.024524398867656227,WFC
2025-03-13,-0.006818529212567426,WFC
2025-03-14,0.03491088842550849,WFC
2025-03-17,-0.0001411734149030508,WFC
2025-03-18,0.0038114664937738407,WFC
2025-03-19,0.02320350881333999,WFC
2025-03-20,-0.003298591068135126,WFC
2025-03-21,0.0,WFC
2025-03-24,0.024269197706847212,WFC
2025-03-25,-0.0005385152959708206,WFC
2025-03-26,-0.010371722322505272,WFC
2025-03-27,-0.016197120207355087,WFC
2025-03-28,-0.021997736092187692,WFC
2025-03-31,0.015560877580006682,WFC
2025-04-01,-0.006686214665164836,WFC
2025-04-02,0.013322179359999575,WFC
2025-04-03,-0.09119850224832737,WFC
2025-04-04,-0.07141767561258805,WFC
2025-04-07,0.01951457257530409,WFC
2025-04-08,-0.0014475846958538208,WFC
2025-04-09,0.06846004952715701,WFC
2025-04-10,-0.048545170086149,WFC
2025-04-11,-0.009507245809152187,WFC
2025-04-14,0.009438492536075538,WFC
2025-04-15,0.022820958418831472,WFC
2025-04-16,-0.00867681074290605,WFC
2025-04-17,0.011409808494206475,WFC
2025-04-21,-0.010817446424754351,WFC
2025-04-22,0.034682098837903075,WFC
2025-04-23,0.02581910007246946,WFC
2025-04-24,0.023844496010794858,WFC
2025-04-25,0.0024440167381638567,WFC
2025-04-28,-0.0043023524640054545,WFC
2025-04-29,0.024052976546232507,WFC
2025-04-30,-0.001265771305513863,WFC
2025-05-01,0.011265954066985051,WFC
2025-05-02,0.027712095262784286,WFC
2025-05-05,0.0006774447194564104,WFC
2025-05-06,-0.005010089706598331,WFC
2025-05-07,-0.004082784948995277,WFC
2025-05-08,0.0017764041114491924,WFC
2025-05-09,-0.011731014036171494,WFC
2025-05-12,0.03354037829583012,WFC
2025-05-13,0.014823726643511614,WFC
2025-05-14,0.0038163037725995608,WFC
2025-05-15,-0.009045653545468157,WFC
2025-05-16,0.007805318109129322,WFC
2025-05-19,-0.0015752526398176148,WFC
2025-05-20,-0.007099670429404736,WFC
2025-05-21,-0.030852678829853653,WFC
2025-05-22,0.002732571957519747,WFC
2025-05-23,-0.0076304341633873785,WFC
2025-05-27,0.015927447529188843,WFC
2025-05-28,-0.0035139142362814457,WFC
2025-05-29,0.010579123067726348,WFC
2025-05-30,0.0036236295171856447,WFC
2025-06-02,-0.00080232093572008,WFC
2025-06-03,0.012446470690341771,WFC
2025-06-04,-0.003569124481360042,WFC
2025-06-05,-0.006367680353255745,WFC
2025-06-06,0.019092126515934726,WFC
2025-06-09,0.0017030951172476438,WFC
2025-06-10,-0.013209549415696742,WFC
2025-06-11,-0.0068919372312648,WFC
2025-06-12,-0.012278101764291116,WFC
2025-06-13,-0.022294304529835607,WFC
2025-06-16,0.010917646612268461,WFC
2025-06-17,-0.008885871665347156,WFC
2025-06-18,0.03089652225889017,WFC
2025-06-20,0.008830662041392934,WFC
2025-06-23,0.021352792808617904,WFC
2025-06-24,0.014283839028795153,WFC
2025-06-25,0.012290347932034651,WFC
2025-06-26,0.011255841571815361,WFC
2025-06-27,-0.005752865054271639,WFC
2025-06-30,0.007798776686566367,WFC
2025-07-01,0.017099289443620824,WFC
2025-07-02,0.010676190568030819,WFC
2025-07-03,0.015055826306218822,WFC
2025-07-07,-0.015071796163016793,WFC
2025-07-08,-0.009108574609625886,WFC
2025-07-09,0.0024513370096064246,WFC
2025-07-10,0.006969063313899682,WFC
2025-07-11,0.0023069747449997458,WFC
2025-07-14,0.010660172269966184,WFC
2025-07-15,-0.05477645544897247,WFC
2025-07-16,0.013314773568743554,WFC
2025-07-17,-0.0025028728378291287,WFC
2025-07-18,0.011667297903117602,WFC
2025-07-21,-0.004464293316918999,WFC
2025-07-22,0.026158426831748516,WFC
2025-07-23,0.01602330345755698,WFC
2025-07-24,0.0020311326707092014,WFC
2025-07-25,0.005365409961913148,WFC
2025-07-28,-0.01482447823202171,WFC
2025-07-29,-0.0050559548632269635,WFC
2025-07-30,-0.010526348826619403,WFC
2025-07-31,-0.014062136745470744,WFC
2025-08-01,-0.03534662744888384,WFC
2025-08-04,-0.002571315908729721,WFC
2025-08-05,0.004898134112518937,WFC
2025-08-06,-0.004489462265665933,WFC
2025-08-07,-0.0072155334903973856,WFC
2025-08-08,0.010382808444872937,WFC
2025-08-11,-0.0033397834467125964,WFC
2025-08-12,0.024358900737826206,WFC
2025-08-13,-0.0200050817832087,WFC
2025-08-14,0.019514755223671854,WFC
2025-08-15,-0.02908959931317201,WFC
2025-08-18,0.004409908871778834,WFC
2025-08-19,0.001162142756370832,WFC
2025-08-20,0.008125949861110149,WFC
2025-08-21,-0.004222131724574973,WFC
2025-08-22,0.016317571799923325,WFC
2025-08-25,0.01378007570558637,WFC
2025-08-26,0.016460901042978815,WFC
2025-08-27,0.012145722461335717,WFC
2025-08-28,-0.006302989612926191,WFC
2025-08-29,0.002439582093835879,WFC
2025-09-02,-0.004867382871665882,WFC
2025-09-03,-0.015529428491357633,WFC
2025-09-04,0.016395474596940796,WFC
2025-09-05,-0.03507274449910691,WFC
2025-09-08,0.002279639149732171,WFC
2025-09-09,0.02047008793373739,WFC
2025-09-10,-0.005695877566926022,WFC
2025-09-11,0.011830596664234916,WFC
2025-09-12,0.002584604116586453,WFC
2025-09-15,-0.0006137419951531831,WFC
2025-09-16,-0.00024572253483690076,WFC
2025-09-17,0.013392357481990524,WFC
2025-09-18,0.012366593132305592,WFC
2025-09-19,0.013652687301178856,WFC
2025-09-22,0.006143717819125261,WFC
2025-09-23,-0.009276666058656402,WFC
2025-09-24,-0.0030816893180793947,WFC
2025-09-25,0.002496719569002215,WFC
2025-09-26,0.008183140938134992,WFC
2024-04-15,,WMT
2024-04-16,-0.0015017545825061207,WMT
2024-04-17,-0.0031751107323613192,WMT
2024-04-18,-0.006538192696885381,WMT
2024-04-19,0.004556200901301155,WMT
2024-04-22,0.010246944781791445,WMT
2024-04-23,-0.017459249213781614,WMT
2024-04-24,0.013200182387589798,WMT
2024-04-25,0.005678973754028593,WMT
2024-04-26,-0.0008304141807143894,WMT
2024-04-29,0.0013298176738298917,WMT
2024-04-30,-0.01477428916911605,WMT
2024-05-01,-0.008424600048103081,WMT
2024-05-02,0.014613434709428885,WMT
2024-05-03,0.0018422477313380092,WMT
2024-05-06,0.0008358281062457174,WMT
2024-05-07,0.012527142364797683,WMT
2024-05-08,-0.005278780938016592,WMT
2024-05-09,0.0023217146172431757,WMT
2024-05-10,0.0006618285313737537,WMT
2024-05-13,-0.0011574023702717318,WMT
2024-05-14,-0.009104440298787875,WMT
2024-05-15,-0.0005011489975108585,WMT
2024-05-16,0.06986461937572863,WMT
2024-05-17,0.009998427875167915,WMT
2024-05-20,-0.007269933636660286,WMT
2024-05-21,0.015113761547067117,WMT
2024-05-22,0.0015348959597702994,WMT
2024-05-23,-0.006283581028496132,WMT
2024-05-24,0.008328207063944326,WMT
2024-05-28,-0.0052003112905124604,WMT
2024-05-29,-0.0018450606533337854,WMT
2024-05-30,-0.00046208841871508977,WMT
2024-05-31,0.013407347122287305,WMT
2024-06-03,0.0009123716034780127,WMT
2024-06-04,0.011850482876228474,WMT
2024-06-05,0.0073573254503891405,WMT
2024-06-06,0.0008943984388680715,WMT
2024-06-07,-0.018912944804200693,WMT
2024-06-10,0.016393471100192736,WMT
2024-06-11,-0.0034348227401991283,WMT
2024-06-12,-0.006294107256270665,WMT
2024-06-13,0.00588145685428243,WMT
2024-06-14,0.004797596843558072,WMT
2024-06-17,0.0059683907179111095,WMT
2024-06-18,0.002669835509706342,WMT
2024-06-20,0.006065143067515599,WMT
2024-06-21,-0.0014703495218363338,WMT
2024-06-24,0.014578085854557221,WMT
2024-06-25,-0.021480454632177404,WMT
2024-06-26,0.01290422382394496,WMT
2024-06-27,-0.0060038608377899205,WMT
2024-06-28,-0.0025043926903923763,WMT
2024-07-01,-0.003396776408933766,WMT
2024-07-02,0.008743276652934506,WMT
2024-07-03,0.002497402228697876,WMT
2024-07-05,0.02637753675419563,WMT
2024-07-08,-0.005139928692830087,WMT
2024-07-09,0.003157307975596879,WMT
2024-07-10,0.0072961677410214865,WMT
2024-07-11,-0.008663550328429137,WMT
2024-07-12,-0.008022996611805722,WMT
2024-07-15,0.005343771779283024,WMT
2024-07-16,0.005458946273324106,WMT
2024-07-17,0.014859279143737414,WMT
2024-07-18,-0.0029564844161853454,WMT
2024-07-19,-0.0009884170449853125,WMT
2024-07-22,-0.00522972079974604,WMT
2024-07-23,0.0038363779908761053,WMT
2024-07-24,-0.0007077572636640106,WMT
2024-07-25,-0.008215323563601662,WMT
2024-07-26,-0.003427561772002652,WMT
2024-07-29,-0.0022928637935475393,WMT
2024-07-30,-0.0061763902357342415,WMT
2024-07-31,-0.007949169422613922,WMT
2024-08-01,0.016754101633228435,WMT
2024-08-02,-0.01905719750117929,WMT
2024-08-05,-0.012708191034424887,WMT
2024-08-06,0.0022192859003724585,WMT
2024-08-07,-0.01225264581982033,WMT
2024-08-08,0.011209086219565068,WMT
2024-08-09,0.004286037103707896,WMT
2024-08-12,0.01103752808953451,WMT
2024-08-13,-0.008296939157852568,WMT
2024-08-14,0.007779339939204544,WMT
2024-08-15,0.06583158173585724,WMT
2024-08-16,0.003689486771528694,WMT
2024-08-19,0.0036760283686765316,WMT
2024-08-20,0.01112316442276362,WMT
2024-08-21,0.009390889987182405,WMT
2024-08-22,0.004518925796632489,WMT
2024-08-23,0.0015876569764543547,WMT
2024-08-26,0.004359337441985911,WMT
2024-08-27,0.0013152502397293375,WMT
2024-08-28,-0.0006567112067120684,WMT
2024-08-29,0.004468931778493168,WMT
2024-08-30,0.010599387691655915,WMT
2024-09-03,-0.0007769673103723562,WMT
2024-09-04,0.0009070843136600448,WMT
2024-09-05,-0.0036250490295289817,WMT
2024-09-06,-0.004158000242086568,WMT
2024-09-09,0.009133571944374808,WMT
2024-09-10,0.019006998840300326,WMT
2024-09-11,0.00038064687509442585,WMT
2024-09-12,0.010400905153576945,WMT
2024-09-13,0.011800084971108626,WMT
2024-09-16,-0.0004962892839283084,WMT
2024-09-17,-0.024329681527697322,WMT
2024-09-18,0.0054707419023343196,WMT
2024-09-19,-0.0125268616862092,WMT
2024-09-20,0.013070177230911195,WMT
2024-09-23,0.01606380358815085,WMT
2024-09-24,0.004232495084534937,WMT
2024-09-25,0.009049254661005035,WMT
2024-09-26,-0.018181859080961704,WMT
2024-09-27,-0.0017517441548545731,WMT
2024-09-30,0.012158451185071195,WMT
2024-10-01,0.006439586911039186,WMT
2024-10-02,-0.010335872678570945,WMT
2024-10-03,0.0,WMT
2024-10-04,0.00634094410413244,WMT
2024-10-07,-0.02273293688886613,WMT
2024-10-08,0.007711765134245097,WMT
2024-10-09,0.00865641010326712,WMT
2024-10-10,-0.00982588184744082,WMT
2024-10-11,0.00615497877167237,WMT
2024-10-14,0.0023720654809704644,WMT
2024-10-15,0.016938604992450035,WMT
2024-10-16,-0.005266384533250679,WMT
2024-10-17,-0.004063061143744107,WMT
2024-10-18,0.005192213773203003,WMT
2024-10-21,-0.006149305313158937,WMT
2024-10-22,0.014973383504872873,WMT
2024-10-23,0.015240185944407347,WMT
2024-10-24,-0.0027620479982115587,WMT
2024-10-25,-0.006382451510760667,WMT
2024-10-28,0.0029087123688746885,WMT
2024-10-29,-0.012688858631514366,WMT
2024-10-30,-0.0037943399042001946,WMT
2024-10-31,0.006880422199204261,WMT
2024-11-01,0.002928682148891859,WMT
2024-11-04,0.0031633349447981463,WMT
2024-11-05,0.014918173468286833,WMT
2024-11-06,-0.002868043294625644,WMT
2024-11-07,0.004913662760289927,WMT
2024-11-08,0.011687577516606096,WMT
2024-11-11,-0.0073087673370184625,WMT
2024-11-12,0.00926254349574851,WMT
2024-11-13,0.006000731251316838,WMT
2024-11-14,-0.012046769348501463,WMT
2024-11-15,-0.0026044893752079634,WMT
2024-11-18,-0.00201778242071593,WMT
2024-11-19,0.029971415178248195,WMT
2024-11-20,0.006697480846122872,WMT
2024-11-21,0.013879319571427295,WMT
2024-11-22,0.02319270354014602,WMT
2024-11-25,-0.010393657850852556,WMT
2024-11-26,0.0202234364088687,WMT
2024-11-27,0.006242467528908335,WMT
2024-11-29,0.006747962180190026,WMT
2024-12-02,0.0015135069151182012,WMT
2024-12-03,0.009391221419624118,WMT
2024-12-04,0.010052345102530058,WMT
2024-12-05,0.008999535531815983,WMT
2024-12-06,0.0041972075936569375,WMT
2024-12-09,-0.0195401794860961,WMT
2024-12-10,0.007673464847624434,WMT
2024-12-11,0.004336287884521894,WMT
2024-12-12,-0.00916178132866352,WMT
2024-12-13,0.0017005385092669911,WMT
2024-12-16,0.006578278478323929,WMT
2024-12-17,0.005797358558452093,WMT
2024-12-18,-0.019597517848162105,WMT
2024-12-19,-0.0016034368892100526,WMT
2024-12-20,-0.01241973922011086,WMT
2024-12-23,-0.020490019876624466,WMT
2024-12-24,0.025788620591090217,WMT
2024-12-26,0.001186886167342971,WMT
2024-12-27,-0.012178006706204059,WMT
2024-12-30,-0.011891816754702411,WMT
2024-12-31,-0.0024290738814665147,WMT
2025-01-02,-0.003873807194599399,WMT
2025-01-03,0.008666653103298616,WMT
2025-01-06,0.007160184342579479,WMT
2025-01-07,-0.006781174062261641,WMT
2025-01-08,0.010901943836363115,WMT
2025-01-10,0.013071861746732472,WMT
2025-01-13,-0.015806464738743253,WMT
2025-01-14,-0.008084757714832524,WMT
2025-01-15,0.006057885414881836,WMT
2025-01-16,-0.00043785075253199857,WMT
2025-01-17,0.007009850692837549,WMT
2025-01-21,0.012399383939270203,WMT
2025-01-22,0.001611533336141946,WMT
2025-01-23,0.0062211110240941725,WMT
2025-01-24,0.010126901208406425,WMT
2025-01-27,0.02785984941044095,WMT
2025-01-28,-0.0011293696984423507,WMT
2025-01-29,0.0021584857898704346,WMT
2025-01-30,0.011794887444911861,WMT
2025-01-31,-0.004967033514348129,WMT
2025-02-03,0.014058651201443118,WMT
2025-02-04,0.0123567984350621,WMT
2025-02-05,0.016770889130743427,WMT
2025-02-06,0.0038063575359483792,WMT
2025-02-07,-0.016528896193128695,WMT
2025-02-10,0.017498730759915482,WMT
2025-02-11,-0.0043722984478051785,WMT
2025-02-12,0.01112520128884431,WMT
2025-02-13,0.013898295849082087,WMT
2025-02-14,-0.00961448935639575,WMT
2025-02-18,-0.002499059342008003,WMT
2025-02-19,0.0021198807409026355,WMT
2025-02-20,-0.06528847034160912,WMT
2025-02-21,-0.024997431622894917,WMT
2025-02-24,-0.011711338095037216,WMT
2025-02-25,0.04291666863503485,WMT
2025-02-26,-0.015252384644557249,WMT
2025-02-27,0.006133097567587065,WMT
2025-02-28,0.01880359208191984,WMT
2025-03-03,-0.010343821784277174,WMT
2025-03-04,-0.026846963987130046,WMT
2025-03-05,0.010634959705678959,WMT
2025-03-06,-0.013961282771598804,WMT
2025-03-07,-0.030853742474397094,WMT
2025-03-10,-0.042520731290598746,WMT
2025-03-11,-0.004327001306518641,WMT
2025-03-12,-0.025617628438026396,WMT
2025-03-13,-0.00821592691684514,WMT
2025-03-14,0.010059153539894616,WMT
2025-03-17,0.024721741629454508,WMT
2025-03-18,-0.021381234463264787,WMT
2025-03-19,0.008645934394513555,WMT
2025-03-20,-0.006023447948936389,WMT
2025-03-21,0.001981188709669457,WMT
2025-03-24,0.017562159198429184,WMT
2025-03-25,-0.03120351805002819,WMT
2025-03-26,0.005309071931344889,WMT
2025-03-27,0.004928977508014576,WMT
2025-03-28,-0.005605462372240133,WMT
2025-03-31,0.031004102669875966,WMT
2025-04-01,0.011846462064945662,WMT
2025-04-02,0.010469439221047594,WMT
2025-04-03,-0.027852049248012545,WMT
2025-04-04,-0.046642214017713735,WMT
2025-04-07,0.0076932247970447065,WMT
2025-04-08,-0.02433497400654505,WMT
2025-04-09,0.09548841510174211,WMT
2025-04-10,0.011272345462396194,WMT
2025-04-11,0.02416954449458486,WMT
2025-04-14,0.020797416397705826,WMT
2025-04-15,-0.008022823913209964,WMT
2025-04-16,-0.029583896383779118,WMT
2025-04-17,0.022261198869922616,WMT
2025-04-21,-0.008689096202391555,WMT
2025-04-22,0.02640401163637418,WMT
2025-04-23,0.0011597323365437617,WMT
2025-04-24,0.009267030980435909,WMT
2025-04-25,-0.007825542869970725,WMT
2025-04-28,0.0013671772827767992,WMT
2025-04-29,0.008611632895525911,WMT
2025-04-30,0.012598907464993925,WMT
2025-05-01,0.0016452818725900542,WMT
2025-05-02,0.013756249743493765,WMT
2025-05-05,0.0058734362638448445,WMT
2025-05-06,-0.00785260006965005,WMT
2025-05-07,0.002841184887125925,WMT
2025-05-08,-0.014165754325008995,WMT
2025-05-09,-0.007287273758069923,WMT
2025-05-12,0.00031016107235593005,WMT
2025-05-13,-0.008992276450460301,WMT
2025-05-14,0.009908266633819274,WMT
2025-05-15,-0.004957175956384785,WMT
2025-05-16,0.019615977369798143,WMT
2025-05-19,-0.0012214486949999603,WMT
2025-05-20,-0.0032613094768321194,WMT
2025-05-21,-0.014008207605648026,WMT
2025-05-22,-0.0051851083523554165,WMT
2025-05-23,0.004273908385390879,WMT
2025-05-27,0.012871139093830086,WMT
2025-05-28,-0.003484361148853199,WMT
2025-05-29,-0.0014397304887292517,WMT
2025-05-30,0.016683859650253208,WMT
2025-06-02,0.010636096124187144,WMT
2025-06-03,0.0021049084988797873,WMT
2025-06-04,-0.006301308878369882,WMT
2025-06-05,-0.013990935188695652,WMT
2025-06-06,-0.005002019889230436,WMT
2025-06-09,-0.0002052351719544765,WMT
2025-06-10,-0.0013339893020931637,WMT
2025-06-11,-0.015618543442589505,WMT
2025-06-12,-0.010125273379992139,WMT
2025-06-13,-0.004112616072108111,WMT
2025-06-16,-0.0015883261541842497,WMT
2025-06-17,-0.00042423284695036756,WMT
2025-06-18,0.008912427988229332,WMT
2025-06-20,0.010831911329888033,WMT
2025-06-23,0.0182064081356077,WMT
2025-06-24,0.0013282645322343356,WMT
2025-06-25,-0.007550998609893167,WMT
2025-06-26,-0.0127493878873991,WMT
2025-06-27,0.013018121679868377,WMT
2025-06-30,0.005243159800877972,WMT
2025-07-01,0.004704429231083829,WMT
2025-07-02,-0.006412838631079665,WMT
2025-07-03,0.0076836389233714275,WMT
2025-07-07,0.01006504531950303,WMT
2025-07-08,-0.02274788294857555,WMT
2025-07-09,-0.0028839096699769806,WMT
2025-07-10,-0.020142516242312336,WMT
2025-07-11,-0.004849241846014318,WMT
2025-07-14,0.014618614736353175,WMT
2025-07-15,-0.004071824959479331,WMT
2025-07-16,-0.002515964622131772,WMT
2025-07-17,-0.0006306378037415072,WMT
2025-07-18,-0.0004205835279528225,WMT
2025-07-21,0.006522831112902638,WMT
2025-07-22,0.0018814707705745448,WMT
2025-07-23,-0.001773585515405185,WMT
2025-07-24,0.009615365447438684,WMT
2025-07-25,0.00900623975491155,WMT
2025-07-28,0.0014363331065465612,WMT
2025-07-29,0.007376305872359268,WMT
2025-07-30,-0.007525734561009134,WMT
2025-07-31,0.003996383171207762,WMT
2025-08-01,0.005205087664449826,WMT
2025-08-04,0.011168631312619137,WMT
2025-08-05,-0.0028115151078718092,WMT
2025-08-06,0.04078142333422452,WMT
2025-08-07,-0.0023219607425727373,WMT
2025-08-08,0.005915444085573318,WMT
2025-08-11,0.0019280530393313011,WMT
2025-08-12,-0.0029827533694167796,WMT
2025-08-13,-0.02538124698997124,WMT
2025-08-14,-0.00138626985453838,WMT
2025-08-15,-0.008428343946273897,WMT
2025-08-18,0.006999969482421875,WMT
2025-08-19,0.005859026664999822,WMT
2025-08-20,0.012636970754540178,WMT
2025-08-21,-0.044944921751658984,WMT
2025-08-22,-0.011535292609012315,WMT
2025-08-25,-0.007848829101092969,WMT
2025-08-26,-0.0002081465923797765,WMT
2025-08-27,0.00031232460534869055,WMT
2025-08-28,0.0003122270891462442,WMT
2025-08-29,0.00905215629026146,WMT
2025-09-02,0.008970871180376205,WMT
2025-09-03,0.016249402065199536,WMT
2025-09-04,0.014983888044929339,WMT
2025-09-05,-0.004161281756419166,WMT
2025-09-08,0.01761015426770518,WMT
2025-09-09,9.779171245449803e-05,WMT
2025-09-10,-0.018379091177939233,WMT
2025-09-11,0.02230851291777025,WMT
2025-09-12,0.008183110817381323,WMT
2025-09-15,0.0019325981424793692,WMT
2025-09-16,-0.002603956660272133,WMT
2025-09-17,0.008218898560919952,WMT
2025-09-18,-0.006425608425392304,WMT
2025-09-19,-0.012258655036405663,WMT
2025-09-22,0.004788408628962015,WMT
2025-09-23,-0.0029177499771273485,WMT
2025-09-24,0.0020484463591854407,WMT
2025-09-25,0.003114958477246299,WMT
2025-09-26,0.0010674488800967996,WMT
2024-04-15,,XLB
2024-04-16,-0.007710300910522938,XLB
2024-04-17,0.002252217808209167,XLB
2024-04-18,0.0003370649359200062,XLB
2024-04-19,-0.0007862484082218346,XLB
2024-04-22,0.0010117352541751945,XLB
2024-04-23,-0.008646875306825064,XLB
2024-04-24,0.0006796279952805406,XLB
2024-04-25,0.007131592811061571,XLB
2024-04-26,0.006181807517333215,XLB
2024-04-29,0.008378016399960275,XLB
2024-04-30,-0.0181677129792428,XLB
2024-05-01,0.005190106044541398,XLB
2024-05-02,-0.005163307928850114,XLB
2024-05-03,0.010154592731234757,XLB
2024-05-06,0.006031508130124319,XLB
2024-05-07,0.011879645813807072,XLB
2024-05-08,-0.004608274871164997,XLB
2024-05-09,0.011133180364199191,XLB
2024-05-10,0.0011990949191293954,XLB
2024-05-13,-0.0006532835473229692,XLB
2024-05-14,0.0009806490355441788,XLB
2024-05-15,0.001741548143371574,XLB
2024-05-16,-0.007171531473097459,XLB
2024-05-17,0.008536705218891383,XLB
2024-05-20,0.0014107135243124347,XLB
2024-05-21,0.0,XLB
2024-05-22,-0.009752942542093135,XLB
2024-05-23,-0.008864057593998775,XLB
2024-05-24,0.008722545193654119,XLB
2024-05-28,-0.0038309815212658194,XLB
2024-05-29,-0.014284177796324737,XLB
2024-05-30,0.008137368904064024,XLB
2024-05-31,0.01205214847928393,XLB
2024-06-03,-0.00589971509591547,XLB
2024-06-04,-0.011100060781934595,XLB
2024-06-05,0.006890365570760171,XLB
2024-06-06,0.0011037359360404064,XLB
2024-06-07,-0.01003303267181066,XLB
2024-06-10,-0.0010023829643328597,XLB
2024-06-11,-0.00033443456318271725,XLB
2024-06-12,0.0018958199221217331,XLB
2024-06-13,-0.00033391340738764264,XLB
2024-06-14,-0.009241668235417277,XLB
2024-06-17,0.007417352301812619,XLB
2024-06-18,-0.0011155563900264731,XLB
2024-06-20,0.0010050964593526501,XLB
2024-06-21,0.00011159362419910224,XLB
2024-06-24,0.0016733771407881903,XLB
2024-06-25,-0.01269628441947479,XLB
2024-06-26,-0.0006768774614264172,XLB
2024-06-27,-0.002821989054457963,XLB
2024-06-28,-0.0003395832073858074,XLB
2024-07-01,-0.015400301754613932,XLB
2024-07-02,0.0018401801923537686,XLB
2024-07-03,0.007461847334686578,XLB
2024-07-05,0.001595252805840941,XLB
2024-07-08,0.002957930963788602,XLB
2024-07-09,-0.010208728317756655,XLB
2024-07-10,0.013408184051138416,XLB
2024-07-11,0.013683128805800138,XLB
2024-07-12,0.009593938154922377,XLB
2024-07-15,-0.002541473557277296,XLB
2024-07-16,0.01938628630861272,XLB
2024-07-17,-0.002064712224981724,XLB
2024-07-18,-0.009909655275664342,XLB
2024-07-19,-0.008908904255460204,XLB
2024-07-22,0.0033292980770809333,XLB
2024-07-23,0.0039817826166941295,XLB
2024-07-24,-0.012779509481269269,XLB
2024-07-25,0.0027898671833188615,XLB
2024-07-26,0.01635879379833649,XLB
2024-07-29,0.0017518452809275331,XLB
2024-07-30,-0.003278996932648104,XLB
2024-07-31,0.010417775225443293,XLB
2024-08-01,-0.004015658226969809,XLB
2024-08-02,-0.018851430650779766,XLB
2024-08-05,-0.022323435315334872,XLB
2024-08-06,0.005111945744370017,XLB
2024-08-07,-0.0135624382019498,XLB
2024-08-08,0.015467443778669265,XLB
2024-08-09,-0.0007897968745735895,XLB
2024-08-12,-0.004403787267387882,XLB
2024-08-13,0.009980774652238233,XLB
2024-08-14,0.0,XLB
2024-08-15,0.01583375614142679,XLB
2024-08-16,0.001216013834455687,XLB
2024-08-19,0.004747712339899124,XLB
2024-08-20,-0.0036263937478536734,XLB
2024-08-21,0.011470176866988702,XLB
2024-08-22,-0.0020717745426127587,XLB
2024-08-23,0.013221227690668469,XLB
2024-08-26,0.004421395641890591,XLB
2024-08-27,0.00010738819299982438,XLB
2024-08-28,-0.004294165532222505,XLB
2024-08-29,0.005498675323239555,XLB
2024-08-30,0.010937128669334939,XLB
2024-09-03,-0.022698339174335724,XLB
2024-09-04,-0.004124129107175412,XLB
2024-09-05,-0.007846569354196253,XLB
2024-09-06,-0.012631826826824732,XLB
2024-09-09,0.00967852656012158,XLB
2024-09-10,0.0004407328623383666,XLB
2024-09-11,0.0024228368272543044,XLB
2024-09-12,0.009228784863388073,XLB
2024-09-13,0.009035508660351077,XLB
2024-09-16,0.009278245632750037,XLB
2024-09-17,0.0019241079562144492,XLB
2024-09-18,-0.0042675932097820946,XLB
2024-09-19,0.015107639612685464,XLB
2024-09-20,-0.007071967321645167,XLB
2024-09-23,0.004252168886749841,XLB
2024-09-24,0.013655138127008248,XLB
2024-09-25,-0.006683368581570814,XLB
2024-09-26,0.020710613271921696,XLB
2024-09-27,-0.0017509339309653704,XLB
2024-09-30,-0.00557161499927028,XLB
2024-10-01,-0.0024901210895295067,XLB
2024-10-02,-0.0038485827848036003,XLB
2024-10-03,-0.011068159086862539,XLB
2024-10-04,0.00485692206651156,XLB
2024-10-07,-0.0029420908341284413,XLB
2024-10-08,-0.004636973803735178,XLB
2024-10-09,0.006352632322946805,XLB
2024-10-10,0.0023145037795402335,XLB
2024-10-11,0.006507848939104166,XLB
2024-10-14,0.005735770729571987,XLB
2024-10-15,-0.0010369774054742598,XLB
2024-10-16,0.007784928674582359,XLB
2024-10-17,0.001544974060529114,XLB
2024-10-18,0.004010688998521195,XLB
2024-10-21,-0.00768206515517178,XLB
2024-10-22,-0.009186616586294716,XLB
2024-10-23,-0.0027085583146373438,XLB
2024-10-24,-0.012221934161826153,XLB
2024-10-25,-0.006345161692176471,XLB
2024-10-28,0.008301391942284297,XLB
2024-10-29,-0.006438680853980028,XLB
2024-10-30,0.0054180617349581794,XLB
2024-10-31,-0.013207945985434177,XLB
2024-11-01,-0.0027840468779282146,XLB
2024-11-04,0.004402487643092146,XLB
2024-11-05,0.0014966793700896819,XLB
2024-11-06,0.01377029153848186,XLB
2024-11-07,0.0038959156831814834,XLB
2024-11-08,-0.009125185133259106,XLB
2024-11-11,-0.0043400408257804335,XLB
2024-11-12,-0.01701040310068469,XLB
2024-11-13,0.0023794205373302013,XLB
2024-11-14,-0.00820028197807443,XLB
2024-11-15,-0.00696256965184161,XLB
2024-11-18,0.0077782547542462055,XLB
2024-11-19,-0.0032611743594945786,XLB
2024-11-20,0.00817973584938314,XLB
2024-11-21,0.012224115356706422,XLB
2024-11-22,0.005557300895183914,XLB
2024-11-25,0.01030929172554873,XLB
2024-11-26,-0.007468957529007114,XLB
2024-11-27,-0.0005298931973697352,XLB
2024-11-29,0.00509009238605862,XLB
2024-12-02,-0.000633019195679263,XLB
2024-12-03,-0.0031672619076386077,XLB
2024-12-04,-0.009743679165288288,XLB
2024-12-05,-0.013155116116936871,XLB
2024-12-06,-0.0039015172217856664,XLB
2024-12-09,-0.0002176506545955581,XLB
2024-12-10,-0.010229649011317177,XLB
2024-12-11,-0.003518413475113391,XLB
2024-12-12,-0.00695131052091269,XLB
2024-12-13,-0.008555518256293415,XLB
2024-12-16,-0.008853534526578666,XLB
2024-12-17,-0.005540541379888575,XLB
2024-12-18,-0.028425242600874978,XLB
2024-12-19,-0.010766509090720744,XLB
2024-12-20,0.012421661740458667,XLB
2024-12-23,-0.005959361127816698,XLB
2024-12-24,0.0054073008830708424,XLB
2024-12-26,-0.0015199024350908141,XLB
2024-12-27,-0.0053864060451247475,XLB
2024-12-30,-0.01342123094986769,XLB
2024-12-31,0.004057235387934677,XLB
2025-01-02,-0.011053010600451718,XLB
2025-01-03,-0.0002403153862086116,XLB
2025-01-06,0.006731548769795648,XLB
2025-01-07,-0.0005970513642723496,XLB
2025-01-08,0.00549589881289525,XLB
2025-01-10,-0.010218637986333046,XLB
2025-01-13,0.0223289380817413,XLB
2025-01-14,0.012447129086554654,XLB
2025-01-15,0.009510550721580469,XLB
2025-01-16,0.00827207276114228,XLB
2025-01-17,0.006494982690855133,XLB
2025-01-21,0.01279290422272683,XLB
2025-01-22,-0.0080483034660358,XLB
2025-01-23,0.005521810964164153,XLB
2025-01-24,-0.002577645951816754,XLB
2025-01-27,0.0005618320422227097,XLB
2025-01-28,-0.00325660758662516,XLB
2025-01-29,-0.001802655005165521,XLB
2025-01-30,0.0094808575818488,XLB
2025-01-31,-0.007267458722451825,XLB
2025-02-03,0.0010135864057063682,XLB
2025-02-04,0.0029253166546476805,XLB
2025-02-05,-0.000785278161358649,XLB
2025-02-06,0.0034803812692925096,XLB
2025-02-07,-0.012195081353607251,XLB
2025-02-10,0.005096805341215482,XLB
2025-02-11,0.00585986347733769,XLB
2025-02-12,-0.007170057969208443,XLB
2025-02-13,0.017377576932954275,XLB
2025-02-14,-0.003438389256838148,XLB
2025-02-18,0.012687806444168004,XLB
2025-02-19,-0.011759530936864326,XLB
2025-02-20,-0.0023353991186487733,XLB
2025-02-21,-0.01828112146232641,XLB
2025-02-24,-0.001135443107387335,XLB
2025-02-25,0.007729911284981794,XLB
2025-02-26,-0.0004512229536247636,XLB
2025-02-27,-0.006771227513692191,XLB
2025-02-28,0.008521758684189917,XLB
2025-03-03,-0.020054064178197106,XLB
2025-03-04,-0.013566340073976502,XLB
2025-03-05,0.02610720028084712,XLB
2025-03-06,-0.005224887320412597,XLB
2025-03-07,0.00274032722941131,XLB
2025-03-10,-0.02083809880908638,XLB
2025-03-11,-0.007675265136771525,XLB
2025-03-12,-0.004687700894122515,XLB
2025-03-13,-0.0007064353983063931,XLB
2025-03-14,0.013078833208783669,XLB
2025-03-17,0.012560992783132496,XLB
2025-03-18,-0.0017228796311811179,XLB
2025-03-19,0.0033367077886712337,XLB
2025-03-20,-0.006307287174444842,XLB
2025-03-21,-0.009924992443245517,XLB
2025-03-24,0.00874227756144319,XLB
2025-03-25,-0.0002311563698788044,XLB
2025-03-26,0.0018493258011724745,XLB
2025-03-27,-0.00046147802707097174,XLB
2025-03-28,-0.018351758415185215,XLB
2025-03-31,0.010934747463910321,XLB
2025-04-01,0.003721792071765595,XLB
2025-04-02,0.008227103816518255,XLB
2025-04-03,-0.04516722455681166,XLB
2025-04-04,-0.06259032815395282,XLB
2025-04-07,-0.016050334412988754,XLB
2025-04-08,-0.030797346925995117,XLB
2025-04-09,0.08738394757649348,XLB
2025-04-10,-0.031946530000118045,XLB
2025-04-11,0.029675104704119937,XLB
2025-04-14,0.012049704605007872,XLB
2025-04-15,-0.007855644777943094,XLB
2025-04-16,-0.007794196072508974,XLB
2025-04-17,0.0068578936743945995,XLB
2025-04-21,-0.01523223971434795,XLB
2025-04-22,0.023390350715183805,XLB
2025-04-23,0.0012288781874028043,XLB
2025-04-24,0.021600324427160977,XLB
2025-04-25,-0.007448283674900913,XLB
2025-04-28,0.0018154670963210773,XLB
2025-04-29,0.008336383585730855,XLB
2025-04-30,0.005152172416639456,XLB
2025-05-01,-0.0044105703811423425,XLB
2025-05-02,0.01688222843369136,XLB
2025-05-05,-0.007417841176901252,XLB
2025-05-06,-0.007236068662738182,XLB
2025-05-07,-0.005496463986779276,XLB
2025-05-08,0.013336452435269042,XLB
2025-05-09,0.0026085040343342136,XLB
2025-05-12,0.023178797789280114,XLB
2025-05-13,-0.004969952864766314,XLB
2025-05-14,-0.00917636566079294,XLB
2025-05-15,0.010199238992519177,XLB
2025-05-16,0.010212427776627786,XLB
2025-05-19,0.0025272094611850093,XLB
2025-05-20,-0.001718733840426867,XLB
2025-05-21,-0.01331500947587938,XLB
2025-05-22,-0.0010469560126703525,XLB
2025-05-23,-0.0019798042727628973,XLB
2025-05-27,0.017502917776133886,XLB
2025-05-28,-0.013646729973144867,XLB
2025-05-29,0.0037204939760073774,XLB
2025-05-30,0.00011577095591275288,XLB
2025-06-02,0.005906904770236254,XLB
2025-06-03,0.010247546405123265,XLB
2025-06-04,0.003761133338150646,XLB
2025-06-05,-0.005904356135667865,XLB
2025-06-06,0.002627021353763803,XLB
2025-06-09,0.006721394115857704,XLB
2025-06-10,0.006223779622826386,XLB
2025-06-11,-0.00989650552787913,XLB
2025-06-12,0.004202666319109261,XLB
2025-06-13,-0.011650337812765477,XLB
2025-06-16,0.00846882028409679,XLB
2025-06-17,-0.00975942559630616,XLB
2025-06-18,-0.0028650010758617395,XLB
2025-06-20,-0.006780875218936222,XLB
2025-06-23,0.006017175231181504,XLB
2025-06-24,0.00828158730715911,XLB
2025-06-25,-0.009582522612285094,XLB
2025-06-26,0.01105734954903359,XLB
2025-06-27,0.0012531398027031404,XLB
2025-06-30,-0.0009102495347622641,XLB
2025-07-01,0.02585131916153638,XLB
2025-07-02,0.014986661264206225,XLB
2025-07-03,-0.0006562130416000178,XLB
2025-07-07,-0.009631223118743093,XLB
2025-07-08,0.008177760090989583,XLB
2025-07-09,0.0060286682245471734,XLB
2025-07-10,0.005338830576232967,XLB
2025-07-11,-0.00812831935933922,XLB
2025-07-14,-0.005572492630489756,XLB
2025-07-15,-0.02054722231280548,XLB
2025-07-16,0.00269237004052969,XLB
2025-07-17,0.007048611570508845,XLB
2025-07-18,0.0023330638761103195,XLB
2025-07-21,0.005098637533238026,XLB
2025-07-22,0.01378473749220599,XLB
2025-07-23,0.0033721044007903878,XLB
2025-07-24,-0.010299186581132047,XLB
2025-07-25,0.011830450435136308,XLB
2025-07-28,-0.014506917044935785,XLB
2025-07-29,-0.0038448695904046426,XLB
2025-07-30,-0.020180875881075977,XLB
2025-07-31,-0.012605460173572336,XLB
2025-08-01,-0.011512619372886945,XLB
2025-08-04,0.01326108751950028,XLB
2025-08-05,0.00705582221245149,XLB
2025-08-06,-0.010848673382844676,XLB
2025-08-07,0.004341424518588877,XLB
2025-08-08,0.0050050596483066645,XLB
2025-08-11,-0.002263689323104723,XLB
2025-08-12,0.013045961497133884,XLB
2025-08-13,0.01881299269611514,XLB
2025-08-14,-0.010441905282303154,XLB
2025-08-15,0.0,XLB
2025-08-18,-0.005775815285093411,XLB
2025-08-19,0.006032855576357576,XLB
2025-08-20,0.0007773425036308179,XLB
2025-08-21,0.002995967985327752,XLB
2025-08-22,0.019803085823810074,XLB
2025-08-25,-0.005532676660252034,XLB
2025-08-26,0.002727173611798861,XLB
2025-08-27,0.0025022123750575442,XLB
2025-08-28,0.0,XLB
2025-08-29,0.0014107135243124347,XLB
2025-09-02,-0.007477269728367708,XLB
2025-09-03,-0.006769244917318673,XLB
2025-09-04,0.003847405402050752,XLB
2025-09-05,0.007008315722593084,XLB
2025-09-08,0.000869963373762106,XLB
2025-09-09,-0.016297261897864068,XLB
2025-09-10,0.0018776029072931077,XLB
2025-09-11,0.020945888491405995,XLB
2025-09-12,-0.010042115312024147,XLB
2025-09-15,-0.008071529900810392,XLB
2025-09-16,-0.0030789396500982003,XLB
2025-09-17,0.0023163365981686557,XLB
2025-09-18,0.0,XLB
2025-09-19,-0.00044019934321892773,XLB
2025-09-22,-0.005064395851585024,XLB
2025-09-23,-0.003209039578548789,XLB
2025-09-24,-0.01221135048580646,XLB
2025-09-25,-0.013036678111329691,XLB
2025-09-26,0.01161462817821568,XLB
2024-04-15,,XLE
2024-04-16,-0.008715759758442299,XLE
2024-04-17,-0.002860214704413111,XLE
2024-04-18,-0.0030808554551063905,XLE
2024-04-19,0.012041825734345535,XLE
2024-04-22,0.006528325884156638,XLE
2024-04-23,0.005544580280324896,XLE
2024-04-24,0.0007282531504786416,XLE
2024-04-25,0.004574226019796068,XLE
2024-04-26,-0.009210384093402801,XLE
2024-04-29,0.006789236895574202,XLE
2024-04-30,-0.029774901595136294,XLE
2024-05-01,-0.015932398601941178,XLE
2024-05-02,0.005758978445364216,XLE
2024-05-03,0.00010806111164973764,XLE
2024-05-06,0.007885960455225272,XLE
2024-05-07,-0.0009646727153398427,XLE
2024-05-08,-0.0011801374469693204,XLE
2024-05-09,0.013426423420914047,XLE
2024-05-10,-0.0055113582562381636,XLE
2024-05-13,-0.00266439299926835,XLE
2024-05-14,0.0012822730801409499,XLE
2024-05-15,0.0022412670299571946,XLE
2024-05-16,-0.0027686308816040617,XLE
2024-05-17,0.013988227840356693,XLE
2024-05-20,-0.006529093855935031,XLE
2024-05-21,-0.00487597098080339,XLE
2024-05-22,-0.019173364667921855,XLE
2024-05-23,-0.009122545075817556,XLE
2024-05-24,0.0014248672277108465,XLE
2024-05-28,0.010287783558667885,XLE
2024-05-29,-0.017657862599154805,XLE
2024-05-30,0.0028672489562797665,XLE
2024-05-31,0.024851489401400473,XLE
2024-06-03,-0.026180202702868582,XLE
2024-06-04,-0.009585750618165023,XLE
2024-06-05,-0.00011127084545980992,XLE
2024-06-06,0.005229208222803372,XLE
2024-06-07,-0.003984511526634704,XLE
2024-06-10,0.0075563987256137555,XLE
2024-06-11,-0.0019852245374526456,XLE
2024-06-12,-0.010719430253092077,XLE
2024-06-13,-0.009159961188266341,XLE
2024-06-14,-0.0074407672539150704,XLE
2024-06-17,0.0026124003310692423,XLE
2024-06-18,0.004191715879158675,XLE
2024-06-20,0.018388958310488368,XLE
2024-06-21,-0.005760459315430233,XLE
2024-06-24,0.017047340159296764,XLE
2024-06-25,0.0023006034978199086,XLE
2024-06-26,-0.009837157578897582,XLE
2024-06-27,0.0023182108660639855,XLE
2024-06-28,0.003854608616274957,XLE
2024-07-01,0.0005484961220663109,XLE
2024-07-02,-0.0007675405391071033,XLE
2024-07-03,0.004389350794849367,XLE
2024-07-05,-0.015623296451952262,XLE
2024-07-08,-0.006104277821061821,XLE
2024-07-09,-0.008821897136851442,XLE
2024-07-10,0.006759784358727261,XLE
2024-07-11,0.010407344436253796,XLE
2024-07-12,0.0025473000908953214,XLE
2024-07-15,0.015134807748437673,XLE
2024-07-16,0.004461896450459246,XLE
2024-07-17,0.009967477123802748,XLE
2024-07-18,0.0018236233288908554,XLE
2024-07-19,-0.010921904376620661,XLE
2024-07-22,-0.006279114580584388,XLE
2024-07-23,-0.01590586196655852,XLE
2024-07-24,0.00011064437765240243,XLE
2024-07-25,0.017268156422693748,XLE
2024-07-26,0.0031556138271191525,XLE
2024-07-29,-0.008569268842675726,XLE
2024-07-30,0.015536084740034317,XLE
2024-07-31,0.00420167411043626,XLE
2024-08-01,-0.0264993160064797,XLE
2024-08-02,-0.025787925864883987,XLE
2024-08-05,-0.02205887493187275,XLE
2024-08-06,0.00613078574205983,XLE
2024-08-07,0.004023895845173042,XLE
2024-08-08,0.021527507317072425,XLE
2024-08-09,0.0022419524682131264,XLE
2024-08-12,0.004921091533275357,XLE
2024-08-13,-0.009682750494849235,XLE
2024-08-14,0.0058439719425553704,XLE
2024-08-15,0.011955303852784649,XLE
2024-08-16,-0.0011041015176994629,XLE
2024-08-19,0.0067425732521375625,XLE
2024-08-20,-0.026350477356496982,XLE
2024-08-21,0.001691492166922659,XLE
2024-08-22,0.0025891672047524406,XLE
2024-08-23,0.014933773495554581,XLE
2024-08-26,0.008961141321641719,XLE
2024-08-27,-0.00932015901934169,XLE
2024-08-28,-0.006419500175429582,XLE
2024-08-29,0.013033372419427591,XLE
2024-08-30,0.003738688462315398,XLE
2024-09-03,-0.024868499927952037,XLE
2024-09-04,-0.01381870944178909,XLE
2024-09-05,-0.007746642909912671,XLE
2024-09-06,-0.012514309494672138,XLE
2024-09-09,0.007208407182754062,XLE
2024-09-10,-0.017199560325632413,XLE
2024-09-11,-0.00927884567994719,XLE
2024-09-12,0.009010102548651977,XLE
2024-09-13,0.005639710070460158,XLE
2024-09-16,0.011449975451158556,XLE
2024-09-17,0.013515053402677335,XLE
2024-09-18,0.0019376088725668872,XLE
2024-09-19,0.011943981101389056,XLE
2024-09-20,-0.002248167157154257,XLE
2024-09-23,0.004055887806300618,XLE
2024-09-24,-0.002468595308829924,XLE
2024-09-25,-0.01957252906528939,XLE
2024-09-26,-0.019619167531202963,XLE
2024-09-27,0.020362850266899324,XLE
2024-09-30,0.0069962219666355185,XLE
2024-10-01,0.02277904248842688,XLE
2024-10-02,0.010244968125614262,XLE
2024-10-03,0.01763666724638413,XLE
2024-10-04,0.009315431252105766,XLE
2024-10-07,0.0035415521568351593,XLE
2024-10-08,-0.026093491451871897,XLE
2024-10-09,0.0060393439508166225,XLE
2024-10-10,0.006767027926231295,XLE
2024-10-11,0.006179528491165653,XLE
2024-10-14,-0.00043099791595291315,XLE
2024-10-15,-0.03223022498614048,XLE
2024-10-16,0.004789488873048864,XLE
2024-10-17,0.004766659012745755,XLE
2024-10-18,-0.0033098306904012498,XLE
2024-10-21,-0.002988672282612903,XLE
2024-10-22,0.0023315097722236278,XLE
2024-10-23,-0.005206039289523234,XLE
2024-10-24,-0.00011128501400325952,XLE
2024-10-25,-0.0003341470787491252,XLE
2024-10-28,-0.006349556824543412,XLE
2024-10-29,-0.015246644135433085,XLE
2024-10-30,0.0022769192392422255,XLE
2024-10-31,0.006247108321716155,XLE
2024-11-01,-0.006321227923498984,XLE
2024-11-04,0.01749404676681121,XLE
2024-11-05,0.00669865441738704,XLE
2024-11-06,0.03759564665063908,XLE
2024-11-07,-0.0045959845702912006,XLE
2024-11-08,0.006657390366875404,XLE
2024-11-11,0.0056533203124999876,XLE
2024-11-12,-0.005303351786951849,XLE
2024-11-13,0.007784211627594351,XLE
2024-11-14,0.0038091270999300875,XLE
2024-11-15,-0.0014756971181123513,XLE
2024-11-18,0.013300902166005324,XLE
2024-11-19,-0.006354835127898251,XLE
2024-11-20,0.010064993836412128,XLE
2024-11-21,0.008096392343172942,XLE
2024-11-22,0.0015444181655941414,XLE
2024-11-25,-0.019738853040067172,XLE
2024-11-26,-0.0013633692238941286,XLE
2024-11-27,-0.001050183499675783,XLE
2024-11-29,0.004310302994914306,XLE
2024-12-02,-0.010572617493316172,XLE
2024-12-03,-0.00010573960210424893,XLE
2024-12-04,-0.024124417815697408,XLE
2024-12-05,0.0039032090193453772,XLE
2024-12-06,-0.01695647215596363,XLE
2024-12-09,-0.001647922456782469,XLE
2024-12-10,-0.006822963880732891,XLE
2024-12-11,0.001662066768741255,XLE
2024-12-12,-0.008075258236855398,XLE
2024-12-13,-0.005018366872210245,XLE
2024-12-16,-0.02196815801004326,XLE
2024-12-17,-0.007449020283819441,XLE
2024-12-18,-0.029557759387520255,XLE
2024-12-19,-0.008685345989625448,XLE
2024-12-20,0.009841571025295481,XLE
2024-12-23,-0.0024958294033277095,XLE
2024-12-24,0.00845941953879481,XLE
2024-12-26,-0.0008270285364957441,XLE
2024-12-27,-0.000118270500964468,XLE
2024-12-30,-0.00011819426589987359,XLE
2024-12-31,0.01312833317903106,XLE
2025-01-02,0.01167405973906499,XLE
2025-01-03,0.009346844269150445,XLE
2025-01-06,-0.004573013836705275,XLE
2025-01-07,0.00999199207110757,XLE
2025-01-08,0.0010233833908588341,XLE
2025-01-10,0.004089521928247741,XLE
2025-01-13,0.02104311147409499,XLE
2025-01-14,0.010747935963469457,XLE
2025-01-15,0.014799369174034904,XLE
2025-01-16,0.007237746258551336,XLE
2025-01-17,0.007722020990981848,XLE
2025-01-21,-0.005108511411409555,XLE
2025-01-22,-0.01818575648896381,XLE
2025-01-23,0.004576140493913972,XLE
2025-01-24,-0.009652922116126006,XLE
2025-01-27,-0.010404084696558846,XLE
2025-01-28,-0.009517492303480979,XLE
2025-01-29,0.002234602773655725,XLE
2025-01-30,0.005128280150696218,XLE
2025-01-31,-0.02795035681126523,XLE
2025-02-03,0.006275708073804287,XLE
2025-02-04,0.020977417200438886,XLE
2025-02-05,0.0021102003495592214,XLE
2025-02-06,-0.018397468695004915,XLE
2025-02-07,-0.00011292916636485018,XLE
2025-02-10,0.02201902248638321,XLE
2025-02-11,0.00806535974267586,XLE
2025-02-12,-0.02411219859438185,XLE
2025-02-13,0.007524687354629966,XLE
2025-02-14,0.004012937398567784,XLE
2025-02-18,0.013656082614645237,XLE
2025-02-19,0.007886019356433405,XLE
2025-02-20,0.009128493783187475,XLE
2025-02-21,-0.020783979027463317,XLE
2025-02-24,0.00021991249311881234,XLE
2025-02-25,-0.014403492056621392,XLE
2025-02-26,-0.005689448234081129,XLE
2025-02-27,0.005385429953159715,XLE
2025-02-28,0.015511654728053603,XLE
2025-03-03,-0.03494505829863492,XLE
2025-03-04,-0.009678871294407365,XLE
2025-03-05,-0.014602785496553694,XLE
2025-03-06,0.003033864008040732,XLE
2025-03-07,0.017100991581660674,XLE
2025-03-10,0.007434536470434239,XLE
2025-03-11,-0.007947372423758425,XLE
2025-03-12,0.004577724175463427,XLE
2025-03-13,-0.00683525270522789,XLE
2025-03-14,0.02959396446459417,XLE
2025-03-17,0.015931375569771422,XLE
2025-03-18,0.0016448502299444279,XLE
2025-03-19,0.016312738700493767,XLE
2025-03-20,0.0036625695484677756,XLE
2025-03-21,-0.006976511094271554,XLE
2025-03-24,0.0035668162886755006,XLE
2025-03-25,0.004092675164862003,XLE
2025-03-26,0.005899339295930339,XLE
2025-03-27,-0.009703519349114509,XLE
2025-03-28,-0.004737831682926741,XLE
2025-03-31,0.011035341768891982,XLE
2025-04-01,0.005885533116308572,XLE
2025-04-02,0.0013829495044463957,XLE
2025-04-03,-0.07850844157312564,XLE
2025-04-04,-0.0919990307132833,XLE
2025-04-07,-0.006475395154869612,XLE
2025-04-08,-0.023130959215255542,XLE
2025-04-09,0.07744633673295853,XLE
2025-04-10,-0.06532293848407011,XLE
2025-04-11,0.024811586768303417,XLE
2025-04-14,0.0035492303392463675,XLE
2025-04-15,-0.001515664013676421,XLE
2025-04-16,0.008222566368008888,XLE
2025-04-17,0.02258473175258402,XLE
2025-04-21,-0.026134935624760325,XLE
2025-04-22,0.02545037889838553,XLE
2025-04-23,-0.001842997014421699,XLE
2025-04-24,0.016002007458663092,XLE
2025-04-25,-0.0018173191690707968,XLE
2025-04-28,0.007039711559065243,XLE
2025-04-29,-0.0028925859978129465,XLE
2025-04-30,-0.026955194807769756,XLE
2025-05-01,0.003726745984569124,XLE
2025-05-02,0.014603963621386384,XLE
2025-05-05,-0.018053223912297134,XLE
2025-05-06,0.00024840550393046,XLE
2025-05-07,0.00037265784826612247,XLE
2025-05-08,0.013159497435557332,XLE
2025-05-09,0.010047784446655328,XLE
2025-05-12,0.026082755282289094,XLE
2025-05-13,0.014069458338257013,XLE
2025-05-14,-0.00606268699333623,XLE
2025-05-15,0.004222881059842365,XLE
2025-05-16,-0.0015184820989505576,XLE
2025-05-19,-0.012985500313056897,XLE
2025-05-20,-0.009245067954238073,XLE
2025-05-21,-0.018423176858481938,XLE
2025-05-22,-0.0039000570740059803,XLE
2025-05-23,0.003181139069583505,XLE
2025-05-27,0.008659581692542107,XLE
2025-05-28,-0.012696438465655824,XLE
2025-05-29,0.0074709197667095495,XLE
2025-05-30,-0.008874341575200062,XLE
2025-06-02,0.013123999887706628,XLE
2025-06-03,0.011864447639676756,XLE
2025-06-04,-0.019502331264688477,XLE
2025-06-05,-0.0009761342847965926,XLE
2025-06-06,0.01881031957815149,XLE
2025-06-09,0.0019181875757130484,XLE
2025-06-10,0.017829339107462205,XLE
2025-06-11,0.014460420788118489,XLE
2025-06-12,0.0034765954245030706,XLE
2025-06-13,0.017438528699529554,XLE
2025-06-16,-0.002951216126375389,XLE
2025-06-17,0.00933523859751162,XLE
2025-06-18,-0.006541865633855837,XLE
2025-06-20,0.010218000762592938,XLE
2025-06-23,-0.03315356783931667,XLE
2025-06-24,-0.013018657829587554,XLE
2025-06-25,-0.004357587217336811,XLE
2025-06-26,0.014312740375786115,XLE
2025-06-27,-0.005247777822066313,XLE
2025-06-30,-0.005744495611175293,XLE
2025-07-01,0.007664208755929103,XLE
2025-07-02,0.017201044189692816,XLE
2025-07-03,0.0011503333000120186,XLE
2025-07-07,-0.009651802248335173,XLE
2025-07-08,0.026917271482866045,XLE
2025-07-09,-0.005084222876236,XLE
2025-07-10,0.007608514841191516,XLE
2025-07-11,0.0045079891958903495,XLE
2025-07-14,-0.010995127989880893,XLE
2025-07-15,-0.014407308570358768,XLE
2025-07-16,-0.008632596957989569,XLE
2025-07-17,0.006153563515530758,XLE
2025-07-18,-0.00807759690809684,XLE
2025-07-21,-0.010353645871655215,XLE
2025-07-22,0.004702028062934627,XLE
2025-07-23,0.015677972607376578,XLE
2025-07-24,0.007142066167707739,XLE
2025-07-25,-0.0037744690598514596,XLE
2025-07-28,0.011366221367543172,XLE
2025-07-29,0.00976274998415061,XLE
2025-07-30,-0.01427764684247701,XLE
2025-07-31,-0.0053604153634495555,XLE
2025-08-01,-0.018575883082086464,XLE
2025-08-04,-0.0022198249812006576,XLE
2025-08-05,0.0012880633300484945,XLE
2025-08-06,-0.00923869600972238,XLE
2025-08-07,-0.0038952056928682754,XLE
2025-08-08,0.006398873319503506,XLE
2025-08-11,-0.008006597229864187,XLE
2025-08-12,0.004866512309903648,XLE
2025-08-13,0.01157566365636331,XLE
2025-08-14,-0.0009341643113598419,XLE
2025-08-15,0.0,XLE
2025-08-18,-0.005960665280368649,XLE
2025-08-19,0.00035271932064029343,XLE
2025-08-20,0.008345076036581744,XLE
2025-08-21,0.006877215661433178,XLE
2025-08-22,0.0203751122041258,XLE
2025-08-25,0.0026095230148208692,XLE
2025-08-26,-0.001584241091967753,XLE
2025-08-27,0.011220648601411698,XLE
2025-08-28,0.007621612820803092,XLE
2025-08-29,0.00545047670136567,XLE
2025-09-02,0.001438181815419437,XLE
2025-09-03,-0.022425970554345698,XLE
2025-09-04,0.0066674650415685655,XLE
2025-09-05,-0.01930850006003826,XLE
2025-09-08,-0.00228934234025735,XLE
2025-09-09,0.004818702974973554,XLE
2025-09-10,0.017469727646824085,XLE
2025-09-11,0.00022440402793666436,XLE
2025-09-12,-0.005946356957579169,XLE
2025-09-15,-0.00338595290665733,XLE
2025-09-16,0.01676099293758293,XLE
2025-09-17,0.002339040847938678,XLE
2025-09-18,-0.003111443337522335,XLE
2025-09-19,-0.013264992236659334,XLE
2025-09-22,-0.009602332877942654,XLE
2025-09-23,0.01722370443444743,XLE
2025-09-24,0.013007356231725886,XLE
2025-09-25,0.008966185751864364,XLE
2025-09-26,0.009215538385395794,XLE
2024-04-15,,XLF
2024-04-16,-0.006773719358487695,XLF
2024-04-17,0.002525851824594083,XLF
2024-04-18,0.0035274177170541154,XLF
2024-04-19,0.013808667129704189,XLF
2024-04-22,0.012134666934331628,XLF
2024-04-23,0.006361686885869355,XLF
2024-04-24,-0.00024318346634377708,XLF
2024-04-25,-0.005836524075963356,XLF
2024-04-26,-0.0014677439266951309,XLF
2024-04-29,-0.0014699013654971838,XLF
2024-04-30,-0.009813486939481142,XLF
2024-05-01,0.0,XLF
2024-05-02,0.0024776628495750685,XLF
2024-05-03,0.0022244230010977084,XLF
2024-05-06,0.012823686006100399,XLF
2024-05-07,0.0034087993837039754,XLF
2024-05-08,0.0036399303375724834,XLF
2024-05-09,0.007495105271254854,XLF
2024-05-10,0.0038397808768952935,XLF
2024-05-13,-0.004064116093735581,XLF
2024-05-14,0.005040784571335166,XLF
2024-05-15,0.007403902106501992,XLF
2024-05-16,0.0,XLF
2024-05-17,0.0073494872225730035,XLF
2024-05-20,-0.013650313206474252,XLF
2024-05-21,0.006442387467112898,XLF
2024-05-22,-0.005689940178529307,XLF
2024-05-23,-0.013829233079374892,XLF
2024-05-24,0.006044487338267457,XLF
2024-05-28,-0.01105501268265352,XLF
2024-05-29,-0.008019485268965343,XLF
2024-05-30,0.005389544888483089,XLF
2024-05-31,0.014619845534508347,XLF
2024-06-03,-0.006243955940062662,XLF
2024-06-04,-0.004591649021310817,XLF
2024-06-05,0.0029133952557167664,XLF
2024-06-06,-0.0004841553400819487,XLF
2024-06-07,0.004601565088305337,XLF
2024-06-10,-0.003857276981143465,XLF
2024-06-11,-0.011374666606350337,XLF
2024-06-12,-0.0009791212319241183,XLF
2024-06-13,-0.0007351774806304556,XLF
2024-06-14,-0.003187769919305805,XLF
2024-06-17,0.00885600940076503,XLF
2024-06-18,0.0063399694433528,XLF
2024-06-20,0.005330778247222945,XLF
2024-06-21,-0.0038563470942241107,XLF
2024-06-24,0.006290789015592102,XLF
2024-06-25,-0.007453747827690926,XLF
2024-06-26,-0.006298409138122407,XLF
2024-06-27,-0.00121889898836125,XLF
2024-06-28,0.003417119489312892,XLF
2024-07-01,0.0021892520372579494,XLF
2024-07-02,0.011650474110381559,XLF
2024-07-03,-0.003119027523113771,XLF
2024-07-05,-0.00024063349498892883,XLF
2024-07-08,-0.0026480647069616614,XLF
2024-07-09,0.007723864167682448,XLF
2024-07-10,0.003832331674541445,XLF
2024-07-11,0.007874059466861594,XLF
2024-07-12,0.003314379358081432,XLF
2024-07-15,0.014629516664906861,XLF
2024-07-16,0.011395387871320883,XLF
2024-07-17,0.007587905348847457,XLF
2024-07-18,-0.012094906047191878,XLF
2024-07-19,-0.01016406634559408,XLF
2024-07-22,0.005600972859117981,XLF
2024-07-23,0.0018565332112818744,XLF
2024-07-24,-0.013666814058728494,XLF
2024-07-25,0.003757628946258418,XLF
2024-07-26,0.01567613810560209,XLF
2024-07-29,-0.00138220164713021,XLF
2024-07-30,0.011534025780842505,XLF
2024-07-31,-0.0025084788935446634,XLF
2024-08-01,-0.01417473074508957,XLF
2024-08-02,-0.024582504286890017,XLF
2024-08-05,-0.02900620972109269,XLF
2024-08-06,0.016160623039818578,XLF
2024-08-07,0.0012048008930252152,XLF
2024-08-08,0.016125198458366574,XLF
2024-08-09,0.004263389388238892,XLF
2024-08-12,-0.005188707848721386,XLF
2024-08-13,0.008297735220218705,XLF
2024-08-14,0.012226674645869018,XLF
2024-08-15,0.009291557095651548,XLF
2024-08-16,0.0073647799586959994,XLF
2024-08-19,0.005483158813331945,XLF
2024-08-20,-0.003181081458481616,XLF
2024-08-21,-0.0015956165153526713,XLF
2024-08-22,0.0057077626564994155,XLF
2024-08-23,0.008626585123650221,XLF
2024-08-26,0.0031510103238088227,XLF
2024-08-27,0.005160411573057244,XLF
2024-08-28,0.0024553708085905956,XLF
2024-08-29,0.008906736300110518,XLF
2024-08-30,0.009490185216133096,XLF
2024-09-03,-0.007433321821410321,XLF
2024-09-04,0.0011013047440548984,XLF
2024-09-05,-0.011001099925342706,XLF
2024-09-06,-0.014682977446271117,XLF
2024-09-09,0.014901779945114546,XLF
2024-09-10,-0.010233572339600872,XLF
2024-09-11,-0.0047202268205703835,XLF
2024-09-12,0.0022584076688167976,XLF
2024-09-13,0.002929185450411431,XLF
2024-09-16,0.013030821229532474,XLF
2024-09-17,0.0053227251642185,XLF
2024-09-18,-0.003088532951476486,XLF
2024-09-19,0.011064395113844494,XLF
2024-09-20,-0.000656572120782184,XLF
2024-09-23,-0.004818248388925306,XLF
2024-09-24,-0.008362615864926815,XLF
2024-09-25,-0.005992020628825645,XLF
2024-09-26,0.005135064468297257,XLF
2024-09-27,0.00288762920465091,XLF
2024-09-30,0.0037651863388725726,XLF
2024-10-01,-0.005295628097652938,XLF
2024-10-02,0.0011091223387240667,XLF
2024-10-03,-0.005318007373954159,XLF
2024-10-04,0.016930321821428285,XLF
2024-10-07,-0.012267280494471677,XLF
2024-10-08,0.00576620804287753,XLF
2024-10-09,0.009261345044636604,XLF
2024-10-10,-0.0030587587556969442,XLF
2024-10-11,0.019285497103195937,XLF
2024-10-14,0.006235238142184185,XLF
2024-10-15,0.0021368010779616586,XLF
2024-10-16,0.012366695042373976,XLF
2024-10-17,0.0027380174677464897,XLF
2024-10-18,0.00021000465038922833,XLF
2024-10-21,-0.007979782905109145,XLF
2024-10-22,-0.0019051682766750844,XLF
2024-10-23,-0.0008483756995296687,XLF
2024-10-24,0.0008490960519866864,XLF
2024-10-25,-0.011028641377206827,XLF
2024-10-28,0.012438301588502787,XLF
2024-10-29,-0.006142785874840739,XLF
2024-10-30,0.004475765289115419,XLF
2024-10-31,-0.013791672207676853,XLF
2024-11-01,0.00344233754276857,XLF
2024-11-04,-0.007718709585392114,XLF
2024-11-05,0.009291277366414663,XLF
2024-11-06,0.06080068953655715,XLF
2024-11-07,-0.016145292621158935,XLF
2024-11-08,0.00902561285556902,XLF
2024-11-11,0.014230550568858247,XLF
2024-11-12,-0.003006568711499402,XLF
2024-11-13,0.0006031117467746316,XLF
2024-11-14,-0.002612036707244081,XLF
2024-11-15,0.004633351028692667,XLF
2024-11-18,0.0030078509944182485,XLF
2024-11-19,-0.006597397601652122,XLF
2024-11-20,-0.003018670060920825,XLF
2024-11-21,0.012716940689851963,XLF
2024-11-22,0.011162076813422184,XLF
2024-11-25,0.006505062764290637,XLF
2024-11-26,0.0019584502826395234,XLF
2024-11-27,0.0019546222521373835,XLF
2024-11-29,0.0015607068605985042,XLF
2024-12-02,-0.009933742111753685,XLF
2024-12-03,-0.007475920803195257,XLF
2024-12-04,-0.0037661533901467426,XLF
2024-12-05,0.0029845111597355256,XLF
2024-12-06,-0.00019834004291741092,XLF
2024-12-09,-0.013690524216590672,XLF
2024-12-10,-0.00020113300578039617,XLF
2024-12-11,0.0020120417019322545,XLF
2024-12-12,-0.004417618662173384,XLF
2024-12-13,-0.0008067953620423118,XLF
2024-12-16,-0.0018167168131739686,XLF
2024-12-17,-0.007077902596933194,XLF
2024-12-18,-0.029938848303236565,XLF
2024-12-19,0.0035691405654640906,XLF
2024-12-20,0.014853537569142317,XLF
2024-12-23,-0.00185529077926061,XLF
2024-12-24,0.011772067969367805,XLF
2024-12-26,0.0024494575989677525,XLF
2024-12-27,-0.007330494927252795,XLF
2024-12-30,-0.00964105068108978,XLF
2024-12-31,0.0010356887535643011,XLF
2025-01-02,-0.002482986592914238,XLF
2025-01-03,0.007882204425048833,XLF
2025-01-06,-0.003087086343030565,XLF
2025-01-07,-0.002270784450304375,XLF
2025-01-08,0.0033105698603408396,XLF
2025-01-10,-0.024128726400150846,XLF
2025-01-13,0.007185125840672324,XLF
2025-01-14,0.012379356996996105,XLF
2025-01-15,0.025492218491944607,XLF
2025-01-16,0.006669398425781958,XLF
2025-01-17,0.00843200476542294,XLF
2025-01-21,0.008361576497515566,XLF
2025-01-22,-0.0047384337855186365,XLF
2025-01-23,0.00575284499911044,XLF
2025-01-24,0.00295853469279006,XLF
2025-01-27,0.011012810031371334,XLF
2025-01-28,-0.0017506351459836145,XLF
2025-01-29,-0.0007794410710290078,XLF
2025-01-30,0.009555415174163917,XLF
2025-01-31,-0.005794847100789591,XLF
2025-02-03,-0.0040801028597110545,XLF
2025-02-04,-0.0023409858722986954,XLF
2025-02-05,0.01055926714845934,XLF
2025-02-06,0.00832043929250359,XLF
2025-02-07,-0.005565168146817068,XLF
2025-02-10,-0.007912000189630675,XLF
2025-02-11,0.0025287117000794,XLF
2025-02-12,-0.0034924389208063067,XLF
2025-02-13,0.006619940586982009,XLF
2025-02-14,0.001934206434147212,XLF
2025-02-18,0.007142836628075688,XLF
2025-02-19,0.0003833708734071184,XLF
2025-02-20,-0.015328592797684726,XLF
2025-02-21,-0.01245377305408868,XLF
2025-02-24,0.0043349994227217525,XLF
2025-02-25,-0.00019623574633942376,XLF
2025-02-26,-0.002158567745835782,XLF
2025-02-27,0.005506442525001098,XLF
2025-02-28,0.020535873560060036,XLF
2025-03-03,-0.008432323191560842,XLF
2025-03-04,-0.03517594608581032,XLF
2025-03-05,0.0058093134247698686,XLF
2025-03-06,-0.016530532393777664,XLF
2025-03-07,-0.00526533273808194,XLF
2025-03-10,-0.02239410623046778,XLF
2025-03-11,-0.00853810586221726,XLF
2025-03-12,0.001470272924319227,XLF
2025-03-13,-0.005453064902817273,XLF
2025-03-14,0.023197012469282186,XLF
2025-03-17,0.011747726493127386,XLF
2025-03-18,-0.001222272827551718,XLF
2025-03-19,0.01101368405000569,XLF
2025-03-20,0.0014121382944354277,XLF
2025-03-21,-0.003626114169802297,XLF
2025-03-24,0.01395071682528326,XLF
2025-03-25,0.005583225738335917,XLF
2025-03-26,-0.00297445022746734,XLF
2025-03-27,-0.0019888320713776775,XLF
2025-03-28,-0.01933043473104712,XLF
2025-03-31,0.012192690509674975,XLF
2025-04-01,-0.0012046049314744511,XLF
2025-04-02,0.008241202963057415,XLF
2025-04-03,-0.04924244872840766,XLF
2025-04-04,-0.07318091768228618,XLF
2025-04-07,-0.0024887015487066177,XLF
2025-04-08,-0.003855794580499672,XLF
2025-04-09,0.07536433313495516,XLF
2025-04-10,-0.027948331730212828,XLF
2025-04-11,0.0165540911361175,XLF
2025-04-14,0.010285051976989257,XLF
2025-04-15,0.002545046193029421,XLF
2025-04-16,-0.015654784668935995,XLF
2025-04-17,0.002579040398243526,XLF
2025-04-21,-0.021436226522849156,XLF
2025-04-22,0.03307772773407658,XLF
2025-04-23,0.011874499047983988,XLF
2025-04-24,0.011106428452205108,XLF
2025-04-25,-0.004766829890908375,XLF
2025-04-28,0.0031236507653424894,XLF
2025-04-29,0.010379904899443071,XLF
2025-04-30,0.001849191616475565,XLF
2025-05-01,-0.00020505172020868212,XLF
2025-05-02,0.020717914287860628,XLF
2025-05-05,-0.006430862251169733,XLF
2025-05-06,-0.0056634058874267534,XLF
2025-05-07,0.005899123605115575,XLF
2025-05-08,0.008291200021970146,XLF
2025-05-09,0.0,XLF
2025-05-12,0.02025668490111321,XLF
2025-05-13,0.004128226923124423,XLF
2025-05-14,-0.0027408613807172744,XLF
2025-05-15,0.006674522217392065,XLF
2025-05-16,0.006045268733823939,XLF
2025-05-19,0.0005814843808518155,XLF
2025-05-20,-0.005424230629418436,XLF
2025-05-21,-0.020451874443705442,XLF
2025-05-22,-0.0011931074209324821,XLF
2025-05-23,-0.003583521935420775,XLF
2025-05-27,0.017582439191400123,XLF
2025-05-28,-0.0066758325260276585,XLF
2025-05-29,0.005139322410535829,XLF
2025-05-30,0.002163237239968474,XLF
2025-06-02,0.0003924736680336327,XLF
2025-06-03,0.001961598464423453,XLF
2025-06-04,-0.005677386553088026,XLF
2025-06-05,-0.0027564360528616882,XLF
2025-06-06,0.012438247471642905,XLF
2025-06-09,-0.005460194734051349,XLF
2025-06-10,0.0011764975155101887,XLF
2025-06-11,-0.001175114995637272,XLF
2025-06-12,0.0,XLF
2025-06-13,-0.020392174814261588,XLF
2025-06-16,0.0114091214025136,XLF
2025-06-17,-0.00573910761598706,XLF
2025-06-18,-0.0003980982702125324,XLF
2025-06-20,0.0027877217492124906,XLF
2025-06-23,0.009134215228307596,XLF
2025-06-24,0.01495478435250508,XLF
2025-06-25,-0.0032958894456693866,XLF
2025-06-26,0.007391578860982406,XLF
2025-06-27,0.002896267783935702,XLF
2025-06-30,0.008278789305833145,XLF
2025-07-01,0.005537539076610143,XLF
2025-07-02,-0.000759607209328772,XLF
2025-07-03,0.01083237754455424,XLF
2025-07-07,-0.009588237163012603,XLF
2025-07-08,-0.008921815071761596,XLF
2025-07-09,0.003639196413293133,XLF
2025-07-10,0.005915983770356403,XLF
2025-07-11,-0.010434438372482702,XLF
2025-07-14,0.0074769821853784,XLF
2025-07-15,-0.01712650284011652,XLF
2025-07-16,0.00696992807394059,XLF
2025-07-17,0.009613536168736836,XLF
2025-07-18,0.0005713691668856047,XLF
2025-07-21,-0.0028549966361834933,XLF
2025-07-22,0.00553542506023863,XLF
2025-07-23,0.007972630343816567,XLF
2025-07-24,-0.0005649487788873531,XLF
2025-07-25,0.00697190378768453,XLF
2025-07-28,-0.006923632885346698,XLF
2025-07-29,-0.005087628779278153,XLF
2025-07-30,-0.0018939105220839858,XLF
2025-07-31,-0.006261894236759824,XLF
2025-08-01,-0.018522005457122348,XLF
2025-08-04,0.00992214603877839,XLF
2025-08-05,-0.004045445676939763,XLF
2025-08-06,0.004835589870613832,XLF
2025-08-07,-0.011164616410717199,XLF
2025-08-08,0.009343966365909395,XLF
2025-08-11,-0.0003856633298916501,XLF
2025-08-12,0.012155069094373472,XLF
2025-08-13,0.005718628331988329,XLF
2025-08-14,0.004738438361510777,XLF
2025-08-15,-0.01037538680391037,XLF
2025-08-18,0.0007625031686129269,XLF
2025-08-19,0.0019047328404018238,XLF
2025-08-20,0.005133088699546429,XLF
2025-08-21,-0.0032153995154100556,XLF
2025-08-22,0.01650851839259526,XLF
2025-08-25,-0.005786846650308375,XLF
2025-08-26,0.007698082244331328,XLF
2025-08-27,0.0020495735812269267,XLF
2025-08-28,0.0013015934624966974,XLF
2025-08-29,0.0025998738776749075,XLF
2025-09-02,-0.007408807435515308,XLF
2025-09-03,-0.0016794206443671023,XLF
2025-09-04,0.010467315388617005,XLF
2025-09-05,-0.018313016154600348,XLF
2025-09-08,0.000753738755556288,XLF
2025-09-09,0.00433062586317301,XLF
2025-09-10,-0.003374583889404925,XLF
2025-09-11,0.016365668442098746,XLF
2025-09-12,-0.004256885941749444,XLF
2025-09-15,-0.0022304634495626807,XLF
2025-09-16,-0.00223544953805066,XLF
2025-09-17,0.009708746161888326,XLF
2025-09-18,0.0009245420741061938,XLF
2025-09-19,0.00221686550003497,XLF
2025-09-22,-0.004608294930875556,XLF
2025-09-23,-0.004444475527162872,XLF
2025-09-24,-0.0027901360837945255,XLF
2025-09-25,-0.002611441672347281,XLF
2025-09-26,0.007293798031510645,XLF
2024-04-15,,XLI
2024-04-16,-0.002294695844943573,XLI
2024-04-17,-0.005174940565737085,XLI
2024-04-18,-0.0034679065876366266,XLI
2024-04-19,-0.0018228620122029415,XLI
2024-04-22,0.0075537148127666764,XLI
2024-04-23,0.013923236774160186,XLI
2024-04-24,-0.007962975212185808,XLI
2024-04-25,0.003030573819971627,XLI
2024-04-26,0.001633223739441192,XLI
2024-04-29,0.006685143244272718,XLI
2024-04-30,-0.015873069813592044,XLI
2024-05-01,-0.0024686918256296986,XLI
2024-05-02,0.005774599415881099,XLI
2024-05-03,0.006971772366197504,XLI
2024-05-06,0.010100232361895278,XLI
2024-05-07,0.0027416847998851246,XLI
2024-05-08,0.0,XLI
2024-05-09,0.009971836582109761,XLI
2024-05-10,0.0007166491751700033,XLI
2024-05-13,-0.004217049474935841,XLI
2024-05-14,-0.00023970258834293823,XLI
2024-05-15,0.0065537058569686835,XLI
2024-05-16,-0.005955216654445761,XLI
2024-05-17,0.0011182952865103069,XLI
2024-05-20,0.0019149274735752453,XLI
2024-05-21,-0.0032650795071376137,XLI
2024-05-22,0.0011984171627967832,XLI
2024-05-23,-0.011810675575562368,XLI
2024-05-24,0.005087597868870919,XLI
2024-05-28,-0.012212732237244839,XLI
2024-05-29,-0.014153289886205678,XLI
2024-05-30,0.006848200098628077,XLI
2024-05-31,0.012128192835684004,XLI
2024-06-03,-0.01222574779461949,XLI
2024-06-04,-0.002459041407850915,XLI
2024-06-05,0.010106847886419468,XLI
2024-06-06,-0.005938366184994326,XLI
2024-06-07,0.0010638697713516443,XLI
2024-06-10,0.003106329172975597,XLI
2024-06-11,-0.005704481733068145,XLI
2024-06-12,0.009507384742274194,XLI
2024-06-13,-0.006413907016899922,XLI
2024-06-14,-0.01005062718699079,XLI
2024-06-17,0.011060638225451447,XLI
2024-06-18,0.0053882249458721,XLI
2024-06-20,0.0006496291519564323,XLI
2024-06-21,-0.0021098931197574,XLI
2024-06-24,0.00081319405650504,XLI
2024-06-25,-0.008531754727890584,XLI
2024-06-26,-0.0027044272310993156,XLI
2024-06-27,0.0010682656817313507,XLI
2024-06-28,0.0004104666875970331,XLI
2024-07-01,-0.010749201267454822,XLI
2024-07-02,0.005474483041430167,XLI
2024-07-03,0.003629784169075778,XLI
2024-07-05,-0.003616656486615688,XLI
2024-07-08,0.0012374321429498014,XLI
2024-07-09,-0.0043668649311811025,XLI
2024-07-10,0.008937453358032199,XLI
2024-07-11,0.012713279814932088,XLI
2024-07-12,0.005750377237006221,XLI
2024-07-15,0.007167010689815179,XLI
2024-07-16,0.024946052244302797,XLI
2024-07-17,-0.012793504629177721,XLI
2024-07-18,-0.007823038082102274,XLI
2024-07-19,-0.0054953394825427715,XLI
2024-07-22,0.010170550293362446,XLI
2024-07-23,-0.0019026309254067675,XLI
2024-07-24,-0.021525012324289827,XLI
2024-07-25,0.008036349087990446,XLI
2024-07-26,0.01707201434508021,XLI
2024-07-29,-0.001741894025235835,XLI
2024-07-30,0.002934605899540532,XLI
2024-07-31,0.011150681661831197,XLI
2024-08-01,-0.018535920031820807,XLI
2024-08-02,-0.02199374096597051,XLI
2024-08-05,-0.01735520919540634,XLI
2024-08-06,0.01202325535640747,XLI
2024-08-07,-0.004834116776178621,XLI
2024-08-08,0.023052882207009295,XLI
2024-08-09,0.00016092582265114785,XLI
2024-08-12,-0.005069176533681441,XLI
2024-08-13,0.010513509149380873,XLI
2024-08-14,0.0040816498494331555,XLI
2024-08-15,0.013470448379872657,XLI
2024-08-16,-0.0014156531892698387,XLI
2024-08-19,0.006064398170147145,XLI
2024-08-20,-0.002739928604777009,XLI
2024-08-21,0.006044464056442322,XLI
2024-08-22,-0.001248467989523605,XLI
2024-08-23,0.009999990463256836,XLI
2024-08-26,-0.0010829160811444138,XLI
2024-08-27,0.0006194969136812389,XLI
2024-08-28,-0.0004643055101917204,XLI
2024-08-29,0.007045553083832479,XLI
2024-08-30,0.010686548100083293,XLI
2024-09-03,-0.022136037680594578,XLI
2024-09-04,0.0010111989182224335,XLI
2024-09-05,-0.011656764500949324,XLI
2024-09-06,-0.01014311143601121,XLI
2024-09-09,0.015330846886432603,XLI
2024-09-10,0.0017211202615696752,XLI
2024-09-11,0.001796399550054062,XLI
2024-09-12,0.0077180182536842334,XLI
2024-09-13,0.010134711999492785,XLI
2024-09-16,0.005131332858714144,XLI
2024-09-17,0.005486141348421514,XLI
2024-09-18,-0.0008335905179974734,XLI
2024-09-19,0.017216449818665103,XLI
2024-09-20,-0.007008667429378557,XLI
2024-09-23,0.003454022669809209,XLI
2024-09-24,0.007183528271862194,XLI
2024-09-25,-0.004680570982500409,XLI
2024-09-26,0.005001105940437789,XLI
2024-09-27,0.0014111886680598928,XLI
2024-09-30,0.00452422014438536,XLI
2024-10-01,0.0005167754294745919,XLI
2024-10-02,-0.001844882371295431,XLI
2024-10-03,-0.005101191857451393,XLI
2024-10-04,0.0069851165301082485,XLI
2024-10-07,-0.002435258242431959,XLI
2024-10-08,0.0022192859003724585,XLI
2024-10-09,0.008931257396114889,XLI
2024-10-10,-0.005121054471721509,XLI
2024-10-11,0.017868906372706883,XLI
2024-10-14,0.00599625662501202,XLI
2024-10-15,-0.007684074141606767,XLI
2024-10-16,0.007743576356451065,XLI
2024-10-17,-0.0028724875869613475,XLI
2024-10-18,0.0030248336368974282,XLI
2024-10-21,-0.0035183849941258227,XLI
2024-10-22,-0.012105438035440286,XLI
2024-10-23,-0.0029176450581002156,XLI
2024-10-24,-0.006876389629782875,XLI
2024-10-25,-0.0026517429649235424,XLI
2024-10-28,0.0029542774985591436,XLI
2024-10-29,-0.001325537043631031,XLI
2024-10-30,-0.001695883614656668,XLI
2024-10-31,-0.011522251020211094,XLI
2024-11-01,0.0013449351663947784,XLI
2024-11-04,-0.0011192739544267916,XLI
2024-11-05,0.016733942051027073,XLI
2024-11-06,0.03916228018543744,XLI
2024-11-07,-0.006009975880258311,XLI
2024-11-08,0.010741175751659338,XLI
2024-11-11,0.007741615397749868,XLI
2024-11-12,-0.00858995535000695,XLI
2024-11-13,0.002113185254868366,XLI
2024-11-14,-0.01687047651593332,XLI
2024-11-15,-0.005362505339103318,XLI
2024-11-18,-0.0013658431498282386,XLI
2024-11-19,-0.0008637713703506522,XLI
2024-11-20,0.001080647645435917,XLI
2024-11-21,0.012522529912772917,XLI
2024-11-22,0.013931277426016075,XLI
2024-11-25,0.006239042605878264,XLI
2024-11-26,0.0011844324626339997,XLI
2024-11-27,-0.003688080254155235,XLI
2024-11-29,0.0056573045035490654,XLI
2024-12-02,-0.007361711069822419,XLI
2024-12-03,-0.006296746257630437,XLI
2024-12-04,0.0043652406006911,XLI
2024-12-05,-0.012127555566489923,XLI
2024-12-06,-0.002554645295410607,XLI
2024-12-09,-0.008679576279834178,XLI
2024-12-10,-0.0024400484198819905,XLI
2024-12-11,-0.002302210965602569,XLI
2024-12-12,-0.006417648086621708,XLI
2024-12-13,-0.002612676013445947,XLI
2024-12-16,0.0008732473431740662,XLI
2024-12-17,-0.009160376137184678,XLI
2024-12-18,-0.02824852178724324,XLI
2024-12-19,-0.0012835862716064073,XLI
2024-12-20,0.011718477369706548,XLI
2024-12-23,-0.005230998122240926,XLI
2024-12-24,0.007812564476180617,XLI
2024-12-26,0.0007453103905572522,XLI
2024-12-27,-0.007448235073099774,XLI
2024-12-30,-0.010055503475365102,XLI
2024-12-31,-0.0012128840534432195,XLI
2025-01-02,-0.0034911314075248834,XLI
2025-01-03,0.010814913449663566,XLI
2025-01-06,-0.0021851155986626347,XLI
2025-01-07,-0.0009815723870172377,XLI
2025-01-08,0.003930493276387281,XLI
2025-01-10,-0.011218230770962845,XLI
2025-01-13,0.011726134658201604,XLI
2025-01-14,0.011816116368741136,XLI
2025-01-15,0.006322454844472469,XLI
2025-01-16,0.012122104154295377,XLI
2025-01-17,0.005988515066676081,XLI
2025-01-21,0.020544477902393332,XLI
2025-01-22,-0.0023474308348016004,XLI
2025-01-23,0.010124764127952268,XLI
2025-01-24,-0.00423512989681174,XLI
2025-01-27,-0.013397707168850692,XLI
2025-01-28,-0.006610132327628748,XLI
2025-01-29,-0.0033994014131100148,XLI
2025-01-30,0.011176490456196841,XLI
2025-01-31,-0.0070336303356068886,XLI
2025-02-03,-0.009902495956172874,XLI
2025-02-04,0.00029207582252710473,XLI
2025-02-05,0.0007297536243520142,XLI
2025-02-06,0.004521662762944745,XLI
2025-02-07,-0.002976649090737249,XLI
2025-02-10,0.008956496840742956,XLI
2025-02-11,0.0003608765346339027,XLI
2025-02-12,-0.006204462928826593,XLI
2025-02-13,0.0010163295074296919,XLI
2025-02-14,-0.002465707008452944,XLI
2025-02-18,0.00785170343215702,XLI
2025-02-19,0.0010098779825247206,XLI
2025-02-20,-0.00655763950487942,XLI
2025-02-21,-0.021906312629409452,XLI
2025-02-24,-0.0045238848036081025,XLI
2025-02-25,0.005140448956035382,XLI
2025-02-26,0.0005929575462528813,XLI
2025-02-27,-0.0034814905237268157,XLI
2025-02-28,0.01337993806653337,XLI
2025-03-03,-0.014230194493875081,XLI
2025-03-04,-0.019495461932335645,XLI
2025-03-05,0.015785093447776344,XLI
2025-03-06,-0.008591775142573033,XLI
2025-03-07,0.011680505556924459,XLI
2025-03-10,-0.015642503564362142,XLI
2025-03-11,-0.015361323292129803,XLI
2025-03-12,-7.680992323233493e-05,XLI
2025-03-13,-0.010222133770006803,XLI
2025-03-14,0.018248222750359533,XLI
2025-03-17,0.013803077031921962,XLI
2025-03-18,-0.007973503378420288,XLI
2025-03-19,0.013269638574513465,XLI
2025-03-20,-0.005013830311035861,XLI
2025-03-21,-0.005340002090968077,XLI
2025-03-24,0.01542528004637278,XLI
2025-03-25,0.0014894051458107516,XLI
2025-03-26,-0.006617587577492312,XLI
2025-03-27,-0.005314421268192593,XLI
2025-03-28,-0.020618598131903476,XLI
2025-03-31,0.007068870310252384,XLI
2025-04-01,0.005645763279348293,XLI
2025-04-02,0.009407522313418237,XLI
2025-04-03,-0.05411502752717601,XLI
2025-04-04,-0.06285257154247326,XLI
2025-04-07,-0.0046634139424497345,XLI
2025-04-08,-0.008263065216342902,XLI
2025-04-09,0.08881639005250674,XLI
2025-04-10,-0.025796814589405193,XLI
2025-04-11,0.01765325405204643,XLI
2025-04-14,0.01042416811550484,XLI
2025-04-15,-0.0049614495680992965,XLI
2025-04-16,-0.013692091400328787,XLI
2025-04-17,0.0054565903561933915,XLI
2025-04-21,-0.022426218033111733,XLI
2025-04-22,0.017470809265818454,XLI
2025-04-23,0.012517092372362315,XLI
2025-04-24,0.022426513799052694,XLI
2025-04-25,-7.758305141469801e-05,XLI
2025-04-28,0.0033331366008819696,XLI
2025-04-29,0.006489464787138521,XLI
2025-04-30,0.007215247545393932,XLI
2025-05-01,0.007544623410717266,XLI
2025-05-02,0.017925988933021664,XLI
2025-05-05,0.0005200777565566028,XLI
2025-05-06,-0.008763406827098752,XLI
2025-05-07,0.005094722930711892,XLI
2025-05-08,0.013790579110597445,XLI
2025-05-09,0.0008088280172908746,XLI
2025-05-12,0.030783942565698608,XLI
2025-05-13,0.006985001469868246,XLI
2025-05-14,-0.004813085232563741,XLI
2025-05-15,0.011095287986297997,XLI
2025-05-16,0.011395575938770719,XLI
2025-05-19,0.0034080226549189074,XLI
2025-05-20,-0.0036043824569303995,XLI
2025-05-21,-0.016904296874999947,XLI
2025-05-22,-0.00021238350219643376,XLI
2025-05-23,-0.0032556548725044543,XLI
2025-05-27,0.017609853690935484,XLI
2025-05-28,-0.004954235344172941,XLI
2025-05-29,0.0009115681518909735,XLI
2025-05-30,0.0006306424674145106,XLI
2025-06-02,-0.001260383176998947,XLI
2025-06-03,0.007711764639810159,XLI
2025-06-04,0.0005565731737675605,XLI
2025-06-05,-0.0006953559895889194,XLI
2025-06-06,0.008419088817150921,XLI
2025-06-09,-0.0008969132035646643,XLI
2025-06-10,-0.0043508623586652195,XLI
2025-06-11,0.00048558871546022786,XLI
2025-06-12,-0.0026345318104588067,XLI
2025-06-13,-0.008411001728997114,XLI
2025-06-16,0.006870038754009933,XLI
2025-06-17,-0.0075193329690119715,XLI
2025-06-18,-0.002385102284194085,XLI
2025-06-20,0.0011250150887216481,XLI
2025-06-23,0.010465726938724718,XLI
2025-06-24,0.008341421820874384,XLI
2025-06-25,-0.008823926656829295,XLI
2025-06-26,0.010849892696051189,XLI
2025-06-27,0.009976585831688034,XLI
2025-06-30,0.004973165881308583,XLI
2025-07-01,0.0033215172192513354,XLI
2025-07-02,0.0010135069308885303,XLI
2025-07-03,0.008504282368333671,XLI
2025-07-07,-0.003480151779101104,XLI
2025-07-08,-0.00026859159014214207,XLI
2025-07-09,0.006986385072340839,XLI
2025-07-10,0.005603813414827519,XLI
2025-07-11,-0.003582383741828621,XLI
2025-07-14,0.0053927934424184976,XLI
2025-07-15,-0.0074828797108014156,XLI
2025-07-16,0.0035361540034060113,XLI
2025-07-17,0.009241402538431087,XLI
2025-07-18,-0.0022397650267154123,XLI
2025-07-21,-0.0052819425346332105,XLI
2025-07-22,0.0023894902535575024,XLI
2025-07-23,0.017944586004572827,XLI
2025-07-24,-0.001691241228528595,XLI
2025-07-25,0.009904243567933735,XLI
2025-07-28,-0.0030970447726662576,XLI
2025-07-29,-0.011390813341580097,XLI
2025-07-30,-0.004909983633387904,XLI
2025-07-31,6.575333444702736e-05,XLI
2025-08-01,-0.01493315634301795,XLI
2025-08-04,0.009215904724181545,XLI
2025-08-05,-0.0020513338314586127,XLI
2025-08-06,0.0007956708383400901,XLI
2025-08-07,-0.001457536424762318,XLI
2025-08-08,0.0007961987382518743,XLI
2025-08-11,-0.0032487269589303036,XLI
2025-08-12,0.010376463992240792,XLI
2025-08-13,0.003818313721921207,XLI
2025-08-14,-0.00885356035252527,XLI
2025-08-15,-0.004565621776703388,XLI
2025-08-18,0.003921804894415848,XLI
2025-08-19,0.0021850084997809827,XLI
2025-08-20,-0.0009249431096980398,XLI
2025-08-21,-0.0035710127004544567,XLI
2025-08-22,0.01632603420123857,XLI
2025-08-25,-0.00999085010705758,XLI
2025-08-26,0.010289542591606748,XLI
2025-08-27,-0.00013060176731782835,XLI
2025-08-28,0.0017630054405579632,XLI
2025-08-29,-0.009190481546979878,XLI
2025-09-02,-0.00953882639721415,XLI
2025-09-03,-0.005047785063493793,XLI
2025-09-04,0.011281725013198685,XLI
2025-09-05,-0.00369669811258988,XLI
2025-09-08,0.002252776871261686,XLI
2025-09-09,-0.006742938081919725,XLI
2025-09-10,0.0073876912502599534,XLI
2025-09-11,0.00951375816331601,XLI
2025-09-12,-0.007984301023147733,XLI
2025-09-15,0.004618003297178763,XLI
2025-09-16,-0.00295506272556767,XLI
2025-09-17,-0.00454457243683648,XLI
2025-09-18,0.010652379362533049,XLI
2025-09-19,0.002422226626431989,XLI
2025-09-22,-0.0007836671957549557,XLI
2025-09-23,0.00026139402701175207,XLI
2025-09-24,-0.005162005493922095,XLI
2025-09-25,-0.006765180816399874,XLI
2025-09-26,0.00899352333932768,XLI
2024-04-15,,XLK
2024-04-16,0.0011909003041232769,XLK
2024-04-17,-0.01442301983816574,XLK
2024-04-18,-0.011415661065050431,XLK
2024-04-19,-0.020602314650696174,XLK
2024-04-22,0.00893367907135767,XLK
2024-04-23,0.01482627996299879,XLK
2024-04-24,0.004565484067325931,XLK
2024-04-25,-0.0021713512014938097,XLK
2024-04-26,0.01128540313086246,XLK
2024-04-29,0.004303661124312352,XLK
2024-04-30,-0.02202400774914426,XLK
2024-05-01,-0.010241044081472195,XLK
2024-05-02,0.014413688515054979,XLK
2024-05-03,0.027859563387702124,XLK
2024-05-06,0.011750133735694224,XLK
2024-05-07,-0.003269400248334109,XLK
2024-05-08,0.002839527301736311,XLK
2024-05-09,-0.0002928996273500184,XLK
2024-05-10,0.0037112731290471768,XLK
2024-05-13,0.004719282146481207,XLK
2024-05-14,0.00886156544347827,XLK
2024-05-15,0.022511291753120277,XLK
2024-05-16,-0.003473714957538565,XLK
2024-05-17,-0.0022138865550793696,XLK
2024-05-20,0.011755217393434103,XLK
2024-05-21,0.0016331767416493115,XLK
2024-05-22,0.0022360743471085964,XLK
2024-05-23,-0.008134238193570398,XLK
2024-05-24,0.008435273709669122,XLK
2024-05-28,0.0042288380119199775,XLK
2024-05-29,-0.006339705401582907,XLK
2024-05-30,-0.022819326568151,XLK
2024-05-31,0.001572710423557,XLK
2024-06-03,0.002521882232877193,XLK
2024-06-04,0.0020883878509072584,XLK
2024-06-05,0.022213812972767366,XLK
2024-06-06,-0.0033361189707564742,XLK
2024-06-07,0.002324500166491772,XLK
2024-06-10,0.002550963717063537,XLK
2024-06-11,0.018598215988782973,XLK
2024-06-12,0.02211924947853494,XLK
2024-06-13,0.007909767557727765,XLK
2024-06-14,0.003747424465565752,XLK
2024-06-17,0.015153498379185004,XLK
2024-06-18,0.001254796430636862,XLK
2024-06-20,-0.011235495710513854,XLK
2024-06-21,-0.0017481486856008033,XLK
2024-06-24,-0.0262247948738058,XLK
2024-06-25,0.018343682513456416,XLK
2024-06-26,-0.001147878617377196,XLK
2024-06-27,0.00048621202121967855,XLK
2024-06-28,-0.0005301982449326115,XLK
2024-07-01,0.007558709040186962,XLK
2024-07-02,0.005001313404572327,XLK
2024-07-03,0.013488721464955722,XLK
2024-07-05,0.00305813291754653,XLK
2024-07-08,0.006827534801413071,XLK
2024-07-09,-0.0008103486178063779,XLK
2024-07-10,0.014512523109953213,XLK
2024-07-11,-0.025033646632422135,XLK
2024-07-12,0.008932841506857025,XLK
2024-07-15,0.0017963993304668247,XLK
2024-07-16,-0.0033301971447002865,XLK
2024-07-17,-0.03889651189210286,XLK
2024-07-18,8.916149227355952e-05,XLK
2024-07-19,-0.015643148628409098,XLK
2024-07-22,0.02367913751052164,XLK
2024-07-23,-0.003980579968942521,XLK
2024-07-24,-0.04138540049612749,XLK
2024-07-25,-0.010700377553945817,XLK
2024-07-26,0.012689007642183059,XLK
2024-07-29,-0.00443865110272057,XLK
2024-07-30,-0.025125410914384916,XLK
2024-07-31,0.04235148032277025,XLK
2024-08-01,-0.037294348941024014,XLK
2024-08-02,-0.02810481478398752,XLK
2024-08-05,-0.033313830029076064,XLK
2024-08-06,0.013592736353561063,XLK
2024-08-07,-0.016202203795474546,XLK
2024-08-08,0.037346764531998033,XLK
2024-08-09,0.004494153381721322,XLK
2024-08-12,0.008169978290564428,XLK
2024-08-13,0.030726907492182542,XLK
2024-08-14,0.0054755403773794065,XLK
2024-08-15,0.02876421922373007,XLK
2024-08-16,0.0016739588256386995,XLK
2024-08-19,0.016486039999531243,XLK
2024-08-20,-0.0035103689589384146,XLK
2024-08-21,0.005886057953053747,XLK
2024-08-22,-0.02300736944444759,XLK
2024-08-23,0.016198590381167888,XLK
2024-08-26,-0.012546940226577652,XLK
2024-08-27,0.006059288418099218,XLK
2024-08-28,-0.013798405539223513,XLK
2024-08-29,-0.009023770595488423,XLK
2024-08-30,0.01329101985467096,XLK
2024-09-03,-0.04593108080191155,XLK
2024-09-04,-0.0025689002791238202,XLK
2024-09-05,-0.0015261700206238293,XLK
2024-09-06,-0.02593746250900697,XLK
2024-09-09,0.01637895433445169,XLK
2024-09-10,0.014957088611779357,XLK
2024-09-11,0.03413192933518139,XLK
2024-09-12,0.00827435463505899,XLK
2024-09-13,0.005015073045871121,XLK
2024-09-16,-0.0038105440418596537,XLK
2024-09-17,-0.0019581417241291144,XLK
2024-09-18,-0.009125336573020948,XLK
2024-09-19,0.02970022103709047,XLK
2024-09-20,-0.004874324128839258,XLK
2024-09-23,-0.001977272474811942,XLK
2024-09-24,0.006844091573347422,XLK
2024-09-25,0.002862123285638063,XLK
2024-09-26,0.01324415260068279,XLK
2024-09-27,-0.009330143058701501,XLK
2024-09-30,0.0029319786113946034,XLK
2024-10-01,-0.02436215509313122,XLK
2024-10-02,0.007400367399727381,XLK
2024-10-03,0.004146190326179466,XLK
2024-10-04,0.011130540616279383,XLK
2024-10-07,-0.006879967327266812,XLK
2024-10-08,0.018682366019290075,XLK
2024-10-09,0.011188149667619829,XLK
2024-10-10,-0.00026032697650868464,XLK
2024-10-11,0.0017360092449412168,XLK
2024-10-14,0.013041071866312315,XLK
2024-10-15,-0.021982783711533616,XLK
2024-10-16,0.003104804690429619,XLK
2024-10-17,0.0030515582636763128,XLK
2024-10-18,0.0035638547406231513,XLK
2024-10-21,0.004677154795922345,XLK
2024-10-22,-0.0010345510042721884,XLK
2024-10-23,-0.0143258136967368,XLK
2024-10-24,0.002933123710621155,XLK
2024-10-25,0.005194182238823286,XLK
2024-10-28,-0.00030393012058804736,XLK
2024-10-29,0.013465407380237826,XLK
2024-10-30,-0.015900936899559626,XLK
2024-10-31,-0.03209788379250256,XLK
2024-11-01,0.0075143904232699565,XLK
2024-11-04,-0.0007592254305969215,XLK
2024-11-05,0.014078813887311803,XLK
2024-11-06,0.028471976425779477,XLK
2024-11-07,0.017441576854402285,XLK
2024-11-08,-0.0010950825913617068,XLK
2024-11-11,-0.00552368670250214,XLK
2024-11-12,0.0012719431214984755,XLK
2024-11-13,-0.003472335746869115,XLK
2024-11-14,-0.0033994945206015093,XLK
2024-11-15,-0.024815554921426286,XLK
2024-11-18,0.0032354956611093666,XLK
2024-11-19,0.008193527599987593,XLK
2024-11-20,-0.0008645525727710712,XLK
2024-11-21,0.010167398412499695,XLK
2024-11-22,0.0005140071019900105,XLK
2024-11-25,-4.285002296000595e-05,XLK
2024-11-26,0.005008768300389432,XLK
2024-11-27,-0.01354571796809556,XLK
2024-11-29,0.009284022279492321,XLK
2024-12-02,0.009498144274520115,XLK
2024-12-03,0.0036024840623416488,XLK
2024-12-04,0.018285480469813375,XLK
2024-12-05,-0.005059516426817345,XLK
2024-12-06,0.0038764230819281487,XLK
2024-12-09,-0.006518817842975921,XLK
2024-12-10,-0.013875568457959342,XLK
2024-12-11,0.014494588739899505,XLK
2024-12-12,-0.005598012972488964,XLK
2024-12-13,0.004285192108943736,XLK
2024-12-16,0.009997905706493393,XLK
2024-12-17,-0.006047078773624093,XLK
2024-12-18,-0.0322526476046886,XLK
2024-12-19,0.0010764725890748394,XLK
2024-12-20,0.014925378032240477,XLK
2024-12-23,0.008942195924372065,XLK
2024-12-24,0.010333059097729747,XLK
2024-12-26,0.0006652129169808507,XLK
2024-12-27,-0.013295097078330875,XLK
2024-12-30,-0.012716342593827035,XLK
2024-12-31,-0.008316615934192306,XLK
2025-01-02,-0.0023654010048672625,XLK
2025-01-03,0.01629520523949335,XLK
2025-01-06,0.012725344644750836,XLK
2025-01-07,-0.020062799104221152,XLK
2025-01-08,-0.00034194660950126465,XLK
2025-01-10,-0.02180608002839335,XLK
2025-01-13,-0.007081017247273835,XLK
2025-01-14,0.002641269744030339,XLK
2025-01-15,0.019889352338217314,XLK
2025-01-16,-0.0077058562050407176,XLK
2025-01-17,0.01566160785401971,XLK
2025-01-21,0.008329404737765778,XLK
2025-01-22,0.022579013327879593,XLK
2025-01-23,0.0017813825579253706,XLK
2025-01-24,-0.010420991630697651,XLK
2025-01-27,-0.04901795059735958,XLK
2025-01-28,0.0266730758451037,XLK
2025-01-29,-0.008132143046772122,XLK
2025-01-30,0.0018554960973018453,XLK
2025-01-31,-0.005857779304291988,XLK
2025-02-03,-0.013474288996351058,XLK
2025-02-04,0.014404913584792123,XLK
2025-02-05,0.013897336450095388,XLK
2025-02-06,0.002732821140853714,XLK
2025-02-07,-0.00855935992489576,XLK
2025-02-10,0.014603529720491837,XLK
2025-02-11,0.0004656701794221174,XLK
2025-02-12,-0.00215797614727109,XLK
2025-02-13,0.014163328954945653,XLK
2025-02-14,0.0033868437288457898,XLK
2025-02-18,0.00912615089496982,XLK
2025-02-19,8.254465382218079e-05,XLK
2025-02-20,-0.0031794080310453277,XLK
2025-02-21,-0.027090876292250154,XLK
2025-02-24,-0.014305789075676145,XLK
2025-02-25,-0.01295840383215685,XLK
2025-02-26,0.01089670278334176,XLK
2025-02-27,-0.03640694226021379,XLK
2025-02-28,0.01320815171290679,XLK
2025-03-03,-0.03041724226259024,XLK
2025-03-04,-0.0007774188062780185,XLK
2025-03-05,0.014050376769879858,XLK
2025-03-06,-0.0277565056279222,XLK
2025-03-07,0.014483312337328247,XLK
2025-03-10,-0.04250935101828013,XLK
2025-03-11,-0.004062155811305201,XLK
2025-03-12,0.01573895813512416,XLK
2025-03-13,-0.018990878461664917,XLK
2025-03-14,0.03024173489621651,XLK
2025-03-17,0.006964523779432463,XLK
2025-03-18,-0.015225358078311824,XLK
2025-03-19,0.013009709380296774,XLK
2025-03-20,-0.007119253423411576,XLK
2025-03-21,0.002718163922496908,XLK
2025-03-24,0.017152729733521,XLK
2025-03-25,0.003308372947429028,XLK
2025-03-26,-0.022303687839915987,XLK
2025-03-27,-0.009228036631673042,XLK
2025-03-28,-0.02425412395279336,XLK
2025-03-31,0.00048449870317290866,XLK
2025-04-01,0.0073131044017336055,XLK
2025-04-02,0.007404169649793291,XLK
2025-04-03,-0.06824799854468744,XLK
2025-04-04,-0.06587102848836224,XLK
2025-04-07,0.00597692397797811,XLK
2025-04-08,-0.020331466531262166,XLK
2025-04-09,0.13425697132599002,XLK
2025-04-10,-0.04655158179511054,XLK
2025-04-11,0.020476468005921067,XLK
2025-04-14,0.009125271000239632,XLK
2025-04-15,0.003647060922177925,XLK
2025-04-16,-0.03474536188334887,XLK
2025-04-17,-0.005414898828981829,XLK
2025-04-21,-0.025821817441556982,XLK
2025-04-22,0.024377271194512717,XLK
2025-04-23,0.028992966733922376,XLK
2025-04-24,0.03731569198233209,XLK
2025-04-25,0.014798270229799071,XLK
2025-04-28,-0.0016309125336967378,XLK
2025-04-29,0.004660554451287657,XLK
2025-04-30,0.004160665192696422,XLK
2025-05-01,0.014668770839398437,XLK
2025-05-02,0.016709680861768827,XLK
2025-05-05,-0.005309052644125289,XLK
2025-05-06,-0.00830784595351386,XLK
2025-05-07,0.010015441606155528,XLK
2025-05-08,0.00954542227838373,XLK
2025-05-09,-0.0012392207266844757,XLK
2025-05-12,0.04641539780068693,XLK
2025-05-13,0.021607370377188184,XLK
2025-05-14,0.006491315438573064,XLK
2025-05-15,0.0013667281371725348,XLK
2025-05-16,0.0018767432166073572,XLK
2025-05-19,-0.001447470470322676,XLK
2025-05-20,-0.0037518860429019973,XLK
2025-05-21,-0.01878717603478741,XLK
2025-05-22,0.00026167811807908947,XLK
2025-05-23,-0.011031650909985147,XLK
2025-05-27,0.02376438185118368,XLK
2025-05-28,-0.0041343301795654375,XLK
2025-05-29,0.001686556739248779,XLK
2025-05-30,-0.0031084108514671804,XLK
2025-06-02,0.008834581671558706,XLK
2025-06-03,0.015024683605287414,XLK
2025-06-04,0.0014802542103320437,XLK
2025-06-05,-0.0028293841229337646,XLK
2025-06-06,0.009443932077356276,XLK
2025-06-09,0.0049085340071715056,XLK
2025-06-10,0.00559427355537756,XLK
2025-06-11,-0.0022003520157793943,XLK
2025-06-12,0.009278567946689131,XLK
2025-06-13,-0.014016609855351914,XLK
2025-06-16,0.016180938858618044,XLK
2025-06-17,-0.007076966793235218,XLK
2025-06-18,0.0012016959942455774,XLK
2025-06-20,-0.004428654946052379,XLK
2025-06-23,0.009728160231118554,XLK
2025-06-24,0.017951253798990985,XLK
2025-06-25,0.008534220043163288,XLK
2025-06-26,0.006897939356733218,XLK
2025-06-27,-0.0011948980085478844,XLK
2025-06-30,0.009809751617682938,XLK
2025-07-01,-0.008924671425053265,XLK
2025-07-02,0.010559006588815256,XLK
2025-07-03,0.013169294228348782,XLK
2025-07-07,-0.007938952965327428,XLK
2025-07-08,0.0053742757956110054,XLK
2025-07-09,0.0060087322018012035,XLK
2025-07-10,-0.003296651398999595,XLK
2025-07-11,-0.004397248169129453,XLK
2025-07-14,-0.0008208196554907454,XLK
2025-07-15,0.008879691276328705,XLK
2025-07-16,0.0031018098623922796,XLK
2025-07-17,0.009083553713168824,XLK
2025-07-18,-0.0006511258398296249,XLK
2025-07-21,0.0013032171367264311,XLK
2025-07-22,-0.009263918102660251,XLK
2025-07-23,0.005718523242105755,XLK
2025-07-24,0.004226078863591054,XLK
2025-07-25,0.0022953271062953196,XLK
2025-07-28,0.007977390037004595,XLK
2025-07-29,3.790429466055123e-05,XLK
2025-07-30,0.0022340730284071686,XLK
2025-07-31,-0.0073296149882498,XLK
2025-08-01,-0.02158020522531945,XLK
2025-08-04,0.020305757466757335,XLK
2025-08-05,-0.008273336219601801,XLK
2025-08-06,0.011264004039601927,XLK
2025-08-07,0.0009124530054798186,XLK
2025-08-08,0.009989003750454861,XLK
2025-08-11,-0.006769021584139057,XLK
2025-08-12,0.015485371851820418,XLK
2025-08-13,0.0003728649442664711,XLK
2025-08-14,-0.002161628629357981,XLK
2025-08-15,-0.007582260844864908,XLK
2025-08-18,0.002145189237690026,XLK
2025-08-19,-0.017463454720184846,XLK
2025-08-20,-0.006765495935733168,XLK
2025-08-21,-0.0036174809287161658,XLK
2025-08-22,0.013556871947697058,XLK
2025-08-25,-0.0022484064677911197,XLK
2025-08-26,0.004583173313114974,XLK
2025-08-27,0.005398674806389225,XLK
2025-08-28,0.007903181098189549,XLK
2025-08-29,-0.0153447745432983,XLK
2025-09-02,-0.010097253918098681,XLK
2025-09-03,0.0059661985503327575,XLK
2025-09-04,0.004935942279683525,XLK
2025-09-05,0.000837536897869251,XLK
2025-09-08,0.0074944888171866175,XLK
2025-09-09,0.0019258006701814434,XLK
2025-09-10,0.018127676283181238,XLK
2025-09-11,0.003368512613989072,XLK
2025-09-12,-0.000664032603122644,XLK
2025-09-15,0.009007687527404773,XLK
2025-09-16,-0.003475823875214279,XLK
2025-09-17,-0.0034511967480185257,XLK
2025-09-18,0.017278865887928596,XLK
2025-09-19,0.010140585108146638,XLK
2025-09-22,0.013408827098540188,XLK
2025-09-23,-0.008632287588600684,XLK
2025-09-24,-0.0061737598272493255,XLK
2025-09-25,-0.0017594536664051752,XLK
2025-09-26,0.0030215695607576087,XLK
2024-04-15,,XLP
2024-04-16,0.00041049231725831525,XLP
2024-04-17,0.00369301929711896,XLP
2024-04-18,0.004633469337848917,XLP
2024-04-19,0.009766701150039081,XLP
2024-04-22,0.009537870247002145,XLP
2024-04-23,0.0027943989382401835,XLP
2024-04-24,0.007563690156684011,XLP
2024-04-25,-0.0023706085137933375,XLP
2024-04-26,-0.0021122595658003007,XLP
2024-04-29,0.0031750959755472152,XLP
2024-04-30,-0.004351863683056623,XLP
2024-05-01,-0.00635766035673635,XLP
2024-05-02,0.008397826059763247,XLP
2024-05-03,0.003040260712491749,XLP
2024-05-06,0.0005271602131686759,XLP
2024-05-07,0.010932584971981685,XLP
2024-05-08,-0.0029967864095582497,XLP
2024-05-09,0.00862524426377087,XLP
2024-05-10,0.005700990407702111,XLP
2024-05-13,-0.0028343366776396595,XLP
2024-05-14,-0.0019380041721155372,XLP
2024-05-15,0.0006472886958939217,XLP
2024-05-16,0.014230251367319813,XLP
2024-05-17,-0.002423500480972951,XLP
2024-05-20,-0.006904499703984213,XLP
2024-05-21,0.005922480949105635,XLP
2024-05-22,-0.003967714955732782,XLP
2024-05-23,-0.011822130205000558,XLP
2024-05-24,0.0026007404977084203,XLP
2024-05-28,-0.007782081530422924,XLP
2024-05-29,-0.007189582375919157,XLP
2024-05-30,0.0026333717665982803,XLP
2024-05-31,0.015626983429636754,XLP
2024-06-03,-0.0003878818298078679,XLP
2024-06-04,0.008666483242766088,XLP
2024-06-05,-0.0021801204285883946,XLP
2024-06-06,0.003084507141686066,XLP
2024-06-07,-0.004996788909666261,XLP
2024-06-10,-0.000772665273740647,XLP
2024-06-11,-0.0005154757256945475,XLP
2024-06-12,-0.010959238020591067,XLP
2024-06-13,0.0013035911265097955,XLP
2024-06-14,0.0018226714503100094,XLP
2024-06-17,0.009486723663219898,XLP
2024-06-18,0.0012873129985613296,XLP
2024-06-20,-0.002185628331361711,XLP
2024-06-21,0.000773064787036537,XLP
2024-06-24,0.0030900669347513343,XLP
2024-06-25,-0.006417661102526284,XLP
2024-06-26,-0.002066963629245966,XLP
2024-06-27,-0.004271868363167508,XLP
2024-06-28,-0.0044201293029657585,XLP
2024-07-01,-0.007051461251184832,XLP
2024-07-02,0.006969999643814395,XLP
2024-07-03,-0.0016977570058258618,XLP
2024-07-05,0.012297158320111912,XLP
2024-07-08,-0.0015507252706991048,XLP
2024-07-09,-0.0025887208401063067,XLP
2024-07-10,0.0044121980022984175,XLP
2024-07-11,-0.003746781780493702,XLP
2024-07-12,0.004409237909472674,XLP
2024-07-15,-0.005810160955111554,XLP
2024-07-16,0.009610361867136819,XLP
2024-07-17,0.012863391143287384,XLP
2024-07-18,-0.004953002288915265,XLP
2024-07-19,-0.003318470214346503,XLP
2024-07-22,0.0006403259585447962,XLP
2024-07-23,-0.003583296410083814,XLP
2024-07-24,-0.000899045649569552,XLP
2024-07-25,-0.0011570120352986102,XLP
2024-07-26,0.010167322349492247,XLP
2024-07-29,0.0003821987528773718,XLP
2024-07-30,-0.006749857386088909,XLP
2024-07-31,-0.00179509415929191,XLP
2024-08-01,0.009248570774763376,XLP
2024-08-02,0.008782008961261356,XLP
2024-08-05,-0.019682123971015986,XLP
2024-08-06,0.006949819005617863,XLP
2024-08-07,0.0010225183184946474,XLP
2024-08-08,0.009065361175168318,XLP
2024-08-09,0.0015184455072201342,XLP
2024-08-12,-0.005053714695736566,XLP
2024-08-13,0.004571436321924693,XLP
2024-08-14,0.00455063339115247,XLP
2024-08-15,0.010318355130597423,XLP
2024-08-16,0.002740082428627444,XLP
2024-08-19,0.003353578883398267,XLP
2024-08-20,0.004951739687094614,XLP
2024-08-21,0.006775105317691654,XLP
2024-08-22,-0.001468282658180664,XLP
2024-08-23,0.0028182297000238776,XLP
2024-08-26,0.007087021713198194,XLP
2024-08-27,0.002426651080806197,XLP
2024-08-28,-0.004236336139919916,XLP
2024-08-29,-0.004983542596867174,XLP
2024-08-30,0.007940404605820461,XLP
2024-09-03,0.0070293805192556125,XLP
2024-09-04,0.004693790302468859,XLP
2024-09-05,-0.003833249664066285,XLP
2024-09-06,-0.0020443216793327723,XLP
2024-09-09,0.007711765346698929,XLP
2024-09-10,-0.000239108498423235,XLP
2024-09-11,-0.009329012960206828,XLP
2024-09-12,0.006157122969478568,XLP
2024-09-13,0.007079481560007039,XLP
2024-09-16,0.003931869770699148,XLP
2024-09-17,-0.009494458004693396,XLP
2024-09-18,-0.0038341684439792134,XLP
2024-09-19,-0.005893647670997426,XLP
2024-09-20,0.004839703793032113,XLP
2024-09-23,0.0004815567087683714,XLP
2024-09-24,-0.0024069919010333285,XLP
2024-09-25,-0.002533467077077578,XLP
2024-09-26,0.002298045968855078,XLP
2024-09-27,0.001809990243913262,XLP
2024-09-30,-0.0002408653803297467,XLP
2024-10-01,-0.0033734792686370696,XLP
2024-10-02,-0.008462337612508697,XLP
2024-10-03,-0.00999755825878268,XLP
2024-10-04,0.003325175894194121,XLP
2024-10-07,-0.009942279936874687,XLP
2024-10-08,0.004959011633076216,XLP
2024-10-09,0.006044972957343964,XLP
2024-10-10,-0.004414476969707537,XLP
2024-10-11,0.0055425167472675785,XLP
2024-10-14,0.004042158666362372,XLP
2024-10-15,0.006343743263664603,XLP
2024-10-16,-0.0007273313146745064,XLP
2024-10-17,-0.004488690345895829,XLP
2024-10-18,0.00219352072302037,XLP
2024-10-21,-0.008390014955432012,XLP
2024-10-22,0.0056406997824476335,XLP
2024-10-23,-0.0019510261912148996,XLP
2024-10-24,-0.001343929290192225,XLP
2024-10-25,-0.00831906438643526,XLP
2024-10-28,0.0018505000048942843,XLP
2024-10-29,-0.009850947314149594,XLP
2024-10-30,-0.0016167749893258865,XLP
2024-10-31,-0.0019929750267523305,XLP
2024-11-01,0.00037442309371549243,XLP
2024-11-04,0.0027448685778512782,XLP
2024-11-05,0.006345582797154137,XLP
2024-11-06,-0.016320471558478378,XLP
2024-11-07,0.0036450593819308263,XLP
2024-11-08,0.012147792601617802,XLP
2024-11-11,-0.0034644738969827893,XLP
2024-11-12,0.0011174116819916424,XLP
2024-11-13,0.002976627822641964,XLP
2024-11-14,-0.0024731615041916344,XLP
2024-11-15,-0.00880127805365416,XLP
2024-11-18,0.0070034712982194325,XLP
2024-11-19,0.0013661278556578171,XLP
2024-11-20,-0.005084906941348888,XLP
2024-11-21,0.01084511473384242,XLP
2024-11-22,0.009248983029606528,XLP
2024-11-25,0.005498589904364026,XLP
2024-11-26,0.004131684701761618,XLP
2024-11-27,0.0020574343941759388,XLP
2024-11-29,0.005072441466974054,XLP
2024-12-02,-0.001201615869433792,XLP
2024-12-03,-0.005173247003934511,XLP
2024-12-04,-0.0027815134858240054,XLP
2024-12-05,0.004001962584508689,XLP
2024-12-06,-0.004952333102734352,XLP
2024-12-09,-0.001578019637680561,XLP
2024-12-10,0.004741633916698351,XLP
2024-12-11,-0.007623393732707151,XLP
2024-12-12,0.0029264462567730742,XLP
2024-12-13,-0.002553180358330187,XLP
2024-12-16,-0.005241349346382096,XLP
2024-12-17,-0.001715468552890509,XLP
2024-12-18,-0.015220300051430713,XLP
2024-12-19,-0.007104570247720932,XLP
2024-12-20,0.0035149230030735445,XLP
2024-12-23,-0.012759622733419018,XLP
2024-12-24,0.006589005125769987,XLP
2024-12-26,0.00314702910771425,XLP
2024-12-27,-0.004893956301923685,XLP
2024-12-30,-0.011727620042697673,XLP
2024-12-31,0.003062368959531492,XLP
2025-01-02,-0.0030530194874204275,XLP
2025-01-03,-0.0005104110517475391,XLP
2025-01-06,-0.01046852643502838,XLP
2025-01-07,-0.0034834765194095008,XLP
2025-01-08,0.0018125245147644353,XLP
2025-01-10,-0.013440177726051883,XLP
2025-01-13,0.0017029720860488595,XLP
2025-01-14,0.0002614965705138861,XLP
2025-01-15,-0.0033990654215861893,XLP
2025-01-16,0.007477366781099226,XLP
2025-01-17,0.0057290988870819515,XLP
2025-01-21,0.004660805545159574,XLP
2025-01-22,-0.004896871918685597,XLP
2025-01-23,0.0036259877605622215,XLP
2025-01-24,0.005161310011340792,XLP
2025-01-27,0.027086015006695607,XLP
2025-01-28,-0.01562304670198189,XLP
2025-01-29,0.002412326140914578,XLP
2025-01-30,0.009879752233591166,XLP
2025-01-31,-0.009406747377676883,XLP
2025-02-03,0.003925013236486974,XLP
2025-02-04,-0.008449970503331183,XLP
2025-02-05,0.006232483422176305,XLP
2025-02-06,0.00455063339115247,XLP
2025-02-07,-0.0015100383130580708,XLP
2025-02-10,0.006175146480051019,XLP
2025-02-11,0.009644342532309391,XLP
2025-02-12,-0.0007442942332150926,XLP
2025-02-13,0.010800683851352355,XLP
2025-02-14,-0.009948385861088038,XLP
2025-02-18,0.0035975798701346484,XLP
2025-02-19,0.008034629340161192,XLP
2025-02-20,-0.003923969133650673,XLP
2025-02-21,0.011695148454787141,XLP
2025-02-24,0.0030421026900904202,XLP
2025-02-25,0.014193839192207847,XLP
2025-02-26,-0.019138738078044115,XLP
2025-02-27,-0.00012197727110330181,XLP
2025-02-28,0.013294352917245567,XLP
2025-03-03,0.005296037582021906,XLP
2025-03-04,-0.017001894468624767,XLP
2025-03-05,0.004141339507970132,XLP
2025-03-06,0.0018194310048811335,XLP
2025-03-07,0.0032692127912961055,XLP
2025-03-10,-0.002172342551893469,XLP
2025-03-11,-0.014634725205690535,XLP
2025-03-12,-0.02172584075046191,XLP
2025-03-13,-0.00464234794673557,XLP
2025-03-14,0.0022690066938246822,XLP
2025-03-17,0.014589309540293138,XLP
2025-03-18,-0.011404464978647666,XLP
2025-03-19,0.0,XLP
2025-03-20,-0.004890274478350332,XLP
2025-03-21,-0.00037800880879734766,XLP
2025-03-24,0.0008823861491051854,XLP
2025-03-25,-0.00906802527539563,XLP
2025-03-26,0.015505861921341069,XLP
2025-03-27,0.011389186675047958,XLP
2025-03-28,-0.00494980706062198,XLP
2025-03-31,0.015669623796195298,XLP
2025-04-01,0.0014693614457268467,XLP
2025-04-02,-0.0029343179005145714,XLP
2025-04-03,0.005763256575359144,XLP
2025-04-04,-0.043404019803684024,XLP
2025-04-07,-0.011598216203585587,XLP
2025-04-08,-0.015473946233578117,XLP
2025-04-09,0.038768816550480256,XLP
2025-04-10,0.0005043615780948585,XLP
2025-04-11,0.012602394697287078,XLP
2025-04-14,0.017050438986918826,XLP
2025-04-15,-0.008443495241057919,XLP
2025-04-16,-0.010736704063850744,XLP
2025-04-17,0.02133232293352494,XLP
2025-04-21,-0.009527377336309817,XLP
2025-04-22,0.014181792795834092,XLP
2025-04-23,-0.005714995536377332,XLP
2025-04-24,-0.008805107262648382,XLP
2025-04-25,-0.002591075952619981,XLP
2025-04-28,-0.003339889353011438,XLP
2025-04-29,0.008315727584498944,XLP
2025-04-30,0.007262481324464387,XLP
2025-05-01,-0.008676513119705298,XLP
2025-05-02,0.00542399897823298,XLP
2025-05-05,-0.0008582601387884248,XLP
2025-05-06,-0.0017179947640013626,XLP
2025-05-07,0.0015980932421757466,XLP
2025-05-08,-0.0012273698993057192,XLP
2025-05-09,-0.0057752962296745425,XLP
2025-05-12,0.0014830689872245006,XLP
2025-05-13,-0.013451762980516313,XLP
2025-05-14,-0.00537903792898875,XLP
2025-05-15,0.020500530871891742,XLP
2025-05-16,0.011461675032923724,XLP
2025-05-19,0.002924306868063331,XLP
2025-05-20,0.0035232769302526723,XLP
2025-05-21,-0.011622265159888956,XLP
2025-05-22,-0.0041645803580656615,XLP
2025-05-23,0.003689980456363484,XLP
2025-05-27,0.009068601441263757,XLP
2025-05-28,-0.006801039391546082,XLP
2025-05-29,0.004035238884574577,XLP
2025-05-30,0.008768739682756266,XLP
2025-06-02,0.0006035907431858334,XLP
2025-06-03,-0.0009651810365721714,XLP
2025-06-04,-0.007004852773883741,XLP
2025-06-05,-0.009608378786163496,XLP
2025-06-06,0.003192952661869697,XLP
2025-06-09,-0.001346561477097108,XLP
2025-06-10,0.002206426834220343,XLP
2025-06-11,-0.0034246425144452974,XLP
2025-06-12,0.00589096352188867,XLP
2025-06-13,-0.012201073830776177,XLP
2025-06-16,0.003211488873155588,XLP
2025-06-17,-0.008495474403297232,XLP
2025-06-18,-0.0012417543230709427,XLP
2025-06-20,0.007335525744771809,XLP
2025-06-23,0.00469026041171805,XLP
2025-06-24,-0.0008599470947425747,XLP
2025-06-25,-0.013402237092646319,XLP
2025-06-26,-0.0008723790713835999,XLP
2025-06-27,0.004739988667727069,XLP
2025-06-30,0.0052141297707393175,XLP
2025-07-01,0.012473781906924497,XLP
2025-07-02,0.002927517125421497,XLP
2025-07-03,-0.0004865107629951071,XLP
2025-07-07,-0.0008517850397210536,XLP
2025-07-08,-0.009255902211437239,XLP
2025-07-09,-0.006515043506306606,XLP
2025-07-10,0.0035882320789704103,XLP
2025-07-11,-0.0036987184009406038,XLP
2025-07-14,0.0008662256767606458,XLP
2025-07-15,-0.010014806949805166,XLP
2025-07-16,0.0034969249452234674,XLP
2025-07-17,0.009458645310058689,XLP
2025-07-18,-0.0027123809523809106,XLP
2025-07-21,-0.00012365108549805548,XLP
2025-07-22,0.00914942530036722,XLP
2025-07-23,0.00036754200303090734,XLP
2025-07-24,-0.0035517564005853597,XLP
2025-07-25,0.0017207397811969116,XLP
2025-07-28,-0.010306703532400263,XLP
2025-07-29,0.006570775542201535,XLP
2025-07-30,-0.008868101971332476,XLP
2025-07-31,-0.008574654292769268,XLP
2025-08-01,0.004763159797278815,XLP
2025-08-04,0.004865261624642292,XLP
2025-08-05,-0.0009931946371657396,XLP
2025-08-06,0.014291058884475794,XLP
2025-08-07,0.007596117328156682,XLP
2025-08-08,0.0029183548078592914,XLP
2025-08-11,-0.0008486868571196959,XLP
2025-08-12,0.0026695010500252803,XLP
2025-08-13,0.0,XLP
2025-08-14,-0.008955559583283423,XLP
2025-08-15,0.0015874618926228212,XLP
2025-08-18,-0.0013410507858918619,XLP
2025-08-19,0.010255112932917587,XLP
2025-08-20,0.005679773059856563,XLP
2025-08-21,-0.009012256536874652,XLP
2025-08-22,0.0,XLP
2025-08-25,-0.01709717038000247,XLP
2025-08-26,-0.006538351779664997,XLP
2025-08-27,0.002980229323326755,XLP
2025-08-28,-0.006314157831275757,XLP
2025-08-29,0.006478901435658768,XLP
2025-09-02,-0.0016092752585097347,XLP
2025-09-03,-0.0007440196757966255,XLP
2025-09-04,0.0006204622661623027,XLP
2025-09-05,0.0028522241899113787,XLP
2025-09-08,-0.003709695085554965,XLP
2025-09-09,0.0019858962729977225,XLP
2025-09-10,-0.009785716371576214,XLP
2025-09-11,0.008131021724208765,XLP
2025-09-12,-0.003350250097225338,XLP
2025-09-15,-0.011454160513456713,XLP
2025-09-16,0.004534012637697815,XLP
2025-09-17,0.006018000434844906,XLP
2025-09-18,-0.008723790713836221,XLP
2025-09-19,-0.002011612525366968,XLP
2025-09-22,-0.017888614488257293,XLP
2025-09-23,0.005002557647876049,XLP
2025-09-24,0.002169727788845721,XLP
2025-09-25,-0.009551706979934349,XLP
2025-09-26,0.0024431329511080957,XLP
2024-04-15,,XLRE
2024-04-16,-0.015304765535821052,XLRE
2024-04-17,-0.008326373778089868,XLRE
2024-04-18,0.0002799366459169672,XLRE
2024-04-19,0.0039171623691554025,XLRE
2024-04-22,0.008082416170488438,XLRE
2024-04-23,0.009123634165345784,XLRE
2024-04-24,0.003835599716395466,XLRE
2024-04-25,-0.005731416156409264,XLRE
2024-04-26,0.000823463602678487,XLRE
2024-04-29,0.011245196316713946,XLRE
2024-04-30,-0.01844318754747032,XLRE
2024-05-01,0.0005526515203819748,XLRE
2024-05-02,0.014360686852009863,XLRE
2024-05-03,0.007895478332197392,XLRE
2024-05-06,0.00027007891435903986,XLRE
2024-05-07,0.010531984944770922,XLRE
2024-05-08,-0.009353246692875516,XLRE
2024-05-09,0.023738901412456714,XLRE
2024-05-10,-0.0036890484014207026,XLRE
2024-05-13,0.002644762509628862,XLRE
2024-05-14,0.007122143467434006,XLRE
2024-05-15,0.017024660049329343,XLRE
2024-05-16,-0.0018028201447443104,XLRE
2024-05-17,0.0,XLRE
2024-05-20,-0.006191895618225529,XLRE
2024-05-21,-0.0007787845000097882,XLRE
2024-05-22,-0.00857370269327129,XLRE
2024-05-23,-0.021226451166926452,XLRE
2024-05-24,0.0,XLRE
2024-05-28,-0.005890158366627207,XLRE
2024-05-29,-0.009426401259086337,XLRE
2024-05-30,0.014410076443299724,XLRE
2024-05-31,0.019833766725596336,XLRE
2024-06-03,-0.003942121266471532,XLRE
2024-06-04,0.009498595808986598,XLRE
2024-06-05,-0.0013068279993208032,XLRE
2024-06-06,0.0015703055411848688,XLRE
2024-06-07,-0.007839018381816776,XLRE
2024-06-10,0.005003914158564493,XLRE
2024-06-11,-0.0031446261101834017,XLRE
2024-06-12,0.007097803661026303,XLRE
2024-06-13,0.004959504565339001,XLRE
2024-06-14,0.0007791890726460693,XLRE
2024-06-17,-0.00519068140613721,XLRE
2024-06-18,0.003913323872061891,XLRE
2024-06-20,-0.002598712975849571,XLRE
2024-06-21,0.002605483880618431,XLRE
2024-06-24,-0.0033784061762407447,XLRE
2024-06-25,-0.014080759382414931,XLRE
2024-06-26,-0.0013224821460370295,XLRE
2024-06-27,0.009004241729375195,XLRE
2024-06-28,0.008136519309878132,XLRE
2024-07-01,-0.009632880326858273,XLRE
2024-07-02,0.004206094730844212,XLRE
2024-07-03,-0.001047144364618724,XLRE
2024-07-05,0.003668747122857585,XLRE
2024-07-08,0.0023498734825249112,XLRE
2024-07-09,0.0002605401508073424,XLRE
2024-07-10,0.00703116230046108,XLRE
2024-07-11,0.026635703200557748,XLRE
2024-07-12,0.007304808814967645,XLRE
2024-07-15,0.004251016799452945,XLRE
2024-07-16,0.009462178026868662,XLRE
2024-07-17,0.008880133256575107,XLRE
2024-07-18,-0.008312961855826861,XLRE
2024-07-19,-0.0012328168161932496,XLRE
2024-07-22,0.009874143235061084,XLRE
2024-07-23,-0.0017110656339600627,XLRE
2024-07-24,-0.01371208058762774,XLRE
2024-07-25,-0.0054617033930729475,XLRE
2024-07-26,0.016724866349905332,XLRE
2024-07-29,0.006383553625156635,XLRE
2024-07-30,0.007318839345599404,XLRE
2024-07-31,-0.0024219493000968706,XLRE
2024-08-01,0.015537830193825375,XLRE
2024-08-02,0.0007171594067347797,XLRE
2024-08-05,-0.0289058544393197,XLRE
2024-08-06,0.022140164265644025,XLRE
2024-08-07,-0.00722019837711485,XLRE
2024-08-08,0.008484811493844724,XLRE
2024-08-09,0.005048146799826458,XLRE
2024-08-12,-0.00597943056179151,XLRE
2024-08-13,0.0069777933408936565,XLRE
2024-08-14,0.003584265982032653,XLRE
2024-08-15,-0.0028571174258277265,XLRE
2024-08-16,-0.00047756583700042654,XLRE
2024-08-19,0.0059722884939035215,XLRE
2024-08-20,0.0009499148645824018,XLRE
2024-08-21,0.0033214563364245553,XLRE
2024-08-22,0.006147985715406756,XLRE
2024-08-23,0.01927143853177804,XLRE
2024-08-26,-0.0006916942595269759,XLRE
2024-08-27,0.002538085139923485,XLRE
2024-08-28,-0.003452279015995985,XLRE
2024-08-29,-0.003926054779229915,XLRE
2024-08-30,0.009737958695665405,XLRE
2024-09-03,0.002296263847767488,XLRE
2024-09-04,0.002290915707340968,XLRE
2024-09-05,-0.0027428327287946086,XLRE
2024-09-06,0.0,XLRE
2024-09-09,0.01191841496753221,XLRE
2024-09-10,0.017667015908021444,XLRE
2024-09-11,-0.002670797486527987,XLRE
2024-09-12,0.0017852714551600535,XLRE
2024-09-13,0.007128529720987542,XLRE
2024-09-16,0.0033178838512832876,XLRE
2024-09-17,-0.007936521285438536,XLRE
2024-09-18,-0.002888912624782969,XLRE
2024-09-19,-0.002451540293516574,XLRE
2024-09-20,-0.001787265848018027,XLRE
2024-09-23,0.004028654967464851,XLRE
2024-09-24,0.0,XLRE
2024-09-25,-0.004235453384332066,XLRE
2024-09-26,-0.009849980853925189,XLRE
2024-09-27,0.0013565763941219,XLRE
2024-09-30,0.008579752665680118,XLRE
2024-10-01,-0.0060442501485059585,XLRE
2024-10-02,-0.0036036000430957893,XLRE
2024-10-03,-0.009719717198498179,XLRE
2024-10-04,-0.006619513956558465,XLRE
2024-10-07,-0.007352934086817808,XLRE
2024-10-08,0.0030092839310029706,XLRE
2024-10-09,0.0004614964740683458,XLRE
2024-10-10,-0.008304424644194786,XLRE
2024-10-11,0.01023490601372501,XLRE
2024-10-14,0.006907649895291357,XLRE
2024-10-15,0.01257716082364313,XLRE
2024-10-16,0.009936821443905952,XLRE
2024-10-17,-0.006484814570914765,XLRE
2024-10-18,0.006977298473142213,XLRE
2024-10-21,-0.02056329792417888,XLRE
2024-10-22,0.0015974371362783568,XLRE
2024-10-23,0.009797227412976506,XLRE
2024-10-24,0.002256283276391269,XLRE
2024-10-25,-0.007879299607125634,XLRE
2024-10-28,0.0031767504111164246,XLRE
2024-10-29,-0.009047675174508774,XLRE
2024-10-30,0.0036521306185042235,XLRE
2024-10-31,-0.017511949883711186,XLRE
2024-11-01,-0.010648126767332844,XLRE
2024-11-04,0.011230686087646102,XLRE
2024-11-05,0.013651090604441585,XLRE
2024-11-06,-0.026706275895162945,XLRE
2024-11-07,0.012429615077000689,XLRE
2024-11-08,0.017141573079776595,XLRE
2024-11-11,-0.008654089488402295,XLRE
2024-11-12,-0.01263494721994185,XLRE
2024-11-13,0.007910659753585403,XLRE
2024-11-14,-0.009002756057152839,XLRE
2024-11-15,0.0011646689192899018,XLRE
2024-11-18,0.008841346490518376,XLRE
2024-11-19,0.004151298492666822,XLRE
2024-11-20,-0.001607709998904805,XLRE
2024-11-21,0.006671200659915444,XLRE
2024-11-22,0.007541175587575388,XLRE
2024-11-25,0.013381722625221082,XLRE
2024-11-26,0.0049239305998312055,XLRE
2024-11-27,0.006904177016900048,XLRE
2024-11-29,-0.004644969889963546,XLRE
2024-12-02,-0.015111117892795178,XLRE
2024-12-03,-0.0058663881616308755,XLRE
2024-12-04,-0.00272362103589896,XLRE
2024-12-05,-0.002503340898773576,XLRE
2024-12-06,-0.0013689566685918253,XLRE
2024-12-09,0.0020562063433089417,XLRE
2024-12-10,-0.01618784939791107,XLRE
2024-12-11,-0.0025492608681737527,XLRE
2024-12-12,-0.0006970862768572728,XLRE
2024-12-13,-0.0041849918042986545,XLRE
2024-12-16,-0.005136614786311,XLRE
2024-12-17,-0.004459104404708536,XLRE
2024-12-18,-0.039132482769114185,XLRE
2024-12-19,-0.017173625541402004,XLRE
2024-12-20,0.01822265394935907,XLRE
2024-12-23,-0.006128953037234042,XLRE
2024-12-24,0.00666009994243133,XLRE
2024-12-26,0.0014701680121240734,XLRE
2024-12-27,-0.008074333863022809,XLRE
2024-12-30,-0.004686789272702718,XLRE
2024-12-31,0.00793059992380063,XLRE
2025-01-02,-0.009343429322013708,XLRE
2025-01-03,0.013651010785869389,XLRE
2025-01-06,-0.01371208058762774,XLRE
2025-01-07,-0.007447846230192567,XLRE
2025-01-08,0.0042521757275906236,XLRE
2025-01-10,-0.024159431726992753,XLRE
2025-01-13,0.012761612968490654,XLRE
2025-01-14,0.00856855216665764,XLRE
2025-01-15,0.004247830259890284,XLRE
2025-01-16,0.022393668988104798,XLRE
2025-01-17,-0.00024332736666032861,XLRE
2025-01-21,0.018257058582529906,XLRE
2025-01-22,-0.01745166925600361,XLRE
2025-01-23,0.008029241929594644,XLRE
2025-01-24,0.0028964260439499068,XLRE
2025-01-27,0.009867625871011088,XLRE
2025-01-28,-0.012154393056741708,XLRE
2025-01-29,-0.011580205872167237,XLRE
2025-01-30,0.013180304728846348,XLRE
2025-01-31,-0.002168156016070122,XLRE
2025-02-03,-0.0016899975354586205,XLRE
2025-02-04,0.0,XLRE
2025-02-05,0.015719505438088754,XLRE
2025-02-06,0.0028571174258278376,XLRE
2025-02-07,-0.003561199311144625,XLRE
2025-02-10,0.0014295343542700678,XLRE
2025-02-11,0.005472270971124127,XLRE
2025-02-12,-0.008518618314068083,XLRE
2025-02-13,0.007875847358945975,XLRE
2025-02-14,-0.004025530920863218,XLRE
2025-02-18,0.00356627927446751,XLRE
2025-02-19,0.0018953288981262695,XLRE
2025-02-20,0.006857434600358925,XLRE
2025-02-21,-0.008219874912337222,XLRE
2025-02-24,0.004499138734750829,XLRE
2025-02-25,0.010608222120784827,XLRE
2025-02-26,-0.0048985092070171765,XLRE
2025-02-27,0.004453788733909558,XLRE
2025-02-28,0.007001238330008208,XLRE
2025-03-03,0.008574714224815594,XLRE
2025-03-04,-0.011488970467388948,XLRE
2025-03-05,0.009297947627275205,XLRE
2025-03-06,-0.027406694539201748,XLRE
2025-03-07,0.005683203435196793,XLRE
2025-03-10,-0.009653869452027286,XLRE
2025-03-11,-0.010461303543505385,XLRE
2025-03-12,-0.0036039816201611785,XLRE
2025-03-13,-0.019532224486326744,XLRE
2025-03-14,0.019429437247713732,XLRE
2025-03-17,0.017611568849210224,XLRE
2025-03-18,-0.006164109396617601,XLRE
2025-03-19,0.0011928209432712222,XLRE
2025-03-20,-0.0011913998166181994,XLRE
2025-03-21,-0.009780531138377735,XLRE
2025-03-24,0.007468113366080331,XLRE
2025-03-25,-0.011956002000207633,XLRE
2025-03-26,0.005082262488471434,XLRE
2025-03-27,-0.0024078612342975925,XLRE
2025-03-28,-0.00048275301994560316,XLRE
2025-03-31,0.010625419665063918,XLRE
2025-04-01,0.0007169078874087464,XLRE
2025-04-02,0.004775567283634041,XLRE
2025-04-03,-0.029943015242470783,XLRE
2025-04-04,-0.045565914362008186,XLRE
2025-04-07,-0.024127275379829727,XLRE
2025-04-08,-0.024723793145484785,XLRE
2025-04-09,0.05744328878738303,XLRE
2025-04-10,-0.021168019274096506,XLRE
2025-04-11,0.01406975210531436,XLRE
2025-04-14,0.02209662514932398,XLRE
2025-04-15,0.0015083301943750183,XLRE
2025-04-16,-0.000502019520257746,XLRE
2025-04-17,0.01582122232404548,XLRE
2025-04-21,-0.02076638162532507,XLRE
2025-04-22,0.020449319518113462,XLRE
2025-04-23,0.0012370869377285043,XLRE
2025-04-24,0.0029651328951127986,XLRE
2025-04-25,-0.0014782304278259106,XLRE
2025-04-28,0.006168270602754156,XLRE
2025-04-29,0.008092247202867053,XLRE
2025-04-30,0.004621713059793642,XLRE
2025-05-01,0.0029055431985840485,XLRE
2025-05-02,0.012312944441722484,XLRE
2025-05-05,-0.0011924454256294625,XLRE
2025-05-06,-0.00692456800695096,XLRE
2025-05-07,-0.0007212978885985377,XLRE
2025-05-08,-0.00481233773654266,XLRE
2025-05-09,0.006044487338267457,XLRE
2025-05-12,0.0009613293665127198,XLRE
2025-05-13,-0.013445410630851029,XLRE
2025-05-14,-0.008517850397210314,XLRE
2025-05-15,0.018409424867461777,XLRE
2025-05-16,0.012533059099303134,XLRE
2025-05-19,0.002142350777999402,XLRE
2025-05-20,-0.00522559178098525,XLRE
2025-05-21,-0.026504311892117993,XLRE
2025-05-22,-0.003433882464472182,XLRE
2025-05-23,0.0002460822365335513,XLRE
2025-05-27,0.01648626953014265,XLRE
2025-05-28,0.0,XLRE
2025-05-29,0.009198674431990073,XLRE
2025-05-30,0.0009594846928517864,XLRE
2025-06-02,0.0014378474466620883,XLRE
2025-06-03,-0.0035894118830509525,XLRE
2025-06-04,0.0031220237757147995,XLRE
2025-06-05,-0.0002394574125174076,XLRE
2025-06-06,0.0028736291045334816,XLRE
2025-06-09,-0.00047756583700042654,XLRE
2025-06-10,0.008838961454608052,XLRE
2025-06-11,-0.00544635436252594,XLRE
2025-06-12,0.005476179577055484,XLRE
2025-06-13,-0.008051152173180531,XLRE
2025-06-16,0.0009549037027971607,XLRE
2025-06-17,-0.004054423620445169,XLRE
2025-06-18,0.0019157527363558025,XLRE
2025-06-20,-0.00023896561894698465,XLRE
2025-06-23,0.005498434907205141,XLRE
2025-06-24,0.004755039032623198,XLRE
2025-06-25,-0.02437290156663463,XLRE
2025-06-26,-0.006306047160317352,XLRE
2025-06-27,0.0036611595487539006,XLRE
2025-06-30,0.007295701479892891,XLRE
2025-07-01,0.006760082239792853,XLRE
2025-07-02,0.0019184176233522088,XLRE
2025-07-03,0.0004787089121118804,XLRE
2025-07-07,-0.007655495231217668,XLRE
2025-07-08,-0.0014465133547053588,XLRE
2025-07-09,-0.0004827774975952881,XLRE
2025-07-10,0.005072441466974054,XLRE
2025-07-11,-0.0009613293665127198,XLRE
2025-07-14,0.006735597338282773,XLRE
2025-07-15,-0.012903157001642351,XLRE
2025-07-16,0.010893171950682401,XLRE
2025-07-17,-0.0009577850200596094,XLRE
2025-07-18,0.002876292626406096,XLRE
2025-07-21,0.0038240881173183805,XLRE
2025-07-22,0.017380941481817347,XLRE
2025-07-23,0.002808306416342221,XLRE
2025-07-24,-0.0014001764464468547,XLRE
2025-07-25,0.0,XLRE
2025-07-28,-0.01729379908001516,XLRE
2025-07-29,0.016646867434958468,XLRE
2025-07-30,-0.01403505202622446,XLRE
2025-07-31,-0.017556385567683908,XLRE
2025-08-01,-0.0028978249777091847,XLRE
2025-08-04,0.008476591580541148,XLRE
2025-08-05,0.0033621371686005652,XLRE
2025-08-06,-0.008377177700984673,XLRE
2025-08-07,0.003861932083841113,XLRE
2025-08-08,-0.008175045716289464,XLRE
2025-08-11,-0.005818222508286008,XLRE
2025-08-12,0.0017069864029897186,XLRE
2025-08-13,0.006572459372732986,XLRE
2025-08-14,-0.0070132312341334435,XLRE
2025-08-15,0.006575753744112234,XLRE
2025-08-18,-0.009436321971141526,XLRE
2025-08-19,0.017830961571163373,XLRE
2025-08-20,0.0038397808768952935,XLRE
2025-08-21,-0.003585979424164054,XLRE
2025-08-22,0.015834929044617807,XLRE
2025-08-25,-0.004959827201602374,XLRE
2025-08-26,-0.002848391728925259,XLRE
2025-08-27,0.004284701555998804,XLRE
2025-08-28,-0.0026071770380352577,XLRE
2025-08-29,0.005465768351430755,XLRE
2025-09-02,-0.017017281903414005,XLRE
2025-09-03,-0.002644881220196793,XLRE
2025-09-04,0.0067502117258166905,XLRE
2025-09-05,0.010057519169631046,XLRE
2025-09-08,-0.006638188176175008,XLRE
2025-09-09,-0.00047733787673776007,XLRE
2025-09-10,-0.00047756583700042654,XLRE
2025-09-11,0.01624463199380899,XLRE
2025-09-12,-0.004466441873932747,XLRE
2025-09-15,-0.001180619571712671,XLRE
2025-09-16,-0.0059101655912316975,XLRE
2025-09-17,-0.00047563515164217307,XLRE
2025-09-18,0.0007138376127890922,XLRE
2025-09-19,-0.00499293609874385,XLRE
2025-09-22,-0.004301082717770965,XLRE
2025-09-23,0.007919410740474309,XLRE
2025-09-24,-0.01023810250418522,XLRE
2025-09-25,-0.0024055442592063603,XLRE
2025-09-26,0.009886661088580384,XLRE
2024-04-15,,XLU
2024-04-16,-0.013205473110012744,XLU
2024-04-17,0.020869864007289296,XLU
2024-04-18,0.005617986892395788,XLU
2024-04-19,0.015363094758876095,XLU
2024-04-22,0.009170082092657905,XLU
2024-04-23,0.004694798793346999,XLU
2024-04-24,0.006029568103102845,XLU
2024-04-25,0.0026970379223445473,XLU
2024-04-26,-0.010908483973596783,XLU
2024-04-29,0.013597127410307719,XLU
2024-04-30,-0.005216850398356954,XLU
2024-05-01,0.011537373345930968,XLU
2024-05-02,0.005332552199081686,XLU
2024-05-03,0.007956400378288375,XLU
2024-05-06,0.00511618850146256,XLU
2024-05-07,0.011343786431994296,XLU
2024-05-08,0.010497493786717271,XLU
2024-05-09,0.015226978026756433,XLU
2024-05-10,-0.0009812124813222134,XLU
2024-05-13,0.0,XLU
2024-05-14,0.0026659527200179056,XLU
2024-05-15,0.014973407620106016,XLU
2024-05-16,-0.0034468496374959745,XLU
2024-05-17,0.0008300713836058016,XLU
2024-05-20,-0.0016587658731280763,XLU
2024-05-21,0.009000297907673982,XLU
2024-05-22,-0.011801846822242612,XLU
2024-05-23,-0.016942107825453134,XLU
2024-05-24,0.010029652144232681,XLU
2024-05-28,-0.0009790167108282288,XLU
2024-05-29,-0.012879716715871958,XLU
2024-05-30,0.013473222513973537,XLU
2024-05-31,0.017632271933575305,XLU
2024-06-03,-0.011413666352062535,XLU
2024-06-04,-0.0004172872381633663,XLU
2024-06-05,-0.005705589460436422,XLU
2024-06-06,-0.010356863476223555,XLU
2024-06-07,-0.010889501527875045,XLU
2024-06-10,0.012868085002404328,XLU
2024-06-11,-0.006069913862364995,XLU
2024-06-12,-0.006533257917081148,XLU
2024-06-13,0.0022874005588273683,XLU
2024-06-14,-0.002424734951724017,XLU
2024-06-17,-0.011009497363201004,XLU
2024-06-18,0.00043369640148904764,XLU
2024-06-20,0.008670608814685288,XLU
2024-06-21,-0.005873977710364131,XLU
2024-06-24,0.005043932514766869,XLU
2024-06-25,-0.009463665800565124,XLU
2024-06-26,-0.004198044409966628,XLU
2024-06-27,0.0017444795026153592,XLU
2024-06-28,-0.011174056472795235,XLU
2024-07-01,-0.006897581815571985,XLU
2024-07-02,0.005172136598072363,XLU
2024-07-03,0.0060276930659208805,XLU
2024-07-05,0.0017536569640048683,XLU
2024-07-08,0.0010211479461403883,XLU
2024-07-09,0.0029145575668481083,XLU
2024-07-10,0.009444951013677372,XLU
2024-07-11,0.01828122384843045,XLU
2024-07-12,0.0073509229313570845,XLU
2024-07-15,-0.024277340795279212,XLU
2024-07-16,0.00776644505979962,XLU
2024-07-17,0.0005708707820972769,XLU
2024-07-18,-0.0008557632017035521,XLU
2024-07-19,0.0011419585749490313,XLU
2024-07-22,0.008413004283361891,XLU
2024-07-23,-0.0062217538717666,XLU
2024-07-24,0.01124076450268885,XLU
2024-07-25,-0.008301622912960216,XLU
2024-07-26,0.009789937275078708,XLU
2024-07-29,0.004496272348702313,XLU
2024-07-30,0.005175587601598641,XLU
2024-07-31,0.012941835475601238,XLU
2024-08-01,0.017996943840047575,XLU
2024-08-02,0.0016194702976133346,XLU
2024-08-05,-0.026407963517062427,XLU
2024-08-06,0.0084417463647668,XLU
2024-08-07,0.005626403420632142,XLU
2024-08-08,0.0010917280620545977,XLU
2024-08-09,0.0034078516619413524,XLU
2024-08-12,0.0017660270661603583,XLU
2024-08-13,0.005831303466677262,XLU
2024-08-14,-0.0006740653039980504,XLU
2024-08-15,-0.00013494516810352852,XLU
2024-08-16,0.004452865043002019,XLU
2024-08-19,0.006582453623039886,XLU
2024-08-20,-0.002135375169594389,XLU
2024-08-21,0.007088490470603226,XLU
2024-08-22,-0.0011952717614538422,XLU
2024-08-23,0.002792169751747897,XLU
2024-08-26,0.006497023403082336,XLU
2024-08-27,-0.007904176980235378,XLU
2024-08-28,0.0,XLU
2024-08-29,0.005444212925254321,XLU
2024-08-30,0.007527729604267064,XLU
2024-09-03,-0.001441874544913957,XLU
2024-09-04,0.0085324432039251,XLU
2024-09-05,-0.002473024038500693,XLU
2024-09-06,-0.009524996520781093,XLU
2024-09-09,0.010143546382816782,XLU
2024-09-10,0.004694843621789291,XLU
2024-09-11,0.00311523703163874,XLU
2024-09-12,0.0021997693016380104,XLU
2024-09-13,0.014073647646669185,XLU
2024-09-16,0.007639399887025888,XLU
2024-09-17,-0.0007581192703622897,XLU
2024-09-18,-0.007587233943202487,XLU
2024-09-19,-0.005861451251155558,XLU
2024-09-20,0.026403553917242473,XLU
2024-09-23,0.0031218780504953525,XLU
2024-09-24,-0.007095726152515303,XLU
2024-09-25,0.005265774294087366,XLU
2024-09-26,-0.006859604011778875,XLU
2024-09-27,0.009920895928367424,XLU
2024-09-30,0.004476506074960085,XLU
2024-10-01,0.008046565185706456,XLU
2024-10-02,0.0004912306935702659,XLU
2024-10-03,-0.00036821871667347406,XLU
2024-10-04,-0.0015963270986643074,XLU
2024-10-07,-0.022998341819404744,XLU
2024-10-08,0.0005035361819991646,XLU
2024-10-09,-0.00855561495288315,XLU
2024-10-10,-0.0030457548714359906,XLU
2024-10-11,0.008783127072930608,XLU
2024-10-14,0.012618296529968376,XLU
2024-10-15,0.004485988914038064,XLU
2024-10-16,0.01984863493371103,XLU
2024-10-17,-0.008879646462335744,XLU
2024-10-18,0.00576820780492282,XLU
2024-10-21,-0.0039048164336884517,XLU
2024-10-22,-0.0035526267951111468,XLU
2024-10-23,0.009589457140509516,XLU
2024-10-24,-0.006454047624998016,XLU
2024-10-25,-0.014830238249572414,XLU
2024-10-28,0.00783783160412721,XLU
2024-10-29,-0.021355429099042977,XLU
2024-10-30,-0.0023965999537308713,XLU
2024-10-31,0.010368028349824199,XLU
2024-11-01,-0.022275138619915036,XLU
2024-11-04,-0.011903242517202317,XLU
2024-11-05,0.015025954766385352,XLU
2024-11-06,-0.010336875348195829,XLU
2024-11-07,0.0018052789702018845,XLU
2024-11-08,0.01917875938919278,XLU
2024-11-11,0.002778494820095956,XLU
2024-11-12,-0.0114610030808725,XLU
2024-11-13,-0.0017836589815103387,XLU
2024-11-14,-0.0034460325248836243,XLU
2024-11-15,0.014984607345128964,XLU
2024-11-18,0.008706655412066278,XLU
2024-11-19,0.006379715927701479,XLU
2024-11-20,0.0004972146307609115,XLU
2024-11-21,0.017393484445712426,XLU
2024-11-22,-0.0053730912771489114,XLU
2024-11-25,0.0018416394290869942,XLU
2024-11-26,0.015931410245921818,XLU
2024-11-27,0.0,XLU
2024-11-29,0.0003618670536154056,XLU
2024-12-02,-0.021463870405723173,XLU
2024-12-03,-0.008626057479659832,XLU
2024-12-04,-0.00012423253219473462,XLU
2024-12-05,0.0031079064198451523,XLU
2024-12-06,-0.012393109056182738,XLU
2024-12-09,-0.012548625541017766,XLU
2024-12-10,-0.00724361007929375,XLU
2024-12-11,-0.006272471530161305,XLU
2024-12-12,-0.0005152765289526684,XLU
2024-12-13,0.0006444523020732174,XLU
2024-12-16,-0.007985609884802458,XLU
2024-12-17,-0.004154761214898439,XLU
2024-12-18,-0.023598404571191223,XLU
2024-12-19,0.004540045000082538,XLU
2024-12-20,0.015951042066935983,XLU
2024-12-23,-0.004841066925352022,XLU
2024-12-24,0.005522032761259066,XLU
2024-12-26,-0.0023535603723200405,XLU
2024-12-27,-0.0028833710603377583,XLU
2024-12-30,-0.004206094730844212,XLU
2024-12-31,-0.0009239663787012908,XLU
2025-01-02,0.007662758395458491,XLU
2025-01-03,0.010620233691355674,XLU
2025-01-06,-0.011157246885340366,XLU
2025-01-07,-0.002492816037303336,XLU
2025-01-08,-0.0002630099090814575,XLU
2025-01-10,-0.005657154230901185,XLU
2025-01-13,-0.011643356198635546,XLU
2025-01-14,0.013119188714460162,XLU
2025-01-15,0.014667027033239188,XLU
2025-01-16,0.02526373770382362,XLU
2025-01-17,0.0013970910233340739,XLU
2025-01-21,0.015347625191170389,XLU
2025-01-22,-0.021611533928549975,XLU
2025-01-23,0.004724243463020361,XLU
2025-01-24,0.010166417556778828,XLU
2025-01-27,-0.02314752028354594,XLU
2025-01-28,-0.01377977686797105,XLU
2025-01-29,0.002089266504169185,XLU
2025-01-30,0.020849602797245792,XLU
2025-01-31,-0.005871829282307117,XLU
2025-02-03,0.005392986814999112,XLU
2025-02-04,-0.008812291373094139,XLU
2025-02-05,0.01005023544855943,XLU
2025-02-06,-0.001148058918118977,XLU
2025-02-07,-0.002043469423667954,XLU
2025-02-10,0.01087789199846978,XLU
2025-02-11,0.005063951597628513,XLU
2025-02-12,-0.0017634386034104388,XLU
2025-02-13,0.002271297226192903,XLU
2025-02-14,-0.004154624572413446,XLU
2025-02-18,0.009355219697148698,XLU
2025-02-19,0.0052605939078747,XLU
2025-02-20,-0.0001246216790959931,XLU
2025-02-21,0.00024917935285251325,XLU
2025-02-24,-0.004983105932631515,XLU
2025-02-25,-0.005008157156924931,XLU
2025-02-26,0.004152533358319888,XLU
2025-02-27,-0.022180503819190678,XLU
2025-02-28,0.015250576188936105,XLU
2025-03-03,0.001388545931034546,XLU
2025-03-04,-0.016261198610263428,XLU
2025-03-05,-0.00704770688500056,XLU
2025-03-06,-0.020776882884704806,XLU
2025-03-07,0.018582020468455696,XLU
2025-03-10,0.010997521853442382,XLU
2025-03-11,-0.009342151692360634,XLU
2025-03-12,-0.0031004454438688933,XLU
2025-03-13,0.0024621283648378345,XLU
2025-03-14,0.01951915879416899,XLU
2025-03-17,0.004184026755019499,XLU
2025-03-18,-0.006944386913584233,XLU
2025-03-19,0.003687233438030235,XLU
2025-03-20,0.004053707688465469,XLU
2025-03-21,-0.006434546082321413,XLU
2025-03-24,-0.0073651026165674205,XLU
2025-03-25,-0.015990789679928508,XLU
2025-03-26,0.006630293140547305,XLU
2025-03-27,-0.000258254461934615,XLU
2025-03-28,0.007363385452250348,XLU
2025-03-31,0.011156643751415674,XLU
2025-04-01,0.0025365197401032713,XLU
2025-04-02,0.004680519960830853,XLU
2025-04-03,-0.006295643559905195,XLU
2025-04-04,-0.05562594388624664,XLU
2025-04-07,-0.015295846079701136,XLU
2025-04-08,-0.004087791991453926,XLU
2025-04-09,0.039403543947360564,XLU
2025-04-10,-0.007502957557790402,XLU
2025-04-11,0.012201566980466927,XLU
2025-04-14,0.01795076981210908,XLU
2025-04-15,-0.00012874418736197324,XLU
2025-04-16,-0.00901128920561478,XLU
2025-04-17,0.010262318156441852,XLU
2025-04-21,-0.0236594627403095,XLU
2025-04-22,0.02726194766896528,XLU
2025-04-23,0.004230792705829378,XLU
2025-04-24,0.0015319177120194372,XLU
2025-04-25,-0.003059246311097663,XLU
2025-04-28,0.00613736558691369,XLU
2025-04-29,0.007751945500392932,XLU
2025-04-30,-0.005044155239411929,XLU
2025-05-01,0.0029150281760592645,XLU
2025-05-02,0.007835242867460845,XLU
2025-05-05,-0.0025077987240399446,XLU
2025-05-06,0.012193507908195622,XLU
2025-05-07,0.0028564749940709344,XLU
2025-05-08,-0.008049554500048406,XLU
2025-05-09,0.0017478076443868673,XLU
2025-05-12,-0.005982000751719729,XLU
2025-05-13,-0.0013791450276503525,XLU
2025-05-14,-0.004394205491727199,XLU
2025-05-15,0.02131140916739538,XLU
2025-05-16,0.01469320252863704,XLU
2025-05-19,0.004258925198605157,XLU
2025-05-20,0.0029080076011067657,XLU
2025-05-21,-0.01824325924945447,XLU
2025-05-22,-0.014275210824689077,XLU
2025-05-23,0.01198500752509779,XLU
2025-05-27,0.007525297664987329,XLU
2025-05-28,-0.013958606773691762,XLU
2025-05-29,0.00695390000102325,XLU
2025-05-30,0.010235563799956049,XLU
2025-06-02,0.003173854272973342,XLU
2025-06-03,0.002677065221296626,XLU
2025-06-04,-0.017475757460441277,XLU
2025-06-05,-0.0016056973182809742,XLU
2025-06-06,0.004453799359104504,XLU
2025-06-09,-0.00640478207690931,XLU
2025-06-10,0.002355304893007837,XLU
2025-06-11,0.0006183904449712507,XLU
2025-06-12,0.012112170104844555,XLU
2025-06-13,-0.005739421470340567,XLU
2025-06-16,-0.004912816689689792,XLU
2025-06-17,-0.008269540813448661,XLU
2025-06-18,0.0026135543056704513,XLU
2025-06-20,0.0027308990487879825,XLU
2025-06-23,0.0056944675838563885,XLU
2025-06-24,0.004308203881393524,XLU
2025-06-25,-0.013359436043808515,XLU
2025-06-26,0.008322958620438747,XLU
2025-06-27,0.0019712167761338772,XLU
2025-06-30,0.004057565764478799,XLU
2025-07-01,0.0034288362324284005,XLU
2025-07-02,-0.008664865307764225,XLU
2025-07-03,0.007509454090216527,XLU
2025-07-07,0.0020772947940752573,XLU
2025-07-08,-0.010608495597120293,XLU
2025-07-09,0.009366553388555188,XLU
2025-07-10,0.008180685671093757,XLU
2025-07-11,-0.0014533456100951359,XLU
2025-07-14,0.004002448068759046,XLU
2025-07-15,-0.009543379163771126,XLU
2025-07-16,0.0004878755527448764,XLU
2025-07-17,0.004144873489513756,XLU
2025-07-18,0.01675363855047629,XLU
2025-07-21,0.003223840514225751,XLU
2025-07-22,0.012259062721307723,XLU
2025-07-23,-0.007524977856367188,XLU
2025-07-24,-0.0013031703065894407,XLU
2025-07-25,0.0026096510479782786,XLU
2025-07-28,-0.010648295459417811,XLU
2025-07-29,0.011480495729975226,XLU
2025-07-30,0.007448536767312497,XLU
2025-07-31,0.005398416728260136,XLU
2025-08-01,0.0015175077108806612,XLU
2025-08-04,0.017715577960405016,XLU
2025-08-05,-0.010650484521599335,XLU
2025-08-06,-0.008913029847279597,XLU
2025-08-07,0.010861951358824395,XLU
2025-08-08,-0.004275017140793924,XLU
2025-08-11,-0.0031329385252995,XLU
2025-08-12,0.004306775711973243,XLU
2025-08-13,0.0022021609190361335,XLU
2025-08-14,-0.006938804968785406,XLU
2025-08-15,-0.0029113775707891865,XLU
2025-08-18,-0.004321452169035345,XLU
2025-08-19,0.009736091859879004,XLU
2025-08-20,0.001045496468125684,XLU
2025-08-21,-0.006846888133081763,XLU
2025-08-22,0.005375076824381875,XLU
2025-08-25,-0.011273840195044404,XLU
2025-08-26,0.0022334835087323146,XLU
2025-08-27,0.0002345372104783916,XLU
2025-08-28,-0.00762196922118985,XLU
2025-08-29,-0.0036629749338816797,XLU
2025-09-02,-0.003320668646943359,XLU
2025-09-03,-0.0024987991692638767,XLU
2025-09-04,-0.0011928721452568736,XLU
2025-09-05,-0.0031052445456392075,XLU
2025-09-08,-0.010183280959510377,XLU
2025-09-09,0.006899051995587158,XLU
2025-09-10,0.017189569217562983,XLU
2025-09-11,0.005317855514491487,XLU
2025-09-12,0.005054664473002735,XLU
2025-09-15,0.002339145593475811,XLU
2025-09-16,-0.018203005999357202,XLU
2025-09-17,0.0024958294033277095,XLU
2025-09-18,0.0007113833915088907,XLU
2025-09-19,0.006397266469675644,XLU
2025-09-22,0.0029429076984230917,XLU
2025-09-23,0.005164348088809723,XLU
2025-09-24,0.007122846972197561,XLU
2025-09-25,-0.00962320963541663,XLU
2025-09-26,0.016272528909439643,XLU
2024-04-15,,XLV
2024-04-16,0.0003605842256948488,XLV
2024-04-17,-0.00173053249963806,XLV
2024-04-18,-7.230399774971197e-05,XLV
2024-04-19,0.0037564422449898327,XLV
2024-04-22,0.00381431299702939,XLV
2024-04-23,0.013048518640436102,XLV
2024-04-24,-0.0031139591783666543,XLV
2024-04-25,-0.006673309934212557,XLV
2024-04-26,0.00028593871816351424,XLV
2024-04-29,0.003358001853164261,XLV
2024-04-30,-0.0007120333970066506,XLV
2024-05-01,0.0017815149771107652,XLV
2024-05-02,-0.000711382146913131,XLV
2024-05-03,0.0024915013821218412,XLV
2024-05-06,0.004047376681237891,XLV
2024-05-07,0.008274494188386772,XLV
2024-05-08,-0.0034369465384801456,XLV
2024-05-09,0.008586720192711006,XLV
2024-05-10,0.0020236795530845786,XLV
2024-05-13,-0.0009749940331428286,XLV
2024-05-14,0.004252357081413249,XLV
2024-05-15,0.014854917575422233,XLV
2024-05-16,-0.0011627781976322193,XLV
2024-05-17,0.001917405886718182,XLV
2024-05-20,-0.002118772221765708,XLV
2024-05-21,0.001712328767123239,XLV
2024-05-22,0.0017777402176817336,XLV
2024-05-23,-0.010920694182756985,XLV
2024-05-24,-0.003381446972471447,XLV
2024-05-28,-0.012117435411907573,XLV
2024-05-29,-0.007780196429505337,XLV
2024-05-30,0.000494541716771213,XLV
2024-05-31,0.014615491026371386,XLV
2024-06-03,0.007028599770873889,XLV
2024-06-04,0.0029023436490869248,XLV
2024-06-05,0.004547566878766673,XLV
2024-06-06,0.0032924823954552096,XLV
2024-06-07,0.0010937881906551983,XLV
2024-06-10,0.003687827439270208,XLV
2024-06-11,-0.004150511024596959,XLV
2024-06-12,-0.002118048355431834,XLV
2024-06-13,-0.0008217074527142598,XLV
2024-06-14,-0.0003425463953788954,XLV
2024-06-17,-0.001028305115522432,XLV
2024-06-18,0.001303797755964231,XLV
2024-06-20,0.003289444446012979,XLV
2024-06-21,0.002800571579253397,XLV
2024-06-24,0.001907218744997996,XLV
2024-06-25,-0.0031272789892621278,XLV
2024-06-26,-0.003546370150342204,XLV
2024-06-27,-0.0016426356317943425,XLV
2024-06-28,-0.0008226168588756355,XLV
2024-07-01,-0.005626122293096003,XLV
2024-07-02,-0.0036569295941559776,XLV
2024-07-03,-0.007617665451669642,XLV
2024-07-05,0.00774599153323563,XLV
2024-07-08,-0.0011079818437215172,XLV
2024-07-09,0.004852665152458746,XLV
2024-07-10,0.009451606794208978,XLV
2024-07-11,0.007039357078588493,XLV
2024-07-12,0.006243624912366741,XLV
2024-07-15,-0.003507144111936311,XLV
2024-07-16,0.014280883995611227,XLV
2024-07-17,0.0045375195049497385,XLV
2024-07-18,-0.022718203278014548,XLV
2024-07-19,0.005097879451413823,XLV
2024-07-22,0.00574833388505902,XLV
2024-07-23,-0.0006051394375465868,XLV
2024-07-24,0.00834279885378919,XLV
2024-07-25,-0.0050043372551894505,XLV
2024-07-26,0.005633125162185948,XLV
2024-07-29,0.000600135595234752,XLV
2024-07-30,0.0008663087062956709,XLV
2024-07-31,-0.0036621908362727273,XLV
2024-08-01,0.010225213722977244,XLV
2024-08-02,-0.0019846721651873844,XLV
2024-08-05,-0.026713501014133945,XLV
2024-08-06,0.0046311562167224984,XLV
2024-08-07,-0.010168802493789597,XLV
2024-08-08,0.022121848557270507,XLV
2024-08-09,0.004958390559754333,XLV
2024-08-12,-0.0038004539383049707,XLV
2024-08-13,0.012114299673581908,XLV
2024-08-14,0.003570911795885312,XLV
2024-08-15,0.006259964690420894,XLV
2024-08-16,0.001047661556456303,XLV
2024-08-19,0.00608365254317822,XLV
2024-08-20,0.004031177535015029,XLV
2024-08-21,0.0016836841725091922,XLV
2024-08-22,0.0006465354813227631,XLV
2024-08-23,0.004328712845518723,XLV
2024-08-26,-0.0005146467200081162,XLV
2024-08-27,0.0015447351529040976,XLV
2024-08-28,0.0011566909265166014,XLV
2024-08-29,0.0021182479316792513,XLV
2024-08-30,0.006917767517504725,XLV
2024-09-03,-0.0019084163968310364,XLV
2024-09-04,-0.001720771345918637,XLV
2024-09-05,-0.013726674891455404,XLV
2024-09-06,-0.0034308570297454377,XLV
2024-09-09,0.007015276729221309,XLV
2024-09-10,0.004579802099321295,XLV
2024-09-11,-0.002953683688468711,XLV
2024-09-12,0.0036063727653017352,XLV
2024-09-13,0.0020534351369265735,XLV
2024-09-16,0.006915995169874289,XLV
2024-09-17,-0.0103027875819236,XLV
2024-09-18,-0.0016707011630487933,XLV
2024-09-19,0.0036045156822459568,XLV
2024-09-20,-0.00410466519474284,XLV
2024-09-23,-0.005667213354781597,XLV
2024-09-24,-0.0020077562878764166,XLV
2024-09-25,-0.009734570936784093,XLV
2024-09-26,0.0033423538755166238,XLV
2024-09-27,-0.0005225462303417583,XLV
2024-09-30,0.006535093269370407,XLV
2024-10-01,-0.005259041268177556,XLV
2024-10-02,-0.0020234501912254066,XLV
2024-10-03,-0.009025439366320165,XLV
2024-10-04,0.0007919424089490867,XLV
2024-10-07,-0.004418347214732665,XLV
2024-10-08,0.005431490089418123,XLV
2024-10-09,0.010211496938641762,XLV
2024-10-10,-0.0037171780294926737,XLV
2024-10-11,0.007331250152942559,XLV
2024-10-14,0.00552346550709526,XLV
2024-10-15,-0.012214032070277603,XLV
2024-10-16,0.0028131675407985224,XLV
2024-10-17,-0.005806363496452804,XLV
2024-10-18,0.00485599774347345,XLV
2024-10-21,-0.011754737767659007,XLV
2024-10-22,-0.0014537845638086244,XLV
2024-10-23,-0.00469860837138103,XLV
2024-10-24,-0.006582382144618815,XLV
2024-10-25,-0.005488302684693025,XLV
2024-10-28,0.0014805924094838385,XLV
2024-10-29,-0.0027552158378870706,XLV
2024-10-30,-0.0018867843046690425,XLV
2024-10-31,-0.008439103707848727,XLV
2024-11-01,0.005923676754277629,XLV
2024-11-04,-0.006565596213870539,XLV
2024-11-05,0.0073584642611974616,XLV
2024-11-06,0.0012849994912016438,XLV
2024-11-07,0.007227826079069244,XLV
2024-11-08,0.007175857159478882,XLV
2024-11-11,-0.005859566300041141,XLV
2024-11-12,-0.013931693158329095,XLV
2024-11-13,-0.002649092422324917,XLV
2024-11-14,-0.015732462914845424,XLV
2024-11-15,-0.018544200493640584,XLV
2024-11-18,0.000705062789746469,XLV
2024-11-19,-0.005142987987762027,XLV
2024-11-20,0.011826344377485976,XLV
2024-11-21,0.008048669213215565,XLV
2024-11-22,0.0009026236472564619,XLV
2024-11-25,0.008532156605808527,XLV
2024-11-26,0.005364872292257683,XLV
2024-11-27,0.005336244024545689,XLV
2024-11-29,0.003130362187276692,XLV
2024-12-02,-0.0017638542783092737,XLV
2024-12-03,-0.002242518423057227,XLV
2024-12-04,-0.0005448973373092247,XLV
2024-12-05,-0.011176225488998215,XLV
2024-12-06,-0.005651325222093662,XLV
2024-12-09,0.0029109937101383654,XLV
2024-12-10,-0.004146446837460349,XLV
2024-12-11,-0.013601711525669136,XLV
2024-12-12,-0.007949942927147569,XLV
2024-12-13,-0.00014175600631560759,XLV
2024-12-16,-0.011915794518156608,XLV
2024-12-17,-0.00071775785283823,XLV
2024-12-18,-0.01357660583648379,XLV
2024-12-19,-0.007573612652571171,XLV
2024-12-20,0.012621083329246607,XLV
2024-12-23,0.005434782608695565,XLV
2024-12-24,0.004108160895270219,XLV
2024-12-26,0.002009752832163425,XLV
2024-12-27,-0.00465622583706371,XLV
2024-12-30,-0.012306523876463915,XLV
2024-12-31,0.002404560025109692,XLV
2025-01-02,0.0002907122483359892,XLV
2025-01-03,0.009810377861549702,XLV
2025-01-06,0.000431761339197978,XLV
2025-01-07,0.004963332039998658,XLV
2025-01-08,0.005153431589110413,XLV
2025-01-10,-0.0056255310641275535,XLV
2025-01-13,0.013033567259909784,XLV
2025-01-14,-0.010320985752675371,XLV
2025-01-15,0.004071480887276824,XLV
2025-01-16,0.003983762747498121,XLV
2025-01-17,-0.0067314686754251785,XLV
2025-01-21,0.016550202920788015,XLV
2025-01-22,-0.002245665433113997,XLV
2025-01-23,0.013363407322759535,XLV
2025-01-24,0.0015963056955590194,XLV
2025-01-27,0.022451704996034882,XLV
2025-01-28,-0.006980676096194793,XLV
2025-01-29,-0.005869509864007028,XLV
2025-01-30,0.011533658063598295,XLV
2025-01-31,-0.003189909273686231,XLV
2025-02-03,0.003881033180153315,XLV
2025-02-04,-0.0027130300369629934,XLV
2025-02-05,0.009589252764488299,XLV
2025-02-06,-0.008959258055885266,XLV
2025-02-07,-0.004690065689960332,XLV
2025-02-10,-0.0008877254013885949,XLV
2025-02-11,-0.001845552063081013,XLV
2025-02-12,-0.0014380021696466239,XLV
2025-02-13,0.003908874206557611,XLV
2025-02-14,-0.010861372665618374,XLV
2025-02-18,-0.0019336931864344375,XLV
2025-02-19,0.01300850794661712,XLV
2025-02-20,0.005601143158507016,XLV
2025-02-21,-0.005366176731227856,XLV
2025-02-24,0.008126767062271778,XLV
2025-02-25,0.008603199528984806,XLV
2025-02-26,-0.007186460271448425,XLV
2025-02-27,-0.00405903175339184,XLV
2025-02-28,0.011615211526283087,XLV
2025-03-03,0.004364528216210362,XLV
2025-03-04,-0.009292681993802843,XLV
2025-03-05,0.010054593493674657,XLV
2025-03-06,-0.00273909956829288,XLV
2025-03-07,6.695589569161164e-05,XLV
2025-03-10,-0.010785105998907918,XLV
2025-03-11,-0.010902692695300309,XLV
2025-03-12,-0.009995833763398743,XLV
2025-03-13,-0.005325063900133653,XLV
2025-03-14,0.007647853929798609,XLV
2025-03-17,0.012695864829000092,XLV
2025-03-18,0.00047688262854950203,XLV
2025-03-19,0.000544823161603647,XLV
2025-03-20,0.0006125533556509133,XLV
2025-03-21,-0.0027888471440031815,XLV
2025-03-24,0.0037516218967985626,XLV
2025-03-25,-0.012776008848127796,XLV
2025-03-26,-0.003648370370409326,XLV
2025-03-27,0.0015890266602893721,XLV
2025-03-28,-0.003104069424384681,XLV
2025-03-31,0.010309923819030287,XLV
2025-04-01,-0.01828640688579919,XLV
2025-04-02,0.006697409923216435,XLV
2025-04-03,-0.00810809524741074,XLV
2025-04-04,-0.05484528635308028,XLV
2025-04-07,-0.00598756331980177,XLV
2025-04-08,-0.011080579159946202,XLV
2025-04-09,0.043465174951121455,XLV
2025-04-10,-0.027889847725504513,XLV
2025-04-11,0.014678595422182195,XLV
2025-04-14,0.012201346010975334,XLV
2025-04-15,-0.006135346368691064,XLV
2025-04-16,-0.010167834486524918,XLV
2025-04-17,-0.005869747100869072,XLV
2025-04-21,-0.021551391619750393,XLV
2025-04-22,0.018782455282553956,XLV
2025-04-23,0.004960744713879084,XLV
2025-04-24,0.012230190189069345,XLV
2025-04-25,0.004803869750647172,XLV
2025-04-28,0.00398408576312459,XLV
2025-04-29,0.004906151845861961,XLV
2025-04-30,0.00854395786786255,XLV
2025-05-01,-0.027265621113201854,XLV
2025-05-02,0.013831962808041443,XLV
2025-05-05,-0.0028152702886381498,XLV
2025-05-06,-0.027580697664888354,XLV
2025-05-07,0.007667674869775487,XLV
2025-05-08,-0.009013011341622468,XLV
2025-05-09,-0.010884200987851367,XLV
2025-05-12,0.024721240723166282,XLV
2025-05-13,-0.030082460979038217,XLV
2025-05-14,-0.023507931747261623,XLV
2025-05-15,0.013124193409440377,XLV
2025-05-16,0.02015935527116519,XLV
2025-05-19,0.00961754312508356,XLV
2025-05-20,0.0024559190522175367,XLV
2025-05-21,-0.023162547794164712,XLV
2025-05-22,-0.007827927990298744,XLV
2025-05-23,-0.0016086304784223016,XLV
2025-05-27,0.013963536714398872,XLV
2025-05-28,-0.005145338345395878,XLV
2025-05-29,0.006693070515731536,XLV
2025-05-30,0.0021154334995898694,XLV
2025-06-02,0.0006031501162757635,XLV
2025-06-03,0.002335726007704375,XLV
2025-06-04,0.0019544050907440713,XLV
2025-06-05,-0.0013503840111602772,XLV
2025-06-06,0.009541013196886494,XLV
2025-06-09,-0.0017116459143509122,XLV
2025-06-10,0.01140513491545514,XLV
2025-06-11,0.0005159738207389797,XLV
2025-06-12,0.007808453470303789,XLV
2025-06-13,-0.004970343453810977,XLV
2025-06-16,-0.003085272562113439,XLV
2025-06-17,-0.016505824053836493,XLV
2025-06-18,-0.0017232016590660315,XLV
2025-06-20,-0.004803357574773348,XLV
2025-06-23,-0.00331826863614737,XLV
2025-06-24,0.012257831963513821,XLV
2025-06-25,0.0008969585758888954,XLV
2025-06-26,0.00238989797464928,XLV
2025-06-27,-0.0021606954424401303,XLV
2025-06-30,0.006421269748244196,XLV
2025-07-01,0.014244480476073296,XLV
2025-07-02,-0.009874961869771326,XLV
2025-07-03,0.0010342744460487552,XLV
2025-07-07,-0.00841327962840177,XLV
2025-07-08,0.004540046201105596,XLV
2025-07-09,0.00385273962923538,XLV
2025-07-10,0.006125926617491784,XLV
2025-07-11,-0.008289354622208478,XLV
2025-07-14,-0.001183546558324311,XLV
2025-07-15,-0.017995946809960417,XLV
2025-07-16,0.01244339231173397,XLV
2025-07-17,-0.011396638951931992,XLV
2025-07-18,-0.006630537030730688,XLV
2025-07-21,-0.005688713750247931,XLV
2025-07-22,0.018613185670682597,XLV
2025-07-23,0.02051977471888433,XLV
2025-07-24,-0.0037426414444463596,XLV
2025-07-25,0.005303485929847085,XLV
2025-07-28,-0.008719244421591998,XLV
2025-07-29,-0.006356720031264196,XLV
2025-07-30,-0.0017852432303095966,XLV
2025-07-31,-0.02802004394676716,XLV
2025-08-01,0.0053669573437094,XLV
2025-08-04,0.014336837901466781,XLV
2025-08-05,-0.0038342570325399228,XLV
2025-08-06,-0.015018909382370271,XLV
2025-08-07,-0.011493372639146293,XLV
2025-08-08,0.008914109016666227,XLV
2025-08-11,0.0009986909985104653,XLV
2025-08-12,0.00690773813532175,XLV
2025-08-13,0.016007247546660386,XLV
2025-08-14,0.005026734649885345,XLV
2025-08-15,0.01679605768314052,XLV
2025-08-18,-0.002349367215662701,XLV
2025-08-19,0.006402201200199409,XLV
2025-08-20,0.00541097925480738,XLV
2025-08-21,-0.003345503373579528,XLV
2025-08-22,0.00824580369362038,XLV
2025-08-25,-0.014257807388072252,XLV
2025-08-26,0.00624086727284312,XLV
2025-08-27,-0.000583741913704805,XLV
2025-08-28,-0.0039425315040462205,XLV
2025-08-29,0.007329766573956009,XLV
2025-09-02,0.0009459716927964212,XLV
2025-09-03,-0.0047251665311167645,XLV
2025-09-04,0.003798035203878891,XLV
2025-09-05,0.0034199319344498935,XLV
2025-09-08,-0.00036249307600599856,XLV
2025-09-09,0.005368082710270672,XLV
2025-09-10,-0.009091525652140109,XLV
2025-09-11,0.017403330355945545,XLV
2025-09-12,-0.011523050359900755,XLV
2025-09-15,-0.008543971684566554,XLV
2025-09-16,0.0,XLV
2025-09-17,0.0019718417213403505,XLV
2025-09-18,0.0019679612133138846,XLV
2025-09-19,-0.0013094342981878615,XLV
2025-09-22,-0.004807257889107741,XLV
2025-09-23,0.002268883462747784,XLV
2025-09-24,-0.004016379742604048,XLV
2025-09-25,-0.016570089573645586,XLV
2025-09-26,0.010213934744760733,XLV
2024-04-15,,XLY
2024-04-16,-0.00568445953345742,XLY
2024-04-17,-0.004850703625180586,XLY
2024-04-18,-0.006209060017696388,XLY
2024-04-19,-0.008758612916691,XLY
2024-04-22,0.0044180020279736,XLY
2024-04-23,0.011905453314735137,XLY
2024-04-24,0.009563053317946713,XLY
2024-04-25,0.0008610936011372861,XLY
2024-04-26,0.009005433963505949,XLY
2024-04-29,0.023250504534959582,XLY
2024-04-30,-0.024333360460069398,XLY
2024-05-01,-0.006263471559673883,XLY
2024-05-02,0.012605987247212846,XLY
2024-05-03,0.0067338299750239194,XLY
2024-05-06,0.010679522552834664,XLY
2024-05-07,-0.007174202233735327,XLY
2024-05-08,-0.003753070540614356,XLY
2024-05-09,0.006803437804628887,XLY
2024-05-10,-0.005361283749397927,XLY
2024-05-13,-0.0012914709626368204,XLY
2024-05-14,0.00455387406999197,XLY
2024-05-15,0.0015111052357767996,XLY
2024-05-16,-0.00648227818883329,XLY
2024-05-17,0.005118418901365329,XLY
2024-05-20,-0.007442651671896283,XLY
2024-05-21,0.006427239223270265,XLY
2024-05-22,-0.010419588076791553,XLY
2024-05-23,-0.0161902106378079,XLY
2024-05-24,0.010069624648173736,XLY
2024-05-28,-0.00244954251012397,XLY
2024-05-29,-0.006567265675724077,XLY
2024-05-30,0.005920894110972519,XLY
2024-05-31,0.0056002954270284455,XLY
2024-06-03,-0.00045463334943296463,XLY
2024-06-04,0.0010234119915568662,XLY
2024-06-05,0.005849938867783511,XLY
2024-06-06,0.007283982166431002,XLY
2024-06-07,-0.004092133696040667,XLY
2024-06-10,0.0032083308211214856,XLY
2024-06-11,-0.0026370489365977745,XLY
2024-06-12,0.010407325386390553,XLY
2024-06-13,0.000779463221272092,XLY
2024-06-14,-0.007899850731267422,XLY
2024-06-17,0.01755175713942836,XLY
2024-06-18,-0.003361625635302845,XLY
2024-06-20,0.0012717485196400702,XLY
2024-06-21,0.008449297348275708,XLY
2024-06-24,-0.006407087043616144,XLY
2024-06-25,-0.004023345005050971,XLY
2024-06-26,0.01449833999140937,XLY
2024-06-27,0.0061091752904667285,XLY
2024-06-28,-0.011114139797644196,XLY
2024-07-01,0.003399179806598207,XLY
2024-07-02,0.019451412280015123,XLY
2024-07-03,0.006377974218714888,XLY
2024-07-05,0.008148259809787284,XLY
2024-07-08,0.0004754164629676705,XLY
2024-07-09,0.0033264949830658086,XLY
2024-07-10,0.007525484915424263,XLY
2024-07-11,-0.012692570982062668,XLY
2024-07-12,0.01306740643780091,XLY
2024-07-15,-0.001148891401076213,XLY
2024-07-16,0.01793272650789124,XLY
2024-07-17,-0.016692347462460178,XLY
2024-07-18,-0.010185411226563579,XLY
2024-07-19,-0.008918218688159674,XLY
2024-07-22,0.01102181646945044,XLY
2024-07-23,-0.004476543509887798,XLY
2024-07-24,-0.040892957612322034,XLY
2024-07-25,-0.0039161980249083905,XLY
2024-07-26,0.011185582332486677,XLY
2024-07-29,0.016702278306574447,XLY
2024-07-30,-0.00554776881924135,XLY
2024-07-31,0.01549044323628146,XLY
2024-08-01,-0.02453467368255713,XLY
2024-08-02,-0.036798052107817836,XLY
2024-08-05,-0.028269816546326987,XLY
2024-08-06,0.011041095509433996,XLY
2024-08-07,-0.017449610820224004,XLY
2024-08-08,0.02181706197293587,XLY
2024-08-09,0.0033379480282607066,XLY
2024-08-12,-0.0039577977280035315,XLY
2024-08-13,0.02505042474178687,XLY
2024-08-14,-0.0053370615069785465,XLY
2024-08-15,0.03191185427335297,XLY
2024-08-16,0.0023536285810237256,XLY
2024-08-19,0.012286353628613744,XLY
2024-08-20,-0.0009170253774282155,XLY
2024-08-21,0.012634286772127412,XLY
2024-08-22,-0.01727542223643641,XLY
2024-08-23,0.019315271041995485,XLY
2024-08-26,-0.007771285958502405,XLY
2024-08-27,-0.0026286437612664804,XLY
2024-08-28,-0.009681599986474554,XLY
2024-08-29,0.0011948795705924997,XLY
2024-08-30,0.015080822580690656,XLY
2024-09-03,-0.013734459878647298,XLY
2024-09-04,0.002600897965872484,XLY
2024-09-05,0.011349543951629792,XLY
2024-09-06,-0.02527660376693852,XLY
2024-09-09,0.014583353898679263,XLY
2024-09-10,0.011455717849105929,XLY
2024-09-11,0.009990439412056462,XLY
2024-09-12,0.011266805552181403,XLY
2024-09-13,0.006799890687110066,XLY
2024-09-16,-0.0017144733914157273,XLY
2024-09-17,0.005100239487158653,XLY
2024-09-18,-0.001967611832470517,XLY
2024-09-19,0.022775612916464016,XLY
2024-09-20,-0.0022826263043288497,XLY
2024-09-23,0.010066580420776017,XLY
2024-09-24,0.008758270041782534,XLY
2024-09-25,-0.0035926411234293854,XLY
2024-09-26,0.004256551827004795,XLY
2024-09-27,0.0014959761733399635,XLY
2024-09-30,-0.00234017740128023,XLY
2024-10-01,-0.004042509249551185,XLY
2024-10-02,-0.008468643325724834,XLY
2024-10-03,-0.011573221522427235,XLY
2024-10-04,0.013242644000627024,XLY
2024-10-07,-0.015542220616205027,XLY
2024-10-08,0.009739141888047698,XLY
2024-10-09,0.007157664673344222,XLY
2024-10-10,-0.00493949474640798,XLY
2024-10-11,-0.0042548695455451035,XLY
2024-10-14,0.0043748123020705965,XLY
2024-10-15,0.0021778397004874606,XLY
2024-10-16,0.005256019460181172,XLY
2024-10-17,-0.000904971752331285,XLY
2024-10-18,0.003924917204578771,XLY
2024-10-21,-0.007768973162473047,XLY
2024-10-22,-0.004041235727548442,XLY
2024-10-23,-0.015723301105372123,XLY
2024-10-24,0.03153661338854574,XLY
2024-10-25,0.0031471920564651867,XLY
2024-10-28,0.0023405269977456733,XLY
2024-10-29,-0.005216628865887141,XLY
2024-10-30,-0.0013983857827070123,XLY
2024-10-31,-0.015303813979981373,XLY
2024-11-01,0.01625271450130561,XLY
2024-11-04,-0.0034484604629660964,XLY
2024-11-05,0.017703103747984228,XLY
2024-11-06,0.03198149966689767,XLY
2024-11-07,0.012845012247761245,XLY
2024-11-08,0.014190724143956501,XLY
2024-11-11,0.020174840531748117,XLY
2024-11-12,-0.01335098808408619,XLY
2024-11-13,0.008543878972637309,XLY
2024-11-14,-0.014195466774438281,XLY
2024-11-15,-0.008546991584559516,XLY
2024-11-18,0.009229765733552941,XLY
2024-11-19,0.0007427865901732389,XLY
2024-11-20,-0.004406977662724798,XLY
2024-11-21,0.0017705940334451498,XLY
2024-11-22,0.014418633039607665,XLY
2024-11-25,0.01022464770808229,XLY
2024-11-26,0.003630931081148203,XLY
2024-11-27,-0.004929279485420102,XLY
2024-11-29,0.010270904538186132,XLY
2024-12-02,0.008726956431730493,XLY
2024-12-03,-0.0007581081197863826,XLY
2024-12-04,0.009282753176582004,XLY
2024-12-05,0.008180438441057092,XLY
2024-12-06,0.021052644963849954,XLY
2024-12-09,-0.0031787177124715793,XLY
2024-12-10,0.001637528599544913,XLY
2024-12-11,0.017552924574947726,XLY
2024-12-12,-0.008286853874775568,XLY
2024-12-13,0.003964904264368352,XLY
2024-12-16,0.013546168024994198,XLY
2024-12-17,0.003142282650472561,XLY
2024-12-18,-0.045065336909331344,XLY
2024-12-19,-0.001355832572696336,XLY
2024-12-20,0.0025401910673299444,XLY
2024-12-23,0.0011357935550064813,XLY
2024-12-24,0.023126949836822064,XLY
2024-12-26,-0.003710475168073102,XLY
2024-12-27,-0.016523974783806628,XLY
2024-12-30,-0.016061645134399782,XLY
2024-12-31,-0.007520446473309517,XLY
2025-01-02,-0.013149151445398743,XLY
2025-01-03,0.020234919195267764,XLY
2025-01-06,0.003940142422567128,XLY
2025-01-07,-0.01935881865740019,XLY
2025-01-08,0.0028329418571395593,XLY
2025-01-10,-0.009820130202954025,XLY
2025-01-13,0.005660718950002863,XLY
2025-01-14,-0.0019363620497500067,XLY
2025-01-15,0.02544666759240144,XLY
2025-01-16,-0.005411808052381506,XLY
2025-01-17,0.014023437850693155,XLY
2025-01-21,0.0073291713935716984,XLY
2025-01-22,-0.0037678438292966243,XLY
2025-01-23,0.006042687462612495,XLY
2025-01-24,-0.006092834125251412,XLY
2025-01-27,0.005695460408977393,XLY
2025-01-28,0.0012104390905729456,XLY
2025-01-29,-0.0028497566697575083,XLY
2025-01-30,0.009786067735966686,XLY
2025-01-31,-0.0044168044287130614,XLY
2025-02-03,-0.013223035231260671,XLY
2025-02-04,0.011785232982587601,XLY
2025-02-05,-0.011346008836010446,XLY
2025-02-06,0.003970867344679663,XLY
2025-02-07,-0.01955841430888161,XLY
2025-02-10,0.0034134420879987637,XLY
2025-02-11,-0.011354129688176062,XLY
2025-02-12,-0.00017871698253180135,XLY
2025-02-13,0.015017433305883232,XLY
2025-02-14,-0.00044036151839665916,XLY
2025-02-18,-0.002775351906663004,XLY
2025-02-19,-0.0005742352203353951,XLY
2025-02-20,-0.008619219234814679,XLY
2025-02-21,-0.026305203411182032,XLY
2025-02-24,-0.0037547143537770555,XLY
2025-02-25,-0.005239760123456172,XLY
2025-02-26,-0.004112181397065817,XLY
2025-02-27,-0.014428879591839805,XLY
2025-02-28,0.016617305276066086,XLY
2025-03-03,-0.018429389065547586,XLY
2025-03-04,-0.017643128171311306,XLY
2025-03-05,0.015222810628716443,XLY
2025-03-06,-0.02535358080272443,XLY
2025-03-07,-0.0018442362396716705,XLY
2025-03-10,-0.035688220952193817,XLY
2025-03-11,-0.009781689222485013,XLY
2025-03-12,0.005804773120787088,XLY
2025-03-13,-0.024958197267492488,XLY
2025-03-14,0.02128759457319518,XLY
2025-03-17,0.0015759916797319917,XLY
2025-03-18,-0.017816327113872155,XLY
2025-03-19,0.019173161311975218,XLY
2025-03-20,-0.0023832523944135042,XLY
2025-03-21,0.003608780295082381,XLY
2025-03-24,0.034641663426733915,XLY
2025-03-25,0.007978877754083014,XLY
2025-03-26,-0.013063337535576647,XLY
2025-03-27,0.0006396933796466442,XLY
2025-03-28,-0.031077927346824796,XLY
2025-03-31,0.0021316151139147976,XLY
2025-04-01,0.010432479937969585,XLY
2025-04-02,0.018995555357733673,XLY
2025-04-03,-0.06040036853454678,XLY
2025-04-04,-0.04313461522179041,XLY
2025-04-07,-0.011816775986960848,XLY
2025-04-08,-0.02375025427090649,XLY
2025-04-09,0.10888055657805773,XLY
2025-04-10,-0.039071287981834235,XLY
2025-04-11,0.00968604248716165,XLY
2025-04-14,0.00289902513292728,XLY
2025-04-15,-0.007200348689826885,XLY
2025-04-16,-0.024669076516084743,XLY
2025-04-17,0.006296072344414538,XLY
2025-04-21,-0.026699013544768224,XLY
2025-04-22,0.03164315217752511,XLY
2025-04-23,0.02234638794732735,XLY
2025-04-24,0.019913793296972626,XLY
2025-04-25,0.017979524404668545,XLY
2025-04-28,0.000354210846496672,XLY
2025-04-29,0.0070825576376889465,XLY
2025-04-30,-0.009092343149588067,XLY
2025-05-01,0.00552576106171343,XLY
2025-05-02,0.015528038706780878,XLY
2025-05-05,-0.010624035483598249,XLY
2025-05-06,-0.008730946324418731,XLY
2025-05-07,0.007795460705355417,XLY
2025-05-08,0.011803737740429865,XLY
2025-05-09,0.004815335628211459,XLY
2025-05-12,0.04970108876331669,XLY
2025-05-13,0.013225384959991926,XLY
2025-05-14,0.0038554526001535194,XLY
2025-05-15,-0.002221071334891578,XLY
2025-05-16,0.009460618837538348,XLY
2025-05-19,-0.0023429710622779876,XLY
2025-05-20,-0.005203558960013344,XLY
2025-05-21,-0.020274984527899997,XLY
2025-05-22,0.00429956857241609,XLY
2025-05-23,-0.008985715487613621,XLY
2025-05-27,0.029527659154643393,XLY
2025-05-28,-0.0091759592344699,XLY
2025-05-29,0.0004188213693485654,XLY
2025-05-30,-0.005442611351823556,XLY
2025-06-02,0.002338634204223755,XLY
2025-06-03,0.005319642433103899,XLY
2025-06-04,-0.0026457822027446953,XLY
2025-06-05,-0.02522454643324823,XLY
2025-06-06,0.012986398951226885,XLY
2025-06-09,0.00801242853802786,XLY
2025-06-10,0.011969877107777638,XLY
2025-06-11,-0.007900898733752437,XLY
2025-06-12,-0.004703774688403661,XLY
2025-06-13,-0.009218104715801756,XLY
2025-06-16,0.01076791687988532,XLY
2025-06-17,-0.017241390373530896,XLY
2025-06-18,0.0004753998186473041,XLY
2025-06-20,0.0011880435712658954,XLY
2025-06-23,0.01765711671742798,XLY
2025-06-24,0.005550384679492204,XLY
2025-06-25,-0.011781591582533002,XLY
2025-06-26,0.009199678136601497,XLY
2025-06-27,0.016650397295558506,XLY
2025-06-30,-0.005764191078937886,XLY
2025-07-01,0.004279172999336778,XLY
2025-07-02,0.008017960432713078,XLY
2025-07-03,0.005454353152097191,XLY
2025-07-07,-0.012702919090895937,XLY
2025-07-08,-0.00338823376856745,XLY
2025-07-09,0.005926643684778021,XLY
2025-07-10,0.01105274356097552,XLY
2025-07-11,0.0002710284135931662,XLY
2025-07-14,0.003703235114221437,XLY
2025-07-15,-0.01430817851870081,XLY
2025-07-16,0.001825872475059498,XLY
2025-07-17,0.003417323533186689,XLY
2025-07-18,0.008854767675202657,XLY
2025-07-21,0.004726124411088772,XLY
2025-07-22,0.010124516147643092,XLY
2025-07-23,0.0047454645400637485,XLY
2025-07-24,-0.01655263716391686,XLY
2025-07-25,0.009290808065872458,XLY
2025-07-28,0.005825577387107872,XLY
2025-07-29,-0.0068971509820054955,XLY
2025-07-30,-0.006321779894102875,XLY
2025-07-31,-0.00793012677715843,XLY
2025-08-01,-0.024115957704562097,XLY
2025-08-04,0.011754401351139698,XLY
2025-08-05,0.0012806969448084793,XLY
2025-08-06,0.02078481099831686,XLY
2025-08-07,-0.00031328793571727687,XLY
2025-08-08,0.0017458229585658458,XLY
2025-08-11,0.0025918394593733574,XLY
2025-08-12,0.010607973240942759,XLY
2025-08-13,0.013716153016699595,XLY
2025-08-14,-0.0011312149607162203,XLY
2025-08-15,-0.0023955880505714955,XLY
2025-08-18,0.004016824374357242,XLY
2025-08-19,-0.00047834670003477076,XLY
2025-08-20,-0.00987602441671731,XLY
2025-08-21,-0.005932006734571615,XLY
2025-08-22,0.030367371726649717,XLY
2025-08-25,-0.0020163072003284155,XLY
2025-08-26,0.004599544525516697,XLY
2025-08-27,0.00021396256915173772,XLY
2025-08-28,0.0017112038352273817,XLY
2025-08-29,-0.010292498253857474,XLY
2025-09-02,-0.007465310025545624,XLY
2025-09-03,0.004043337058306173,XLY
2025-09-04,0.01827314963233273,XLY
2025-09-05,-0.00021263416813710467,XLY
2025-09-08,0.0038705442548041535,XLY
2025-09-09,-0.0013981943270949815,XLY
2025-09-10,-0.011964900059432182,XLY
2025-09-11,0.01945290880869921,XLY
2025-09-12,0.005181175307293673,XLY
2025-09-15,0.0086744836067294,XLY
2025-09-16,0.006148715190292586,XLY
2025-09-17,-0.002518727269015697,XLY
2025-09-18,-0.0045121975561177585,XLY
2025-09-19,0.003784113765289643,XLY
2025-09-22,-0.005012662980764193,XLY
2025-09-23,-0.00940958687548421,XLY
2025-09-24,0.007061230445106759,XLY
2025-09-25,-0.014106864760897508,XLY
2025-09-26,0.014774386060151246,XLY
2024-04-15,,XOM
2024-04-16,-0.008272040952917004,XOM
2024-04-17,-0.0005055622778161739,XOM
2024-04-18,-0.0009272579693024863,XOM
2024-04-19,0.011474862039081213,XOM
2024-04-22,0.005672341681309145,XOM
2024-04-23,0.0038984839932059145,XOM
2024-04-24,0.00016528358805834031,XOM
2024-04-25,0.002313083620304912,XOM
2024-04-26,-0.02777551055570393,XOM
2024-04-29,0.014242118669166137,XOM
2024-04-30,-0.011451042741317252,XOM
2024-05-01,-0.018939696688499486,XOM
2024-05-02,0.0018098688846157618,XOM
2024-05-03,-0.0020646753972828336,XOM
2024-05-06,0.006465517241379226,XOM
2024-05-07,-0.0049678957692049774,XOM
2024-05-08,-0.00017213259345438825,XOM
2024-05-09,0.019715892255215417,XOM
2024-05-10,-0.0040527131631143964,XOM
2024-05-13,-0.00042383369575549334,XOM
2024-05-14,-0.0020354972920858527,XOM
2024-05-15,0.0077335232112678565,XOM
2024-05-16,-0.005987511161318904,XOM
2024-05-17,0.015016514819905957,XOM
2024-05-20,-0.008107666546737335,XOM
2024-05-21,-0.006909915795707877,XOM
2024-05-22,-0.020110268543685472,XOM
2024-05-23,-0.017059241110463974,XOM
2024-05-24,-0.0007929166204854177,XOM
2024-05-28,0.012696195244698227,XOM
2024-05-29,-0.010708718007988116,XOM
2024-05-30,0.0031681828659089195,XOM
2024-05-31,0.02868676492448885,XOM
2024-06-03,-0.02396388484390155,XOM
2024-06-04,-0.01555263282446262,XOM
2024-06-05,0.0039940053692195665,XOM
2024-06-06,0.007514130600096536,XOM
2024-06-07,-0.010704581974519733,XOM
2024-06-10,0.0029268455082456235,XOM
2024-06-11,-0.008047432325557935,XOM
2024-06-12,-0.011054630329064508,XOM
2024-06-13,-0.008023072092310346,XOM
2024-06-14,-0.008451474894931144,XOM
2024-06-17,-0.006873797047058594,XOM
2024-06-18,0.009413036520128593,XOM
2024-06-20,0.021576162640448482,XOM
2024-06-21,-0.008770321695672934,XOM
2024-06-24,0.02970387190387358,XOM
2024-06-25,0.002805784184670257,XOM
2024-06-26,0.00034975006178838974,XOM
2024-06-27,0.004282823600081809,XOM
2024-06-28,0.0019147190407440284,XOM
2024-07-01,-0.0013898858433977201,XOM
2024-07-02,-0.00678495812029134,XOM
2024-07-03,0.005079714744302688,XOM
2024-07-05,-0.012112228683983317,XOM
2024-07-08,-0.010496625320423503,XOM
2024-07-09,-0.01105364468172787,XOM
2024-07-10,0.008833565043922409,XOM
2024-07-11,0.011883504760668684,XOM
2024-07-12,0.00017657079970345713,XOM
2024-07-15,0.017127240212777117,XOM
2024-07-16,0.007204251693866626,XOM
2024-07-17,0.013788335586845113,XOM
2024-07-18,0.0098606228164555,XOM
2024-07-19,-0.02297982564650447,XOM
2024-07-22,-0.006892418832266878,XOM
2024-07-23,-0.016135968032657266,XOM
2024-07-24,0.014108089431758453,XOM
2024-07-25,0.021041632240635932,XOM
2024-07-26,-0.0008515581526119531,XOM
2024-07-29,-0.010483280812564,XOM
2024-07-30,0.017829454970110348,XOM
2024-07-31,0.0035541861339867253,XOM
2024-08-01,-0.013829154568617219,XOM
2024-08-02,-0.0005985437935085436,XOM
2024-08-05,-0.018052709273911782,XOM
2024-08-06,-0.005314916779636247,XOM
2024-08-07,0.013314616278090607,XOM
2024-08-08,0.01910441803805707,XOM
2024-08-09,0.008143176600584168,XOM
2024-08-12,0.0012621079327279627,XOM
2024-08-13,-0.009579826803768343,XOM
2024-08-14,0.009248229528643792,XOM
2024-08-15,-0.0018494627738773195,XOM
2024-08-16,-0.0047166274080255866,XOM
2024-08-19,0.0030464637042380005,XOM
2024-08-20,-0.03332487124712702,XOM
2024-08-21,-0.006371123627751052,XOM
2024-08-22,0.007729511590749194,XOM
2024-08-23,0.013858592272014691,XOM
2024-08-26,0.02140644661539093,XOM
2024-08-27,-0.009510961001919727,XOM
2024-08-28,-0.009857271066461393,XOM
2024-08-29,0.013817376044761298,XOM
2024-08-30,-0.001608353647923444,XOM
2024-09-03,-0.020942862214457292,XOM
2024-09-04,-0.012210995472446307,XOM
2024-09-05,-0.007802905564601947,XOM
2024-09-06,-0.0046832092239293965,XOM
2024-09-09,0.021040507452273927,XOM
2024-09-10,-0.036431635193286516,XOM
2024-09-11,-0.00992599239442582,XOM
2024-09-12,0.013762323363386342,XOM
2024-09-13,-0.0007192468636179061,XOM
2024-09-16,0.014035065561654791,XOM
2024-09-17,0.013042331937217044,XOM
2024-09-18,0.0035032538518986467,XOM
2024-09-19,0.012393071620290907,XOM
2024-09-20,-0.006293132387358513,XOM
2024-09-23,0.01813137874686377,XOM
2024-09-24,-0.0026414243096587464,XOM
2024-09-25,-0.01947890943397257,XOM
2024-09-26,-0.017164708973855358,XOM
2024-09-27,0.026773019161007383,XOM
2024-09-30,0.012087735534171973,XOM
2024-10-01,0.023118913634629923,XOM
2024-10-02,0.013257703108852548,XOM
2024-10-03,0.008722886909730443,XOM
2024-10-04,0.018355359490865863,XOM
2024-10-07,0.0043258904718930236,XOM
2024-10-08,-0.02656139234347643,XOM
2024-10-09,0.0004096642247477522,XOM
2024-10-10,0.008600238211588396,XOM
2024-10-11,0.0038168038251804592,XOM
2024-10-14,0.003802291225486476,XOM
2024-10-15,-0.03006127741690645,XOM
2024-10-16,0.002575863663637268,XOM
2024-10-17,-0.0025692456371574357,XOM
2024-10-18,-0.002825063084348378,XOM
2024-10-21,0.0005832821729705451,XOM
2024-10-22,0.005163183775261704,XOM
2024-10-23,-0.0035625543997335196,XOM
2024-10-24,-0.005653947984997965,XOM
2024-10-25,-0.0008361775832700369,XOM
2024-10-28,-0.004937621126776426,XOM
2024-10-29,-0.01362491779471875,XOM
2024-10-30,-0.005030664597813539,XOM
2024-10-31,0.0007712429171968793,XOM
2024-11-01,-0.015670507365847963,XOM
2024-11-04,0.03183996310810988,XOM
2024-11-05,0.002950834434870986,XOM
2024-11-06,0.017148629213411093,XOM
2024-11-07,0.0012396820320570434,XOM
2024-11-08,-0.0003301767645359499,XOM
2024-11-11,-0.0052844470846591385,XOM
2024-11-12,-0.0009961214025572263,XOM
2024-11-13,0.009306213217965764,XOM
2024-11-14,-0.007491591775453776,XOM
2024-11-15,-0.01036828156364622,XOM
2024-11-18,0.008381527285749035,XOM
2024-11-19,-0.013963929343092096,XOM
2024-11-20,0.014245995789716304,XOM
2024-11-21,0.013380989149228029,XOM
2024-11-22,-0.0011481947781353252,XOM
2024-11-25,-0.014943753026872564,XOM
2024-11-26,-0.016670834205633533,XOM
2024-11-27,-0.0026277660031027716,XOM
2024-11-29,0.0025496805458615768,XOM
2024-12-02,-0.0009325246795974795,XOM
2024-12-03,-0.0015273679041694077,XOM
2024-12-04,-0.028809377431800676,XOM
2024-12-05,0.004375218807672665,XOM
2024-12-06,-0.01054189839119346,XOM
2024-12-09,-0.005899429169196724,XOM
2024-12-10,-0.0020372307690436076,XOM
2024-12-11,-0.0066566079008486545,XOM
2024-12-12,-0.0008934817347847623,XOM
2024-12-13,-0.008764115181615018,XOM
2024-12-16,-0.02138212915455784,XOM
2024-12-17,-0.0042407954208159016,XOM
2024-12-18,-0.014720895619275365,XOM
2024-12-19,-0.008550987111183739,XOM
2024-12-20,0.003412004578359662,XOM
2024-12-23,0.004061587739872419,XOM
2024-12-24,0.0009407193908772538,XOM
2024-12-26,0.000845830231202882,XOM
2024-12-27,-9.38539490696888e-05,XOM
2024-12-30,-0.006761844459091448,XOM
2024-12-31,0.017114197447370305,XOM
2025-01-02,-0.002417050636497997,XOM
2025-01-03,0.0051253663616710465,XOM
2025-01-06,-0.001112578767874739,XOM
2025-01-07,0.009374439913276689,XOM
2025-01-08,-0.016735629377694017,XOM
2025-01-10,-0.00364724014341522,XOM
2025-01-13,0.025811901411380678,XOM
2025-01-14,0.0039344889886874235,XOM
2025-01-15,0.016314262628622567,XOM
2025-01-16,-0.0017039049212296264,XOM
2025-01-17,0.0089831117745367,XOM
2025-01-21,-0.0075676502531210055,XOM
2025-01-22,-0.017403807483281297,XOM
2025-01-23,0.005660574760265824,XOM
2025-01-24,-0.013526989043386117,XOM
2025-01-27,0.013896507049009799,XOM
2025-01-28,-0.01933373231205493,XOM
2025-01-29,0.005831148168080169,XOM
2025-01-30,0.008281968722219979,XOM
2025-01-31,-0.025006825512467024,XOM
2025-02-03,0.0024337218232675095,XOM
2025-02-04,0.02679991450860264,XOM
2025-02-05,-0.0007275539443505341,XOM
2025-02-06,-0.01319618660799593,XOM
2025-02-07,0.004242359892815628,XOM
2025-02-10,0.019101862822238358,XOM
2025-02-11,0.006307983604055156,XOM
2025-02-12,-0.038685410277239374,XOM
2025-02-13,0.00726594122388291,XOM
2025-02-14,0.001017299668414573,XOM
2025-02-18,0.01755359907037546,XOM
2025-02-19,0.0014527298256405974,XOM
2025-02-20,0.015412483238504304,XOM
2025-02-21,-0.01169640677315853,XOM
2025-02-24,0.005239806566696759,XOM
2025-02-25,-0.013840148580868794,XOM
2025-02-26,-0.002460623933297934,XOM
2025-02-27,0.006303694931275805,XOM
2025-02-28,0.010712667170490686,XOM
2025-03-03,-0.032066825079566263,XOM
2025-03-04,-0.0020415851553622355,XOM
2025-03-05,-0.01952760327546066,XOM
2025-03-06,0.020675267969452404,XOM
2025-03-07,0.013008677390401235,XOM
2025-03-10,0.025499967843451765,XOM
2025-03-11,-0.02361358960273241,XOM
2025-03-12,-0.00027488464350267083,XOM
2025-03-13,-0.004215147952441156,XOM
2025-03-14,0.02972304602335618,XOM
2025-03-17,0.016621989141987648,XOM
2025-03-18,-0.0010548764445198477,XOM
2025-03-19,0.015575539264057525,XOM
2025-03-20,0.004245713960846276,XOM
2025-03-21,-0.0034512641985564585,XOM
2025-03-24,0.00259742901954807,XOM
2025-03-25,0.0068220489232604375,XOM
2025-03-26,0.014409472149797153,XOM
2025-03-27,-0.003212964100817395,XOM
2025-03-28,-0.0013571637419899085,XOM
2025-03-31,0.010192787853781304,XOM
2025-04-01,0.0009249189444993089,XOM
2025-04-02,-0.0031082219735918404,XOM
2025-04-03,-0.0525827754280902,XOM
2025-04-04,-0.0719559187523433,XOM
2025-04-07,-0.013417614966658498,XOM
2025-04-08,-0.021080296744455773,XOM
2025-04-09,0.04991571475890777,XOM
2025-04-10,-0.055482065947676795,XOM
2025-04-11,0.03212247648023281,XOM
2025-04-14,0.0024238898727886315,XOM
2025-04-15,-0.002804922306212765,XOM
2025-04-16,0.010572298578246375,XOM
2025-04-17,0.026202089102304704,XOM
2025-04-21,-0.014683873192210983,XOM
2025-04-22,0.02800194229107067,XOM
2025-04-23,-0.008587260193624546,XOM
2025-04-24,0.011735070081070997,XOM
2025-04-25,-0.0005523111489526,XOM
2025-04-28,0.0005526163651321525,XOM
2025-04-29,-0.0024854704031386232,XOM
2025-04-30,-0.02519382928715852,XOM
2025-05-01,0.0014200656042717696,XOM
2025-05-02,0.004065043582321737,XOM
2025-05-05,-0.027681032546360895,XOM
2025-05-06,0.013944054306337827,XOM
2025-05-07,-0.000955004058785458,XOM
2025-05-08,0.01395659187414422,XOM
2025-05-09,0.01169037303042475,XOM
2025-05-12,0.017239829891017244,XOM
2025-05-13,0.0027482174083821587,XOM
2025-05-14,-0.00895300324991577,XOM
2025-05-15,0.0009218148140359705,XOM
2025-05-16,-0.003591816016500493,XOM
2025-05-19,-0.015897968221552095,XOM
2025-05-20,-0.014276361933255766,XOM
2025-05-21,-0.012291503798413594,XOM
2025-05-22,-0.006656399932758905,XOM
2025-05-23,0.000582670271753738,XOM
2025-05-27,0.004755875663156717,XOM
2025-05-28,-0.013620518532051928,XOM
2025-05-29,0.005680166757298988,XOM
2025-05-30,-0.0037978321197428278,XOM
2025-06-02,0.007331378080414508,XOM
2025-06-03,0.007278020162923227,XOM
2025-06-04,-0.014450866627162329,XOM
2025-06-05,-0.004594342196307943,XOM
2025-06-06,0.023961453089826,XOM
2025-06-09,0.006713384484253515,XOM
2025-06-10,0.021434695378056645,XOM
2025-06-11,0.019492597594627403,XOM
2025-06-12,0.0038423365448774227,XOM
2025-06-13,0.021780728301576513,XOM
2025-06-16,0.0032108508877337627,XOM
2025-06-17,0.013513483265491955,XOM
2025-06-18,-0.0071052417420504055,XOM
2025-06-20,0.013340352277292356,XOM
2025-06-23,-0.025806444317590937,XOM
2025-06-24,-0.030427793009483506,XOM
2025-06-25,0.0002769651994247724,XOM
2025-06-26,0.014948741128813836,XOM
2025-06-27,-0.0055459643803893455,XOM
2025-06-30,-0.014445001292142434,XOM
2025-07-01,0.01335802199671865,XOM
2025-07-02,0.016569070151809084,XOM
2025-07-03,0.01035564038614556,XOM
2025-07-07,-0.009714762634026042,XOM
2025-07-08,0.02772029353015526,XOM
2025-07-09,-0.0034153549462314636,XOM
2025-07-10,0.009929676828778655,XOM
2025-07-11,0.004350474190136122,XOM
2025-07-14,-0.013081539740434023,XOM
2025-07-15,-0.008865822709530735,XOM
2025-07-16,-0.006022498300599866,XOM
2025-07-17,-0.005078853049762522,XOM
2025-07-18,-0.03483796248846982,XOM
2025-07-21,0.0025981851852403537,XOM
2025-07-22,0.004534917630079294,XOM
2025-07-23,0.012806332945678012,XOM
2025-07-24,0.007823165723315872,XOM
2025-07-25,-0.0035201677626647276,XOM
2025-07-28,0.009420298017691175,XOM
2025-07-29,0.012921704778038334,XOM
2025-07-30,-0.008681748329059102,XOM
2025-07-31,-0.0023235221866403366,XOM
2025-08-01,-0.017914726002635994,XOM
2025-08-04,-0.02070409208047408,XOM
2025-08-05,-0.0012108119538689621,XOM
2025-08-06,-0.006807121802318572,XOM
2025-08-07,-0.00525777088307644,XOM
2025-08-08,0.008022710033025016,XOM
2025-08-11,-0.009082408174024503,XOM
2025-08-12,0.0028346916486139406,XOM
2025-08-13,0.013850949389860423,XOM
2025-08-14,-0.0020446210392469633,XOM
2025-08-15,-0.008288316375609783,XOM
2025-08-18,0.002159858780613755,XOM
2025-08-19,0.006559191718847002,XOM
2025-08-20,0.01033327712969978,XOM
2025-08-21,0.0064498717913028525,XOM
2025-08-22,0.01876769531595146,XOM
2025-08-25,0.0041337085686439234,XOM
2025-08-26,-0.002237336717195837,XOM
2025-08-27,0.011301481391811308,XOM
2025-08-28,0.005321494227238155,XOM
2025-08-29,0.008292919753508876,XOM
2025-09-02,0.003499882077825367,XOM
2025-09-03,-0.02423924248076581,XOM
2025-09-04,0.004378499220221599,XOM
2025-09-05,-0.02820283030170112,XOM
2025-09-08,0.005676051433977536,XOM
2025-09-09,0.007282686052529019,XOM
2025-09-10,0.01671937142891422,XOM
2025-09-11,-0.003200005425347263,XOM
2025-09-12,0.00017838659327451545,XOM
2025-09-15,0.0016939622486469297,XOM
2025-09-16,0.02073877937427282,XOM
2025-09-17,0.005319154244229907,XOM
2025-09-18,-0.011796344865571018,XOM
2025-09-19,-0.009742829872538272,XOM
2025-09-22,-0.00709096839143597,XOM
2025-09-23,0.017229069478777115,XOM
2025-09-24,0.005353230598405645,XOM
2025-09-25,0.008990911323737194,XOM
2025-09-26,0.014101608568683588,XOM
2024-04-15,,^DJI
2024-04-16,0.001692306609353711,^DJI
2024-04-17,-0.0012079735971632921,^DJI
2024-04-18,0.0005845928031762426,^DJI
2024-04-19,0.0055861658402871495,^DJI
2024-04-22,0.006675600785560842,^DJI
2024-04-23,0.006896210046851481,^DJI
2024-04-24,-0.0011107904122423795,^DJI
2024-04-25,-0.00975330479516745,^DJI
2024-04-26,0.004039809373674652,^DJI
2024-04-29,0.003829262260743871,^DJI
2024-04-30,-0.014853504774017368,^DJI
2024-05-01,0.002310328114935034,^DJI
2024-05-02,0.008505095513437588,^DJI
2024-05-03,0.011772707898582091,^DJI
2024-05-06,0.0045659144241767535,^DJI
2024-05-07,0.0008234316266715336,^DJI
2024-05-08,0.004426698582964184,^DJI
2024-05-09,0.008484426964377123,^DJI
2024-05-10,0.003175558080530827,^DJI
2024-05-13,-0.0020582708132750316,^DJI
2024-05-14,0.0032105707017517915,^DJI
2024-05-15,0.008844978451399976,^DJI
2024-05-16,-0.0009677531760549085,^DJI
2024-05-17,0.003366266071402446,^DJI
2024-05-20,-0.0049200662557725705,^DJI
2024-05-21,0.0016635047450412888,^DJI
2024-05-22,-0.005064812733009183,^DJI
2024-05-23,-0.01527001455131094,^DJI
2024-05-24,0.00011079216699383387,^DJI
2024-05-28,-0.0055472931662903235,^DJI
2024-05-29,-0.010586616252101777,^DJI
2024-05-30,-0.008585988017112856,^DJI
2024-05-31,0.015083115026752747,^DJI
2024-06-03,-0.0029800989488977248,^DJI
2024-06-04,0.0036363511151908945,^DJI
2024-06-05,0.0024809058242660775,^DJI
2024-06-06,0.002031671692161785,^DJI
2024-06-07,-0.0022420204804487476,^DJI
2024-06-10,0.001779705716794977,^DJI
2024-06-11,-0.0031032485921413944,^DJI
2024-06-12,-0.0009087298146852607,^DJI
2024-06-13,-0.0016818821096299397,^DJI
2024-06-14,-0.0014992432525967603,^DJI
2024-06-17,0.004896230067847229,^DJI
2024-06-18,0.001463656296028848,^DJI
2024-06-20,0.007722503662342728,^DJI
2024-06-21,0.0003977641760506412,^DJI
2024-06-24,0.006663617522362664,^DJI
2024-06-25,-0.007587962260896974,^DJI
2024-06-26,0.00039989161778630766,^DJI
2024-06-27,0.000926650917660865,^DJI
2024-06-28,-0.0011540994568222107,^DJI
2024-07-01,0.0012950315285107372,^DJI
2024-07-02,0.004144345735987098,^DJI
2024-07-03,-0.0006064185018622714,^DJI
2024-07-05,0.0017266483603846083,^DJI
2024-07-08,-0.0007893674574461773,^DJI
2024-07-09,-0.0013424983017724657,^DJI
2024-07-10,0.010928203362169375,^DJI
2024-07-11,0.0008154460348199777,^DJI
2024-07-12,0.006216984246769197,^DJI
2024-07-15,0.0052703894346122215,^DJI
2024-07-16,0.01847127508694224,^DJI
2024-07-17,0.0059480099237463335,^DJI
2024-07-18,-0.0129389189498752,^DJI
2024-07-19,-0.009282874706599165,^DJI
2024-07-22,0.003174931604924325,^DJI
2024-07-23,-0.00141905075150639,^DJI
2024-07-24,-0.012493622764410572,^DJI
2024-07-25,0.0020374236309188554,^DJI
2024-07-26,0.016383332397569506,^DJI
2024-07-29,-0.0012173185481756388,^DJI
2024-07-30,0.005017237056597956,^DJI
2024-07-31,0.002441158886060002,^DJI
2024-08-01,-0.012115242956175165,^DJI
2024-08-02,-0.01513600436824969,^DJI
2024-08-05,-0.026020720673163855,^DJI
2024-08-06,0.007606350279071528,^DJI
2024-08-07,-0.006005768975923087,^DJI
2024-08-08,0.017620698783678224,^DJI
2024-08-09,0.0012941780998605434,^DJI
2024-08-12,-0.0035578759357041134,^DJI
2024-08-13,0.010382620234740125,^DJI
2024-08-14,0.006104516265416082,^DJI
2024-08-15,0.013863791071951015,^DJI
2024-08-16,0.002384019557511774,^DJI
2024-08-19,0.005823190329736105,^DJI
2024-08-20,-0.0015053232662610716,^DJI
2024-08-21,0.00135960753612685,^DJI
2024-08-22,-0.004345925879576384,^DJI
2024-08-23,0.011355079677834556,^DJI
2024-08-26,0.0015893450414674604,^DJI
2024-08-27,0.0002420063777914816,^DJI
2024-08-28,-0.0038563926497861,^DJI
2024-08-29,0.005928948065879069,^DJI
2024-08-30,0.005516561355077165,^DJI
2024-09-03,-0.015065016012935195,^DJI
2024-09-04,0.0009292114184034084,^DJI
2024-09-05,-0.005350065093094214,^DJI
2024-09-06,-0.010068268741220576,^DJI
2024-09-09,0.012000861699629883,^DJI
2024-09-10,-0.002268670995826283,^DJI
2024-09-11,0.003062329568261024,^DJI
2024-09-12,0.005752539195178041,^DJI
2024-09-13,0.00722713055400015,^DJI
2024-09-16,0.0055152457230516205,^DJI
2024-09-17,-0.0003819712569913536,^DJI
2024-09-18,-0.0024774715144291193,^DJI
2024-09-19,0.01257953801268985,^DJI
2024-09-20,0.0009082164166971385,^DJI
2024-09-23,0.001457065327417073,^DJI
2024-09-24,0.0019838815420381017,^DJI
2024-09-25,-0.006952881658859433,^DJI
2024-09-26,0.0062116408901400355,^DJI
2024-09-27,0.0032694787765443767,^DJI
2024-09-30,0.00040527586084659895,^DJI
2024-10-01,-0.004091166553684467,^DJI
2024-10-02,0.000938178963590719,^DJI
2024-10-03,-0.004382581538817321,^DJI
2024-10-04,0.008120619988885025,^DJI
2024-10-07,-0.0094093469432327,^DJI
2024-10-08,0.0030064379110983364,^DJI
2024-10-09,0.010257250471683799,^DJI
2024-10-10,-0.0013614722019664738,^DJI
2024-10-11,0.009651319370036937,^DJI
2024-10-14,0.004697649206955035,^DJI
2024-10-15,-0.007541976667655992,^DJI
2024-10-16,0.007891296551456817,^DJI
2024-10-17,0.0037455937857928667,^DJI
2024-10-18,0.0008524556930371574,^DJI
2024-10-21,-0.00795612599496709,^DJI
2024-10-22,-0.00015631696130014028,^DJI
2024-10-23,-0.009550202697808263,^DJI
2024-10-24,-0.0033068331571238785,^DJI
2024-10-25,-0.006134864133270468,^DJI
2024-10-28,0.006486424717793371,^DJI
2024-10-29,-0.0036453972263759127,^DJI
2024-10-30,-0.002166827095300139,^DJI
2024-10-31,-0.00897162593988965,^DJI
2024-11-01,0.006913470825181234,^DJI
2024-11-04,-0.006125479675042955,^DJI
2024-11-05,0.010223266349627558,^DJI
2024-11-06,0.03571728261071705,^DJI
2024-11-07,-1.3488330628863565e-05,^DJI
2024-11-08,0.005937625366121635,^DJI
2024-11-11,0.006914017277583895,^DJI
2024-11-12,-0.008627713754628785,^DJI
2024-11-13,0.0010751510669091413,^DJI
2024-11-14,-0.004716573285144743,^DJI
2024-11-15,-0.006991201958532978,^DJI
2024-11-18,-0.0012748701505325144,^DJI
2024-11-19,-0.002780854211721584,^DJI
2024-11-20,0.003224653509314779,^DJI
2024-11-21,0.010640384832740768,^DJI
2024-11-22,0.009714081174910794,^DJI
2024-11-25,0.009934384823438114,^DJI
2024-11-26,0.002765931326108584,^DJI
2024-11-27,-0.0030817888760413803,^DJI
2024-11-29,0.004216931189664708,^DJI
2024-12-02,-0.0028645419733592803,^DJI
2024-12-03,-0.001707577821446149,^DJI
2024-12-04,0.006900886844958265,^DJI
2024-12-05,-0.005516681688021996,^DJI
2024-12-06,-0.002751914437860603,^DJI
2024-12-09,-0.005389253256227744,^DJI
2024-12-10,-0.0034706050747019823,^DJI
2024-12-11,-0.0022434893520550947,^DJI
2024-12-12,-0.00531019601698135,^DJI
2024-12-13,-0.001959791016112322,^DJI
2024-12-16,-0.002522998475131377,^DJI
2024-12-17,-0.006120710260081763,^DJI
2024-12-18,-0.02584648950020918,^DJI
2024-12-19,0.00036305985070250735,^DJI
2024-12-20,0.011761859025778865,^DJI
2024-12-23,0.0015566548224614785,^DJI
2024-12-24,0.009091348565969382,^DJI
2024-12-26,0.0006644689120574032,^DJI
2024-12-27,-0.007699565564506905,^DJI
2024-12-30,-0.009733867126730633,^DJI
2024-12-31,-0.0006931908109781837,^DJI
2025-01-02,-0.0035715597374790242,^DJI
2025-01-03,0.008017012978025928,^DJI
2025-01-06,-0.0005983861126156453,^DJI
2025-01-07,-0.004172642905862167,^DJI
2025-01-08,0.002512202335573921,^DJI
2025-01-10,-0.016342130745658268,^DJI
2025-01-13,0.008552339957283106,^DJI
2025-01-14,0.005228728351506673,^DJI
2025-01-15,0.01654040357640274,^DJI
2025-01-16,-0.0015830499776903206,^DJI
2025-01-17,0.007756082287268873,^DJI
2025-01-21,0.012370828619071128,^DJI
2025-01-22,0.002973752877728719,^DJI
2025-01-23,0.009247510841840612,^DJI
2025-01-24,-0.0031598808553994218,^DJI
2025-01-27,0.006512842085122372,^DJI
2025-01-28,0.003058879276394366,^DJI
2025-01-29,-0.0030508574957170964,^DJI
2025-01-30,0.003770881307658236,^DJI
2025-01-31,-0.007519000506970297,^DJI
2025-02-03,-0.002755661387233155,^DJI
2025-02-04,0.0030194313071683077,^DJI
2025-02-05,0.007120071581205867,^DJI
2025-02-06,-0.0028001594768601867,^DJI
2025-02-07,-0.009927463859162211,^DJI
2025-02-10,0.0037697270331440436,^DJI
2025-02-11,0.0027712422893557687,^DJI
2025-02-12,-0.0050475763171849986,^DJI
2025-02-13,0.0077277942898577034,^DJI
2025-02-14,-0.0036981944808226475,^DJI
2025-02-18,0.00023036189002323404,^DJI
2025-02-19,0.0015990990339389555,^DJI
2025-02-20,-0.0101045431274428,^DJI
2025-02-21,-0.016946258548996562,^DJI
2025-02-24,0.000764285514473384,^DJI
2025-02-25,0.0036802752454370147,^DJI
2025-02-26,-0.004310730430516996,^DJI
2025-02-27,-0.004457913428143279,^DJI
2025-02-28,0.013908813844979662,^DJI
2025-03-03,-0.014818850080542512,^DJI
2025-03-04,-0.015518193658526469,^DJI
2025-03-05,0.01142027930508216,^DJI
2025-03-06,-0.009940609574095927,^DJI
2025-03-07,0.005228873775669607,^DJI
2025-03-10,-0.02079374002942347,^DJI
2025-03-11,-0.011410425822585779,^DJI
2025-03-12,-0.0019923689807391787,^DJI
2025-03-13,-0.01299509779008523,^DJI
2025-03-14,0.016529332978824973,^DJI
2025-03-17,0.008518990296278783,^DJI
2025-03-18,-0.006221562575474127,^DJI
2025-03-19,0.009218572610233178,^DJI
2025-03-20,-0.0002694791791263418,^DJI
2025-03-21,0.0007634973766417197,^DJI
2025-03-24,0.014242318516967778,^DJI
2025-03-25,9.815316112815609e-05,^DJI
2025-03-26,-0.003116194599354305,^DJI
2025-03-27,-0.003653058869794057,^DJI
2025-03-28,-0.01692212461247744,^DJI
2025-03-31,0.010048679824428808,^DJI
2025-04-01,-0.00028095919711701445,^DJI
2025-04-02,0.005605134411778012,^DJI
2025-04-03,-0.03977212280620279,^DJI
2025-04-04,-0.055025753008885125,^DJI
2025-04-07,-0.009115466380333004,^DJI
2025-04-08,-0.008428991128276664,^DJI
2025-04-09,0.07870402316174352,^DJI
2025-04-10,-0.024989603937681126,^DJI
2025-04-11,0.01563509861950152,^DJI
2025-04-14,0.007760683568064808,^DJI
2025-04-15,-0.0038452544382074905,^DJI
2025-04-16,-0.01732941092001572,^DJI
2025-04-17,-0.013288839277449838,^DJI
2025-04-21,-0.02482792372488518,^DJI
2025-04-22,0.026632417842477496,^DJI
2025-04-23,0.010707378795990818,^DJI
2025-04-24,0.012291600134999747,^DJI
2025-04-25,0.0005013683869012908,^DJI
2025-04-28,0.0028441757450734517,^DJI
2025-04-29,0.007458345159761404,^DJI
2025-04-30,0.0034973254640859874,^DJI
2025-05-01,0.002055640014614779,^DJI
2025-05-02,0.013850987437837636,^DJI
2025-05-05,-0.0023864398934242415,^DJI
2025-05-06,-0.00945752566807112,^DJI
2025-05-07,0.006979567219378424,^DJI
2025-05-08,0.0061896352137009725,^DJI
2025-05-09,-0.002878288037107102,^DJI
2025-05-12,0.02813915474674289,^DJI
2025-05-13,-0.006358670813428335,^DJI
2025-05-14,-0.002120792180164033,^DJI
2025-05-15,0.006460988506253207,^DJI
2025-05-16,0.00784420391515206,^DJI
2025-05-19,0.003219619596408707,^DJI
2025-05-20,-0.002683488562516656,^DJI
2025-05-21,-0.01913893466154426,^DJI
2025-05-22,-3.2287344676640295e-05,^DJI
2025-05-23,-0.006116223076174321,^DJI
2025-05-27,0.01780104495743151,^DJI
2025-05-28,-0.005784792472749434,^DJI
2025-05-29,0.002779925559977414,^DJI
2025-05-30,0.0012871942080978638,^DJI
2025-06-02,0.000837712262795387,^DJI
2025-06-03,0.005062231982170706,^DJI
2025-06-04,-0.002161409231101641,^DJI
2025-06-05,-0.0025455045301749912,^DJI
2025-06-06,0.010471066941742713,^DJI
2025-06-09,-2.5942481681529017e-05,^DJI
2025-06-10,0.0024580225597654604,^DJI
2025-06-11,-2.5697291915482978e-05,^DJI
2025-06-12,0.0023760581838090378,^DJI
2025-06-13,-0.01791656162602817,^DJI
2025-06-16,0.007519369812954979,^DJI
2025-06-17,-0.007039596143391336,^DJI
2025-06-18,-0.0010455948763999912,^DJI
2025-06-20,0.0008337389640276083,^DJI
2025-06-23,0.0088838944683296,^DJI
2025-06-24,0.011912096355762403,^DJI
2025-06-25,-0.0024737124425098234,^DJI
2025-06-26,0.009408731874634091,^DJI
2025-06-27,0.009966839923288173,^DJI
2025-06-30,0.006287188329406668,^DJI
2025-07-01,0.009075268546678616,^DJI
2025-07-02,-0.0002364208361115283,^DJI
2025-07-03,0.007735502913063241,^DJI
2025-07-07,-0.009417481751646695,^DJI
2025-07-08,-0.0037291428205490362,^DJI
2025-07-09,0.004917163585088202,^DJI
2025-07-10,0.004326297685023572,^DJI
2025-07-11,-0.006251397568833861,^DJI
2025-07-14,0.0019863357216372,^DJI
2025-07-15,-0.00981472841858888,^DJI
2025-07-16,0.005258402823363539,^DJI
2025-07-17,0.005190558506037224,^DJI
2025-07-18,-0.00319879761458286,^DJI
2025-07-21,-0.0004312167067888062,^DJI
2025-07-22,0.0040469013650306085,^DJI
2025-07-23,0.011411680802273505,^DJI
2025-07-24,-0.007029035201499889,^DJI
2025-07-25,0.0046541400835771185,^DJI
2025-07-28,-0.001433419296153482,^DJI
2025-07-29,-0.004562476613713673,^DJI
2025-07-30,-0.0038470879468792685,^DJI
2025-07-31,-0.007428953281682582,^DJI
2025-08-01,-0.01229073856933871,^DJI
2025-08-04,0.013422380934799083,^DJI
2025-08-05,-0.0014013412268982783,^DJI
2025-08-06,0.0018449241782565462,^DJI
2025-08-07,-0.005079534171705036,^DJI
2025-08-08,0.004707190103173664,^DJI
2025-08-11,-0.0045391457885237685,^DJI
2025-08-12,0.010995305136794808,^DJI
2025-08-13,0.010429029669801748,^DJI
2025-08-14,-0.00024504132615876806,^DJI
2025-08-15,0.0007761833817607755,^DJI
2025-08-18,-0.0007631533136853719,^DJI
2025-08-19,0.00023266077120220885,^DJI
2025-08-20,0.00035704034251526906,^DJI
2025-08-21,-0.0034004082158813898,^DJI
2025-08-22,0.018895363036027346,^DJI
2025-08-25,-0.007654092182447392,^DJI
2025-08-26,0.0029945708845655616,^DJI
2025-08-27,0.0032401234847156957,^DJI
2025-08-28,0.0015728652749633643,^DJI
2025-08-29,-0.002016340601586286,^DJI
2025-09-02,-0.005468678773143498,^DJI
2025-09-03,-0.0005426136713980734,^DJI
2025-09-04,0.00773247358477791,^DJI
2025-09-05,-0.004831728608063135,^DJI
2025-09-08,0.0025129445856442167,^DJI
2025-09-09,0.004314859806964222,^DJI
2025-09-10,-0.004821953797535361,^DJI
2025-09-11,0.013564863044446707,^DJI
2025-09-12,-0.005937825323154344,^DJI
2025-09-15,0.0010740985685504523,^DJI
2025-09-16,-0.0027362978020992745,^DJI
2025-09-17,0.005691298855337701,^DJI
2025-09-18,0.002696786011685326,^DJI
2025-09-19,0.003745959774678509,^DJI
2025-09-22,0.0014308354873178164,^DJI
2025-09-23,-0.0019136452626205003,^DJI
2025-09-24,-0.003704681277926003,^DJI
2025-09-25,-0.0037718149362990783,^DJI
2025-09-26,0.006528536331603885,^DJI
2024-04-15,,^GSPC
2024-04-16,-0.0020565070133361507,^GSPC
2024-04-17,-0.005780602724641426,^GSPC
2024-04-18,-0.002208160119998248,^GSPC
2024-04-19,-0.00875854812743615,^GSPC
2024-04-22,0.008731248071466746,^GSPC
2024-04-23,0.011964576270872662,^GSPC
2024-04-24,0.0002130100613548791,^GSPC
2024-04-25,-0.004576430353515626,^GSPC
2024-04-26,0.01020914263474304,^GSPC
2024-04-29,0.0031784486665891176,^GSPC
2024-04-30,-0.01573051358686217,^GSPC
2024-05-01,-0.0034354388154940185,^GSPC
2024-05-02,0.009128437077573048,^GSPC
2024-05-03,0.012556739721478527,^GSPC
2024-05-06,0.01032612390701182,^GSPC
2024-05-07,0.0013434298232750663,^GSPC
2024-05-08,-5.835618166138978e-06,^GSPC
2024-05-09,0.005090947698625836,^GSPC
2024-05-10,0.001649398844549843,^GSPC
2024-05-13,-0.00024130405535727206,^GSPC
2024-05-14,0.004837813139759728,^GSPC
2024-05-15,0.011715927882596233,^GSPC
2024-05-16,-0.0020816677921287052,^GSPC
2024-05-17,0.0011647735102702228,^GSPC
2024-05-20,0.0009163899374069473,^GSPC
2024-05-21,0.002501874243978186,^GSPC
2024-05-22,-0.002706123039226127,^GSPC
2024-05-23,-0.0073807894850155265,^GSPC
2024-05-24,0.0070010425881694704,^GSPC
2024-05-28,0.0002488018529340774,^GSPC
2024-05-29,-0.007367046509680453,^GSPC
2024-05-30,-0.005975035585443322,^GSPC
2024-05-31,0.00802787620486467,^GSPC
2024-06-03,0.0011160825806737495,^GSPC
2024-06-04,0.0015028090913065117,^GSPC
2024-06-05,0.011847649793331305,^GSPC
2024-06-06,-0.00019981663563317653,^GSPC
2024-06-07,-0.0011152197300303701,^GSPC
2024-06-10,0.0025808546645145203,^GSPC
2024-06-11,0.0027103813151374556,^GSPC
2024-06-12,0.008503672791998707,^GSPC
2024-06-13,0.0023446558536817097,^GSPC
2024-06-14,-0.000393860697500914,^GSPC
2024-06-17,0.007664386564552705,^GSPC
2024-06-18,0.0025213273947457537,^GSPC
2024-06-20,-0.0025259318472709014,^GSPC
2024-06-21,-0.001562130321101196,^GSPC
2024-06-24,-0.003065171894990004,^GSPC
2024-06-25,0.003933590015736899,^GSPC
2024-06-26,0.0015724312002203256,^GSPC
2024-06-27,0.0009073212238914774,^GSPC
2024-06-28,-0.004083652583445674,^GSPC
2024-07-01,0.0026755639309195,^GSPC
2024-07-02,0.006195317856513505,^GSPC
2024-07-03,0.005084444409779065,^GSPC
2024-07-05,0.005448765178485582,^GSPC
2024-07-08,0.0010166989647510949,^GSPC
2024-07-09,0.0007410719362856977,^GSPC
2024-07-10,0.010208065293514812,^GSPC
2024-07-11,-0.008763028841120457,^GSPC
2024-07-12,0.0055170270744306915,^GSPC
2024-07-15,0.0028262026252154904,^GSPC
2024-07-16,0.006389375498743188,^GSPC
2024-07-17,-0.013927543241993745,^GSPC
2024-07-18,-0.007816403936922511,^GSPC
2024-07-19,-0.007140265531926926,^GSPC
2024-07-22,0.01079203564940956,^GSPC
2024-07-23,-0.001558102589770738,^GSPC
2024-07-24,-0.02314909375473495,^GSPC
2024-07-25,-0.005142620237842288,^GSPC
2024-07-26,0.011090468702846357,^GSPC
2024-07-29,0.0008133101292933098,^GSPC
2024-07-30,-0.004960171878030217,^GSPC
2024-07-31,0.0157933986591674,^GSPC
2024-08-01,-0.013693502993456064,^GSPC
2024-08-02,-0.018381860868696753,^GSPC
2024-08-05,-0.02996879838863975,^GSPC
2024-08-06,0.010354085880061037,^GSPC
2024-08-07,-0.007734647858502863,^GSPC
2024-08-08,0.023042611519136447,^GSPC
2024-08-09,0.004671676849538509,^GSPC
2024-08-12,4.303397765514916e-05,^GSPC
2024-08-13,0.016847579753558328,^GSPC
2024-08-14,0.0038237284285767004,^GSPC
2024-08-15,0.016133247764330783,^GSPC
2024-08-16,0.001989779357261412,^GSPC
2024-08-19,0.009722284736913167,^GSPC
2024-08-20,-0.0019845553982971165,^GSPC
2024-08-21,0.004239676828782013,^GSPC
2024-08-22,-0.008932805548120926,^GSPC
2024-08-23,0.01148337085011919,^GSPC
2024-08-26,-0.0031537266931381813,^GSPC
2024-08-27,0.0015951960865450143,^GSPC
2024-08-28,-0.00597597320797616,^GSPC
2024-08-29,-3.937906806072977e-05,^GSPC
2024-08-30,0.010093051774424433,^GSPC
2024-09-03,-0.02115107439771169,^GSPC
2024-09-04,-0.0016025435809103872,^GSPC
2024-09-05,-0.003018017615584734,^GSPC
2024-09-06,-0.01726024985928465,^GSPC
2024-09-09,0.0115800702824842,^GSPC
2024-09-10,0.004472672652839682,^GSPC
2024-09-11,0.010665025888896507,^GSPC
2024-09-12,0.007495302358939249,^GSPC
2024-09-13,0.005407711405364557,^GSPC
2024-09-16,0.0012566297656613212,^GSPC
2024-09-17,0.00026455008109871336,^GSPC
2024-09-18,-0.002896455862498093,^GSPC
2024-09-19,0.01697685316676334,^GSPC
2024-09-20,-0.0019410273951238066,^GSPC
2024-09-23,0.0028092730585327352,^GSPC
2024-09-24,0.0025111788443470395,^GSPC
2024-09-25,-0.0018612489301417234,^GSPC
2024-09-26,0.00403867571712313,^GSPC
2024-09-27,-0.0012532169669905446,^GSPC
2024-09-30,0.004236552581176722,^GSPC
2024-10-01,-0.009324107094664358,^GSPC
2024-10-02,0.00013839090212397487,^GSPC
2024-10-03,-0.001681413492255035,^GSPC
2024-10-04,0.008970249395274354,^GSPC
2024-10-07,-0.009586022165882668,^GSPC
2024-10-08,0.009689347495581924,^GSPC
2024-10-09,0.007113411987488272,^GSPC
2024-10-10,-0.002070122839989974,^GSPC
2024-10-11,0.006051847587953629,^GSPC
2024-10-14,0.0077076668832223305,^GSPC
2024-10-15,-0.007609466332438197,^GSPC
2024-10-16,0.004679145956573816,^GSPC
2024-10-17,-0.00017116047891174713,^GSPC
2024-10-18,0.00397155273894878,^GSPC
2024-10-21,-0.0018227694906369774,^GSPC
2024-10-22,-0.0004748538883844189,^GSPC
2024-10-23,-0.009191323428069387,^GSPC
2024-10-24,0.002145772011323821,^GSPC
2024-10-25,-0.00029944716993013376,^GSPC
2024-10-28,0.0026514435020339455,^GSPC
2024-10-29,0.001614127248163344,^GSPC
2024-10-30,-0.003300233889343751,^GSPC
2024-10-31,-0.018614700871699585,^GSPC
2024-11-01,0.004092509543626166,^GSPC
2024-11-04,-0.002812083478299976,^GSPC
2024-11-05,0.012265644545291332,^GSPC
2024-11-06,0.025295927786425976,^GSPC
2024-11-07,0.007431229727488331,^GSPC
2024-11-08,0.0037568333092317108,^GSPC
2024-11-11,0.0009690634297987444,^GSPC
2024-11-12,-0.00289265965137242,^GSPC
2024-11-13,0.00023222772482434095,^GSPC
2024-11-14,-0.006049734794859041,^GSPC
2024-11-15,-0.013203489851361216,^GSPC
2024-11-18,0.003917814394541086,^GSPC
2024-11-19,0.003963584828470035,^GSPC
2024-11-20,2.195086225209586e-05,^GSPC
2024-11-21,0.0053404615405816536,^GSPC
2024-11-22,0.003467959094991535,^GSPC
2024-11-25,0.003020480305938378,^GSPC
2024-11-26,0.005722005647630368,^GSPC
2024-11-27,-0.003801238017440034,^GSPC
2024-11-29,0.005607785488815242,^GSPC
2024-12-02,0.0024484564662998753,^GSPC
2024-12-03,0.0004514491145146682,^GSPC
2024-12-04,0.006051417924264779,^GSPC
2024-12-05,-0.0018697756269248078,^GSPC
2024-12-06,0.0024954538421815275,^GSPC
2024-12-09,-0.006144213927296471,^GSPC
2024-12-10,-0.002963883313944371,^GSPC
2024-12-11,0.008165786048233592,^GSPC
2024-12-12,-0.005414022527810203,^GSPC
2024-12-13,-2.6466639124200775e-05,^GSPC
2024-12-16,0.0037993543260221863,^GSPC
2024-12-17,-0.003863994965801476,^GSPC
2024-12-18,-0.02949284635160343,^GSPC
2024-12-19,-0.0008651123249070469,^GSPC
2024-12-20,0.010869123768910471,^GSPC
2024-12-23,0.007287273468533639,^GSPC
2024-12-24,0.01104275925539211,^GSPC
2024-12-26,-0.00040565878647391695,^GSPC
2024-12-27,-0.011055736101235558,^GSPC
2024-12-30,-0.010701995701766776,^GSPC
2024-12-31,-0.004284800394927402,^GSPC
2025-01-02,-0.0022238866412221947,^GSPC
2025-01-03,0.01259602672149196,^GSPC
2025-01-06,0.005538045085450305,^GSPC
2025-01-07,-0.01110391288210788,^GSPC
2025-01-08,0.001560360190925314,^GSPC
2025-01-10,-0.01541164380306681,^GSPC
2025-01-13,0.0015754440882007614,^GSPC
2025-01-14,0.0011462798112440442,^GSPC
2025-01-15,0.018312792279639112,^GSPC
2025-01-16,-0.0021126894641922966,^GSPC
2025-01-17,0.009991058969353706,^GSPC
2025-01-21,0.008768227105582893,^GSPC
2025-01-22,0.006137941522227575,^GSPC
2025-01-23,0.00531348622041139,^GSPC
2025-01-24,-0.002855132319398823,^GSPC
2025-01-27,-0.014580715690809543,^GSPC
2025-01-28,0.009217869449967608,^GSPC
2025-01-29,-0.004678895760321544,^GSPC
2025-01-30,0.005275414405311762,^GSPC
2025-01-31,-0.005046825754019935,^GSPC
2025-02-03,-0.007608597684666707,^GSPC
2025-02-04,0.007224881828679752,^GSPC
2025-02-05,0.003908672930614365,^GSPC
2025-02-06,0.003644298722618622,^GSPC
2025-02-07,-0.009464770111542897,^GSPC
2025-02-10,0.006712541085862833,^GSPC
2025-02-11,0.00033958278885926063,^GSPC
2025-02-12,-0.0027238667143857365,^GSPC
2025-02-13,0.010426292122230674,^GSPC
2025-02-14,-7.194380749464546e-05,^GSPC
2025-02-18,0.0024449877750611915,^GSPC
2025-02-19,0.0023769693899173827,^GSPC
2025-02-20,-0.0043341850761716705,^GSPC
2025-02-21,-0.01706412670256352,^GSPC
2025-02-24,-0.00496910650440241,^GSPC
2025-02-25,-0.004679730915472358,^GSPC
2025-02-26,0.00013602428004699796,^GSPC
2025-02-27,-0.015864553655509872,^GSPC
2025-02-28,0.01585414463498891,^GSPC
2025-03-03,-0.0175967394669998,^GSPC
2025-03-04,-0.012234826602200433,^GSPC
2025-03-05,0.011159277893187936,^GSPC
2025-03-06,-0.017819007085749905,^GSPC
2025-03-07,0.00552061780274804,^GSPC
2025-03-10,-0.0269730913054258,^GSPC
2025-03-11,-0.007567865323653167,^GSPC
2025-03-12,0.004886869929446425,^GSPC
2025-03-13,-0.013890984206835322,^GSPC
2025-03-14,0.021265869083087807,^GSPC
2025-03-17,0.006416130719105961,^GSPC
2025-03-18,-0.010653512117636543,^GSPC
2025-03-19,0.010798495567894584,^GSPC
2025-03-20,-0.0021848931523151816,^GSPC
2025-03-21,0.0008246534476661349,^GSPC
2025-03-24,0.017646000146633645,^GSPC
2025-03-25,0.0015743334544251475,^GSPC
2025-03-26,-0.011156934922627149,^GSPC
2025-03-27,-0.003306980860763864,^GSPC
2025-03-28,-0.01973722070834405,^GSPC
2025-03-31,0.005538521570653376,^GSPC
2025-04-01,0.0037812354559083605,^GSPC
2025-04-02,0.006728194715792668,^GSPC
2025-04-03,-0.04839563335990149,^GSPC
2025-04-04,-0.05974960534553109,^GSPC
2025-04-07,-0.0023314724921273955,^GSPC
2025-04-08,-0.015700524562941354,^GSPC
2025-04-09,0.09515387644904849,^GSPC
2025-04-10,-0.03460757958472693,^GSPC
2025-04-11,0.018092095201708958,^GSPC
2025-04-14,0.007944712390868913,^GSPC
2025-04-15,-0.0017277808903947145,^GSPC
2025-04-16,-0.0224083715440897,^GSPC
2025-04-17,0.0013268380955802073,^GSPC
2025-04-21,-0.023567493023827546,^GSPC
2025-04-22,0.025117204723895226,^GSPC
2025-04-23,0.01666113847096007,^GSPC
2025-04-24,0.020259113708281262,^GSPC
2025-04-25,0.007373133469998461,^GSPC
2025-04-28,0.0006407067039131409,^GSPC
2025-04-29,0.005802410694099036,^GSPC
2025-04-30,0.00147999135976562,^GSPC
2025-05-01,0.006299102138585644,^GSPC
2025-05-02,0.01472657412963474,^GSPC
2025-05-05,-0.006381597588933863,^GSPC
2025-05-06,-0.007693239651855532,^GSPC
2025-05-07,0.00434635623313584,^GSPC
2025-05-08,0.005799775094835535,^GSPC
2025-05-09,-0.0007114809122162891,^GSPC
2025-05-12,0.032558782749008364,^GSPC
2025-05-13,0.0072482009835321826,^GSPC
2025-05-14,0.001024415597859818,^GSPC
2025-05-15,0.004132332074135769,^GSPC
2025-05-16,0.007005272294898557,^GSPC
2025-05-19,0.0008761131291423752,^GSPC
2025-05-20,-0.0038802294486252054,^GSPC
2025-05-21,-0.01613513066101424,^GSPC
2025-05-22,-0.00044487103794299543,^GSPC
2025-05-23,-0.006708297825321674,^GSPC
2025-05-27,0.0204590558452733,^GSPC
2025-05-28,-0.005571225417268844,^GSPC
2025-05-29,0.004011194261904327,^GSPC
2025-05-30,-8.118516130162234e-05,^GSPC
2025-06-02,0.0041020419271569075,^GSPC
2025-06-03,0.005800290454605506,^GSPC
2025-06-04,7.36874595066439e-05,^GSPC
2025-06-05,-0.005277383403094138,^GSPC
2025-06-06,0.010280683010067904,^GSPC
2025-06-09,0.0009199480792858594,^GSPC
2025-06-10,0.00548298940767844,^GSPC
2025-06-11,-0.002743888954607865,^GSPC
2025-06-12,0.0038224199557175265,^GSPC
2025-06-13,-0.011296379879250695,^GSPC
2025-06-16,0.009392659896159117,^GSPC
2025-06-17,-0.008352184790166306,^GSPC
2025-06-18,-0.0003092402101070313,^GSPC
2025-06-20,-0.002178658486505891,^GSPC
2025-06-23,0.009606504133156335,^GSPC
2025-06-24,0.01112172017970181,^GSPC
2025-06-25,-3.2861029504172024e-06,^GSPC
2025-06-26,0.008020121275230219,^GSPC
2025-06-27,0.005218970885222163,^GSPC
2025-06-30,0.005164427424532603,^GSPC
2025-07-01,-0.001118531087121899,^GSPC
2025-07-02,0.004745096791088033,^GSPC
2025-07-03,0.008338955206607324,^GSPC
2025-07-07,-0.007862297279128794,^GSPC
2025-07-08,-0.0007158868810946961,^GSPC
2025-07-09,0.0060621034026635545,^GSPC
2025-07-10,0.0027462050044453346,^GSPC
2025-07-11,-0.0032975229626984737,^GSPC
2025-07-14,0.001407413809457303,^GSPC
2025-07-15,-0.003956298214731202,^GSPC
2025-07-16,0.003193657417327689,^GSPC
2025-07-17,0.00537376740890938,^GSPC
2025-07-18,-9.048620868445933e-05,^GSPC
2025-07-21,0.001399134882868358,^GSPC
2025-07-22,0.0006375316336257875,^GSPC
2025-07-23,0.007811886951519131,^GSPC
2025-07-24,0.0006982236416543941,^GSPC
2025-07-25,0.00397432777929585,^GSPC
2025-07-28,0.00017685810881817865,^GSPC
2025-07-29,-0.002959442388724254,^GSPC
2025-07-30,-0.0012494327466496813,^GSPC
2025-07-31,-0.0036948193411530106,^GSPC
2025-08-01,-0.015992133140148468,^GSPC
2025-08-04,0.01473710033091602,^GSPC
2025-08-05,-0.004857865996303334,^GSPC
2025-08-06,0.007281907295092482,^GSPC
2025-08-07,-0.0007974800154801898,^GSPC
2025-08-08,0.007799715348974834,^GSPC
2025-08-11,-0.0025041278217863283,^GSPC
2025-08-12,0.01134543584661274,^GSPC
2025-08-13,0.0032300788824048965,^GSPC
2025-08-14,0.00030309080129242716,^GSPC
2025-08-15,-0.0028971350972291088,^GSPC
2025-08-18,-0.00010076318078544588,^GSPC
2025-08-19,-0.005858103118756786,^GSPC
2025-08-20,-0.0024316693228262354,^GSPC
2025-08-21,-0.004004181529308926,^GSPC
2025-08-22,0.015186444876893468,^GSPC
2025-08-25,-0.004266385548063467,^GSPC
2025-08-26,0.004133995191134998,^GSPC
2025-08-27,0.0023909843081744153,^GSPC
2025-08-28,0.0031567194195349924,^GSPC
2025-08-29,-0.00639818429357164,^GSPC
2025-09-02,-0.006922279936861564,^GSPC
2025-09-03,0.0051000736279842585,^GSPC
2025-09-04,0.008346486409699372,^GSPC
2025-09-05,-0.003165152978388819,^GSPC
2025-09-08,0.0021059789159529885,^GSPC
2025-09-09,0.0026881536531127015,^GSPC
2025-09-10,0.002983469943562689,^GSPC
2025-09-11,0.008485890387959882,^GSPC
2025-09-12,-0.00048276131466740146,^GSPC
2025-09-15,0.004706619226962694,^GSPC
2025-09-16,-0.0012879303382402618,^GSPC
2025-09-17,-0.0009701681605103207,^GSPC
2025-09-18,0.004789119185128365,^GSPC
2025-09-19,0.004885418870829605,^GSPC
2025-09-22,0.004410046474333074,^GSPC
2025-09-23,-0.005502159197012135,^GSPC
2025-09-24,-0.002846617843333288,^GSPC
2025-09-25,-0.0050090613431266195,^GSPC
2025-09-26,0.005901836747171263,^GSPC
2024-04-15,,^IXIC
2024-04-16,-0.0012445393102040736,^IXIC
2024-04-17,-0.011464041399442126,^IXIC
2024-04-18,-0.005220186514490188,^IXIC
2024-04-19,-0.020478174173957586,^IXIC
2024-04-22,0.011078373020564358,^IXIC
2024-04-23,0.015877623641452843,^IXIC
2024-04-24,0.0010263567185926359,^IXIC
2024-04-25,-0.006427279398895758,^IXIC
2024-04-26,0.02025015947888842,^IXIC
2024-04-29,0.003464341573386376,^IXIC
2024-04-30,-0.020350255647543336,^IXIC
2024-05-01,-0.003342728598578648,^IXIC
2024-05-02,0.015089538105478306,^IXIC
2024-05-03,0.019908523092361685,^IXIC
2024-05-06,0.011940825728499194,^IXIC
2024-05-07,-0.0010208682164319915,^IXIC
2024-05-08,-0.001824564273542717,^IXIC
2024-05-09,0.0026682598912928235,^IXIC
2024-05-10,-0.00032971753262078796,^IXIC
2024-05-13,0.0028988736124690995,^IXIC
2024-05-14,0.007501687268846036,^IXIC
2024-05-15,0.0140032960621852,^IXIC
2024-05-16,-0.0026322592446381687,^IXIC
2024-05-17,-0.0007395719535787659,^IXIC
2024-05-20,0.0065263471593897115,^IXIC
2024-05-21,0.002247710278890258,^IXIC
2024-05-22,-0.0018464196133320954,^IXIC
2024-05-23,-0.003899033617177028,^IXIC
2024-05-24,0.011039641622729413,^IXIC
2024-05-28,0.005856216072961384,^IXIC
2024-05-29,-0.005834399316332561,^IXIC
2024-05-30,-0.010844781866387043,^IXIC
2024-05-31,-0.00012311268544940024,^IXIC
2024-06-03,0.005596072980382338,^IXIC
2024-06-04,0.0016864588530618452,^IXIC
2024-06-05,0.01962677894658782,^IXIC
2024-06-06,-0.0008599799663757679,^IXIC
2024-06-07,-0.002328539208430902,^IXIC
2024-06-10,0.0034668758435063562,^IXIC
2024-06-11,0.008784134188007497,^IXIC
2024-06-12,0.015273035793879508,^IXIC
2024-06-13,0.0033575430637895476,^IXIC
2024-06-14,0.0012067490836344952,^IXIC
2024-06-17,0.00950533124235986,^IXIC
2024-06-18,0.0002918145153441021,^IXIC
2024-06-20,-0.007873631753103294,^IXIC
2024-06-21,-0.001818712036232295,^IXIC
2024-06-24,-0.01088445649264791,^IXIC
2024-06-25,0.012621154825899206,^IXIC
2024-06-26,0.004939129269155407,^IXIC
2024-06-27,0.0030058438553957068,^IXIC
2024-06-28,-0.007059876784354269,^IXIC
2024-07-01,0.008272964771473212,^IXIC
2024-07-02,0.008359330501992446,^IXIC
2024-07-03,0.008849250735993186,^IXIC
2024-07-05,0.00904202027187373,^IXIC
2024-07-08,0.0027778094085602056,^IXIC
2024-07-09,0.0013882410748919938,^IXIC
2024-07-10,0.011837687037744349,^IXIC
2024-07-11,-0.019522190849242782,^IXIC
2024-07-12,0.006291991565953836,^IXIC
2024-07-15,0.004028659854356853,^IXIC
2024-07-16,0.0019904935062078355,^IXIC
2024-07-17,-0.02768439750961882,^IXIC
2024-07-18,-0.006984485083873393,^IXIC
2024-07-19,-0.008073385271033628,^IXIC
2024-07-22,0.015830756353462316,^IXIC
2024-07-23,-0.0005675781322872497,^IXIC
2024-07-24,-0.036390883510082794,^IXIC
2024-07-25,-0.00926569327315152,^IXIC
2024-07-26,0.010252765674276132,^IXIC
2024-07-29,0.000709669542889424,^IXIC
2024-07-30,-0.012825373737482826,^IXIC
2024-07-31,0.026358511706674248,^IXIC
2024-08-01,-0.023026352660052707,^IXIC
2024-08-02,-0.024310025495816623,^IXIC
2024-08-05,-0.03433920949487235,^IXIC
2024-08-06,0.010294364623245844,^IXIC
2024-08-07,-0.010450394739652702,^IXIC
2024-08-08,0.028662349907374374,^IXIC
2024-08-09,0.0051189165678968696,^IXIC
2024-08-12,0.0021085673056129295,^IXIC
2024-08-13,0.024254184750069685,^IXIC
2024-08-14,0.00029033906147879485,^IXIC
2024-08-15,0.02337635958240125,^IXIC
2024-08-16,0.0021154737631077225,^IXIC
2024-08-19,0.013898180004721095,^IXIC
2024-08-20,-0.003346805921529139,^IXIC
2024-08-21,0.005727739128175591,^IXIC
2024-08-22,-0.016721959277882892,^IXIC
2024-08-23,0.014667933769104025,^IXIC
2024-08-26,-0.008503262384321975,^IXIC
2024-08-27,0.001638900990943437,^IXIC
2024-08-28,-0.011196453251911764,^IXIC
2024-08-29,-0.002255613083423591,^IXIC
2024-08-30,0.01125739986075569,^IXIC
2024-09-03,-0.03259177894657106,^IXIC
2024-09-04,-0.0030344938889551587,^IXIC
2024-09-05,0.0025379660282958127,^IXIC
2024-09-06,-0.02550436394346589,^IXIC
2024-09-09,0.01160934059858132,^IXIC
2024-09-10,0.008367462259605718,^IXIC
2024-09-11,0.02171097287436141,^IXIC
2024-09-12,0.010011215390628214,^IXIC
2024-09-13,0.0065055700094134306,^IXIC
2024-09-16,-0.00519394428970954,^IXIC
2024-09-17,0.0020423726828324718,^IXIC
2024-09-18,-0.003106397636846503,^IXIC
2024-09-19,0.025076659927780076,^IXIC
2024-09-20,-0.003644955448014686,^IXIC
2024-09-23,0.001445774217207818,^IXIC
2024-09-24,0.005577417197717205,^IXIC
2024-09-25,0.00042553862838246026,^IXIC
2024-09-26,0.005977041489758417,^IXIC
2024-09-27,-0.0038866462488355014,^IXIC
2024-09-30,0.0038400470830193267,^IXIC
2024-10-01,-0.015328382112681838,^IXIC
2024-10-02,0.000824090980865666,^IXIC
2024-10-03,-0.0003703558019848563,^IXIC
2024-10-04,0.012242619624335926,^IXIC
2024-10-07,-0.011795732314343055,^IXIC
2024-10-08,0.01445106955545672,^IXIC
2024-10-09,0.005978094784393262,^IXIC
2024-10-10,-0.0005231007327147763,^IXIC
2024-10-11,0.003330516505153147,^IXIC
2024-10-14,0.00870907306913593,^IXIC
2024-10-15,-0.010112022354858197,^IXIC
2024-10-16,0.002811279069593775,^IXIC
2024-10-17,0.000355489105901885,^IXIC
2024-10-18,0.006310213953266919,^IXIC
2024-10-21,0.0027290541004474367,^IXIC
2024-10-22,0.00214453854812513,^IXIC
2024-10-23,-0.016314472583482398,^IXIC
2024-10-24,0.007596569436006506,^IXIC
2024-10-25,0.005599587049413213,^IXIC
2024-10-28,0.002623311348128654,^IXIC
2024-10-29,0.00783966508460976,^IXIC
2024-10-30,-0.005601545069538139,^IXIC
2024-10-31,-0.027557031087636963,^IXIC
2024-11-01,0.008000460240717544,^IXIC
2024-11-04,-0.0032861686554399583,^IXIC
2024-11-05,0.014256860922954528,^IXIC
2024-11-06,0.029518724734147517,^IXIC
2024-11-07,0.0150652237858655,^IXIC
2024-11-08,0.0008987464377530063,^IXIC
2024-11-11,0.0006211751877069904,^IXIC
2024-11-12,-0.000899507284966572,^IXIC
2024-11-13,-0.0026284235830008607,^IXIC
2024-11-14,-0.006399672399173273,^IXIC
2024-11-15,-0.022374872957156677,^IXIC
2024-11-18,0.005979159201779272,^IXIC
2024-11-19,0.010411990678702132,^IXIC
2024-11-20,-0.0011233764864474471,^IXIC
2024-11-21,0.00033107931651232825,^IXIC
2024-11-22,0.0016460983300286003,^IXIC
2024-11-25,0.0026936642209673956,^IXIC
2024-11-26,0.006269322569991687,^IXIC
2024-11-27,-0.005936086733931978,^IXIC
2024-11-29,0.008273110081539414,^IXIC
2024-12-02,0.009666856814682268,^IXIC
2024-12-03,0.003966251232281781,^IXIC
2024-12-04,0.01304913283496889,^IXIC
2024-12-05,-0.0017663625312623887,^IXIC
2024-12-06,0.008096835652052103,^IXIC
2024-12-09,-0.006197457524939054,^IXIC
2024-12-10,-0.0025054464613958327,^IXIC
2024-12-11,0.017658665535963847,^IXIC
2024-12-12,-0.006591040785879021,^IXIC
2024-12-13,0.0011998719560866178,^IXIC
2024-12-16,0.01240394370741793,^IXIC
2024-12-17,-0.00321356347816526,^IXIC
2024-12-18,-0.03562429443583959,^IXIC
2024-12-19,-0.0010271871739683247,^IXIC
2024-12-20,0.010314997956417882,^IXIC
2024-12-23,0.00982400160619945,^IXIC
2024-12-24,0.013470862885252899,^IXIC
2024-12-26,-0.0005377372076803555,^IXIC
2024-12-27,-0.014901334813076983,^IXIC
2024-12-30,-0.011927790534834837,^IXIC
2024-12-31,-0.00903175989823235,^IXIC
2025-01-02,-0.001553535689448271,^IXIC
2025-01-03,0.017680325421069565,^IXIC
2025-01-06,0.01239958989876877,^IXIC
2025-01-07,-0.018892582443783112,^IXIC
2025-01-08,-0.000554079302387156,^IXIC
2025-01-10,-0.01628686998448936,^IXIC
2025-01-13,-0.003837421278994335,^IXIC
2025-01-14,-0.002289855211858427,^IXIC
2025-01-15,0.024513246600664118,^IXIC
2025-01-16,-0.008863685277409328,^IXIC
2025-01-17,0.01509493188909139,^IXIC
2025-01-21,0.006448231967207674,^IXIC
2025-01-22,0.012783487788161407,^IXIC
2025-01-23,0.0022159573527285037,^IXIC
2025-01-24,-0.004955644440254314,^IXIC
2025-01-27,-0.03069366899092285,^IXIC
2025-01-28,0.020254534552450076,^IXIC
2025-01-29,-0.0051318352135546474,^IXIC
2025-01-30,0.0025177710384303165,^IXIC
2025-01-31,-0.0027594368831531657,^IXIC
2025-02-03,-0.011997413936106094,^IXIC
2025-02-04,0.01351377483662497,^IXIC
2025-02-05,0.0019492474205637933,^IXIC
2025-02-06,0.005060861556485108,^IXIC
2025-02-07,-0.013570633401157828,^IXIC
2025-02-10,0.009776429146874044,^IXIC
2025-02-11,-0.0035715325966498845,^IXIC
2025-02-12,0.0003100125914030638,^IXIC
2025-02-13,0.015047947603236134,^IXIC
2025-02-14,0.004067500652163103,^IXIC
2025-02-18,0.0007235432730370306,^IXIC
2025-02-19,0.0007479686681528541,^IXIC
2025-02-20,-0.0046813649111873135,^IXIC
2025-02-21,-0.02195880763092417,^IXIC
2025-02-24,-0.012143001410622967,^IXIC
2025-02-25,-0.013508581548304033,^IXIC
2025-02-26,0.0025684924475790627,^IXIC
2025-02-27,-0.02782870850894581,^IXIC
2025-02-28,0.016331563687400408,^IXIC
2025-03-03,-0.026374620756663858,^IXIC
2025-03-04,-0.0035437943047462728,^IXIC
2025-03-05,0.014633194908524993,^IXIC
2025-03-06,-0.026059274883519334,^IXIC
2025-03-07,0.007026349676013233,^IXIC
2025-03-10,-0.040002833692822315,^IXIC
2025-03-11,-0.001844522114810565,^IXIC
2025-03-12,0.012178733439950351,^IXIC
2025-03-13,-0.01957336017705169,^IXIC
2025-03-14,0.026069457524154904,^IXIC
2025-03-17,0.0030736755857529996,^IXIC
2025-03-18,-0.017100725880162315,^IXIC
2025-03-19,0.014092107114519692,^IXIC
2025-03-20,-0.003332708361115988,^IXIC
2025-03-21,0.0052239345603362075,^IXIC
2025-03-24,0.022747295735711326,^IXIC
2025-03-25,0.004578119137620407,^IXIC
2025-03-26,-0.02040513973417113,^IXIC
2025-03-27,-0.005307007694424604,^IXIC
2025-03-28,-0.027018550378617556,^IXIC
2025-03-31,-0.0013681917240805364,^IXIC
2025-04-01,0.008705650385741004,^IXIC
2025-04-02,0.008662527433463518,^IXIC
2025-04-03,-0.05968060766968586,^IXIC
2025-04-04,-0.05817425293064171,^IXIC
2025-04-07,0.0009924259002549451,^IXIC
2025-04-08,-0.02149227881944238,^IXIC
2025-04-09,0.12163161348672213,^IXIC
2025-04-10,-0.043075119311905774,^IXIC
2025-04-11,0.020573869620679863,^IXIC
2025-04-14,0.006398982403674314,^IXIC
2025-04-15,-0.0004937502016194584,^IXIC
2025-04-16,-0.03067256456549472,^IXIC
2025-04-17,-0.0012699918771302832,^IXIC
2025-04-21,-0.025515063117136583,^IXIC
2025-04-22,0.027063337345606397,^IXIC
2025-04-23,0.025007383940334194,^IXIC
2025-04-24,0.02741123349732466,^IXIC
2025-04-25,0.012635436155963742,^IXIC
2025-04-28,-0.0009669592300730612,^IXIC
2025-04-29,0.005481327642628653,^IXIC
2025-04-30,-0.0008579230254012193,^IXIC
2025-05-01,0.015155063640452937,^IXIC
2025-05-02,0.015075046601202846,^IXIC
2025-05-05,-0.00742531069797947,^IXIC
2025-05-06,-0.008662743613326751,^IXIC
2025-05-07,0.00274171462716688,^IXIC
2025-05-08,0.010710269107760961,^IXIC
2025-05-09,4.346780245101378e-05,^IXIC
2025-05-12,0.043472776122114976,^IXIC
2025-05-13,0.016129170333668563,^IXIC
2025-05-14,0.007192007205055306,^IXIC
2025-05-15,-0.001801356643215457,^IXIC
2025-05-16,0.005168357125659773,^IXIC
2025-05-19,0.000227021264460614,^IXIC
2025-05-20,-0.00378601378528598,^IXIC
2025-05-21,-0.01410825840612473,^IXIC
2025-05-22,0.0028135760347527405,^IXIC
2025-05-23,-0.009961528296397737,^IXIC
2025-05-27,0.024654107822710714,^IXIC
2025-05-28,-0.00511588539944674,^IXIC
2025-05-29,0.003922827339664758,^IXIC
2025-05-30,-0.0032384247576783265,^IXIC
2025-06-02,0.006740682079448224,^IXIC
2025-06-03,0.008125278617521214,^IXIC
2025-06-04,0.0031717831214381764,^IXIC
2025-06-05,-0.008326666680717576,^IXIC
2025-06-06,0.011995782530291654,^IXIC
2025-06-09,0.003138309011380125,^IXIC
2025-06-10,0.006316598567499998,^IXIC
2025-06-11,-0.005027107486322402,^IXIC
2025-06-12,0.002376104103309906,^IXIC
2025-06-13,-0.013002430170469537,^IXIC
2025-06-16,0.015168930638848721,^IXIC
2025-06-17,-0.009142640740278152,^IXIC
2025-06-18,0.0012898709908895079,^IXIC
2025-06-20,-0.00505771062053284,^IXIC
2025-06-23,0.009438817066138139,^IXIC
2025-06-24,0.01434257113455839,^IXIC
2025-06-25,0.0030644768158396563,^IXIC
2025-06-26,0.009730837402353698,^IXIC
2025-06-27,0.005233600330041721,^IXIC
2025-06-30,0.004748549423642334,^IXIC
2025-07-01,-0.00819057689575009,^IXIC
2025-07-02,0.00941648588344024,^IXIC
2025-07-03,0.010197980458914957,^IXIC
2025-07-07,-0.009153884098457632,^IXIC
2025-07-08,0.000291066776000104,^IXIC
2025-07-09,0.009446299936140878,^IXIC
2025-07-10,0.0009373632498645978,^IXIC
2025-07-11,-0.0021875625420221256,^IXIC
2025-07-14,0.0026621021232773323,^IXIC
2025-07-15,0.0018154120105235982,^IXIC
2025-07-16,0.0025481168757934824,^IXIC
2025-07-17,0.00748463516761011,^IXIC
2025-07-18,0.00047879763440294987,^IXIC
2025-07-21,0.0037581647571129917,^IXIC
2025-07-22,-0.0038852644341349496,^IXIC
2025-07-23,0.006094480005107927,^IXIC
2025-07-24,0.001805012892285518,^IXIC
2025-07-25,0.002391464926232212,^IXIC
2025-07-28,0.003328534179168896,^IXIC
2025-07-29,-0.003791142528385638,^IXIC
2025-07-30,0.0014873651262450327,^IXIC
2025-07-31,-0.0003417328880052084,^IXIC
2025-08-01,-0.022360965552978174,^IXIC
2025-08-04,0.019537368624801488,^IXIC
2025-08-05,-0.006508598365053131,^IXIC
2025-08-06,0.01208942828430759,^IXIC
2025-08-07,0.0034615637625137197,^IXIC
2025-08-08,0.009759603069510403,^IXIC
2025-08-11,-0.0030125446054189986,^IXIC
2025-08-12,0.013864598959296481,^IXIC
2025-08-13,0.0014408439210664703,^IXIC
2025-08-14,-0.00011378838131570479,^IXIC
2025-08-15,-0.004039002639741107,^IXIC
2025-08-18,0.00031397440837599433,^IXIC
2025-08-19,-0.014554954552111976,^IXIC
2025-08-20,-0.006666206064662283,^IXIC
2025-08-21,-0.003426501203265042,^IXIC
2025-08-22,0.018778326259453193,^IXIC
2025-08-25,-0.0021980282436453447,^IXIC
2025-08-26,0.00442814064714403,^IXIC
2025-08-27,0.0021291552114803824,^IXIC
2025-08-28,0.005327410008474587,^IXIC
2025-08-29,-0.011500001529734183,^IXIC
2025-09-02,-0.008199273170313437,^IXIC
2025-09-03,0.010249219585447555,^IXIC
2025-09-04,0.009766565111615222,^IXIC
2025-09-05,-0.0003362323816525903,^IXIC
2025-09-08,0.0045302683923460485,^IXIC
2025-09-09,0.003706231037653218,^IXIC
2025-09-10,0.00030029550184296205,^IXIC
2025-09-11,0.00717396195120279,^IXIC
2025-09-12,0.004447170720106586,^IXIC
2025-09-15,0.009378503971730234,^IXIC
2025-09-16,-0.0006617400302030285,^IXIC
2025-09-17,-0.0032520366440261794,^IXIC
2025-09-18,0.009406024899013321,^IXIC
2025-09-19,0.0071541882322734285,^IXIC
2025-09-22,0.006959332608287738,^IXIC
2025-09-23,-0.009456753272509166,^IXIC
2025-09-24,-0.0033495659183030435,^IXIC
2025-09-25,-0.005029818809150544,^IXIC
2025-09-26,0.00443924185797262,^IXIC
2024-05-06,,^VIX
2024-05-07,-0.01927355324634561,^VIX
2024-05-08,-0.017384697671535276,^VIX
2024-05-09,-0.023846186124361513,^VIX
2024-05-10,-0.011032261172400193,^VIX
2024-05-13,0.08366535257186958,^VIX
2024-05-14,-0.013235316185802093,^VIX
2024-05-15,-0.07228019832446109,^VIX
2024-05-16,-0.0024096171430353364,^VIX
2024-05-17,-0.034621602458483336,^VIX
2024-05-20,0.01334444123990064,^VIX
2024-05-21,-0.023868310366918943,^VIX
2024-05-22,0.03625635055846632,^VIX
2024-05-23,0.03905618367782915,^VIX
2024-05-24,-0.06577917952048329,^VIX
2024-05-28,0.08298405245544349,^VIX
2024-05-29,0.10526313070017856,^VIX
2024-05-30,0.01330535977664793,^VIX
2024-05-31,-0.10711818674023643,^VIX
2024-06-03,0.014705849788028802,^VIX
2024-06-04,0.003813897181103032,^VIX
2024-06-05,-0.04027353640702469,^VIX
2024-06-06,-0.00395884325271656,^VIX
2024-06-07,-0.028616825028659476,^VIX
2024-06-10,0.042553149977613725,^VIX
2024-06-11,0.008634270983343129,^VIX
2024-06-12,-0.06303505023896772,^VIX
2024-06-13,-0.008305679550378975,^VIX
2024-06-14,0.060301532021133974,^VIX
2024-06-17,0.0071090168777756535,^VIX
2024-06-18,-0.03529410268746169,^VIX
2024-06-20,0.07967475829590032,^VIX
2024-06-21,-0.006024090761646117,^VIX
2024-06-24,0.009848493660558288,^VIX
2024-06-25,-0.03675917283740937,^VIX
2024-06-26,-0.022585666542580096,^VIX
2024-06-27,-0.024701228279307874,^VIX
2024-06-28,0.01633985400367921,^VIX
2024-07-01,-0.017684832859754307,^VIX
2024-07-02,-0.015548324869538943,^VIX
2024-07-03,0.004987566163634494,^VIX
2024-07-05,0.03225801362500036,^VIX
2024-07-08,-0.008814075377564845,^VIX
2024-07-09,0.01131773198205055,^VIX
2024-07-10,0.02717826909410692,^VIX
2024-07-11,0.00544744690631771,^VIX
2024-07-12,-0.035603717912586985,^VIX
2024-07-15,0.0529694899993165,^VIX
2024-07-16,0.0053353426398474735,^VIX
2024-07-17,0.09780136488947022,^VIX
2024-07-18,0.1001381774018697,^VIX
2024-07-19,0.037037045906157084,^VIX
2024-07-22,-0.09745766136434542,^VIX
2024-07-23,-0.012743097406287318,^VIX
2024-07-24,0.22554351822499452,^VIX
2024-07-25,0.023281493771090345,^VIX
2024-07-26,-0.11213433355830271,^VIX
2024-07-29,0.012812751655983723,^VIX
2024-07-30,0.06566265828551643,^VIX
2024-07-31,-0.07518371303299154,^VIX
2024-08-01,0.13630803539367387,^VIX
2024-08-02,0.2582032919667483,^VIX
2024-08-05,0.648995327118046,^VIX
2024-08-06,-0.2815660019776688,^VIX
2024-08-07,0.005052374652567915,^VIX
2024-08-08,-0.1457809483063327,^VIX
2024-08-09,-0.1437578791374391,^VIX
2024-08-12,0.01669112573546916,^VIX
2024-08-13,-0.12506027811373066,^VIX
2024-08-14,-0.10651215318914042,^VIX
2024-08-15,-0.05929592094835401,^VIX
2024-08-16,-0.028233707447526624,^VIX
2024-08-19,-0.01013517366699046,^VIX
2024-08-20,0.08395908040535782,^VIX
2024-08-21,0.024559215397492062,^VIX
2024-08-22,0.07867232595473528,^VIX
2024-08-23,-0.09629627657273676,^VIX
2024-08-26,0.018284991685414864,^VIX
2024-08-27,-0.044582001879948985,^VIX
2024-08-28,0.10887882514248881,^VIX
2024-08-29,-0.0853302711712346,^VIX
2024-08-30,-0.041533522963198455,^VIX
2024-09-03,0.38133328755696616,^VIX
2024-09-04,0.028957548327861904,^VIX
2024-09-05,-0.06660413211162819,^VIX
2024-09-06,0.12462309496363155,^VIX
2024-09-09,-0.13092039802055044,^VIX
2024-09-10,-0.019023178648836292,^VIX
2024-09-11,-0.07285112134206173,^VIX
2024-09-12,-0.035048096128643014,^VIX
2024-09-13,-0.029876991095463934,^VIX
2024-09-16,0.03502415111177348,^VIX
2024-09-17,0.027421309068831112,^VIX
2024-09-18,0.03520720672322497,^VIX
2024-09-19,-0.10422378860340853,^VIX
2024-09-20,-0.011022676424785383,^VIX
2024-09-23,-0.01609902670890473,^VIX
2024-09-24,-0.031466330345934046,^VIX
2024-09-25,0.0012995129072905787,^VIX
2024-09-26,-0.002595714617073419,^VIX
2024-09-27,0.10344822451218505,^VIX
2024-09-30,-0.013561294495994303,^VIX
2024-10-01,0.15122538887453651,^VIX
2024-10-02,-0.018691620253031727,^VIX
2024-10-03,0.08412699389840173,^VIX
2024-10-04,-0.06246953152482426,^VIX
2024-10-07,0.17855286145995874,^VIX
2024-10-08,-0.05388689691892423,^VIX
2024-10-09,-0.026143765823892218,^VIX
2024-10-10,0.0033556899700895038,^VIX
2024-10-11,-0.022455863060207304,^VIX
2024-10-14,-0.037145569674535084,^VIX
2024-10-15,0.047715664482478326,^VIX
2024-10-16,-0.051356564791082526,^VIX
2024-10-17,-0.024004050826652468,^VIX
2024-10-18,-0.05651490786039204,^VIX
2024-10-21,0.018857467534081795,^VIX
2024-10-22,-0.009254222565459602,^VIX
2024-10-23,0.05714280025176999,^VIX
2024-10-24,-0.008316000484173136,^VIX
2024-10-25,0.06551362709634656,^VIX
2024-10-28,-0.026069881388808724,^VIX
2024-10-29,-0.023232277888761477,^VIX
2024-10-30,0.05222338267389759,^VIX
2024-10-31,0.13808350925148427,^VIX
2024-11-01,-0.055267732948130144,^VIX
2024-11-04,0.004570401522182799,^VIX
2024-11-05,-0.06778888999770039,^VIX
2024-11-06,-0.20595409275225196,^VIX
2024-11-07,-0.06576525005492273,^VIX
2024-11-08,-0.017105278430553206,^VIX
2024-11-11,0.002008078145122605,^VIX
2024-11-12,-0.017368084451840793,^VIX
2024-11-13,-0.04690683742990798,^VIX
2024-11-14,0.020684732695029018,^VIX
2024-11-15,0.1278825238553527,^VIX
2024-11-18,-0.03469637466662756,^VIX
2024-11-19,0.04942236595213734,^VIX
2024-11-20,0.049541250583724494,^VIX
2024-11-21,-0.016899709251596895,^VIX
2024-11-22,-0.0966212796103989,^VIX
2024-11-25,-0.041994711237550164,^VIX
2024-11-26,-0.0342465744476691,^VIX
2024-11-27,0.0,^VIX
2024-11-29,-0.041843981320970114,^VIX
2024-12-02,-0.012583277084667777,^VIX
2024-12-03,-0.002998497855734139,^VIX
2024-12-04,0.01127816664504766,^VIX
2024-12-05,0.006691461253842901,^VIX
2024-12-06,-0.056868501200791455,^VIX
2024-12-09,0.1111980479026784,^VIX
2024-12-10,-0.0007046705780979767,^VIX
2024-12-11,-0.04231314305760081,^VIX
2024-12-12,0.02503683022813319,^VIX
2024-12-13,-0.00790227414327227,^VIX
2024-12-16,0.06372187791657047,^VIX
2024-12-17,0.0803267759620312,^VIX
2024-12-18,0.7403907396600702,^VIX
2024-12-19,-0.1278059587033482,^VIX
2024-12-20,-0.23785801186974165,^VIX
2024-12-23,-0.08605663786390261,^VIX
2024-12-24,-0.14958284422952606,^VIX
2024-12-26,0.03223539381334706,^VIX
2024-12-27,0.08282418906603617,^VIX
2024-12-30,0.0909090800379102,^VIX
2024-12-31,-0.002873519434293592,^VIX
2025-01-02,0.03342938968033171,^VIX
2025-01-03,-0.10039046925668937,^VIX
2025-01-06,-0.005579556721748813,^VIX
2025-01-07,0.11097248614080613,^VIX
2025-01-08,-0.006733946910202238,^VIX
2025-01-10,0.1039548063998117,^VIX
2025-01-13,-0.017911994118260277,^VIX
2025-01-14,-0.025013102460996528,^VIX
2025-01-15,-0.13842856076827315,^VIX
2025-01-16,0.029776644990494594,^VIX
2025-01-17,-0.03795181325081021,^VIX
2025-01-21,-0.05698183044435312,^VIX
2025-01-22,0.0026560398896751103,^VIX
2025-01-23,-0.005298008058610915,^VIX
2025-01-24,-0.011318247078086707,^VIX
2025-01-27,0.20538714873478559,^VIX
2025-01-28,-0.08324021245093771,^VIX
2025-01-29,0.009140744663317601,^VIX
2025-01-30,-0.04347822080763086,^VIX
2025-01-31,0.03724748402174094,^VIX
2025-02-03,0.1332927871807601,^VIX
2025-02-04,-0.07572511768043466,^VIX
2025-02-05,-0.08367220821110855,^VIX
2025-02-06,-0.01712114457363567,^VIX
2025-02-07,0.06709683325982874,^VIX
2025-02-10,-0.04413545680190001,^VIX
2025-02-11,0.013282734508116123,^VIX
2025-02-12,-0.008114863341212808,^VIX
2025-02-13,-0.04971679954588537,^VIX
2025-02-14,-0.021854299031079605,^VIX
2025-02-18,0.03926878170143766,^VIX
2025-02-19,-0.005211721284556381,^VIX
2025-02-20,0.025540234312838583,^VIX
2025-02-21,0.1628352019097845,^VIX
2025-02-24,0.04228448635234905,^VIX
2025-02-25,0.023709208313628327,^VIX
2025-02-26,-0.016984041097423352,^VIX
2025-02-27,0.1062826564792283,^VIX
2025-02-28,-0.07098911782188544,^VIX
2025-03-03,0.16046875499488777,^VIX
2025-03-04,0.032045633021612785,^VIX
2025-03-05,-0.06720544059225653,^VIX
2025-03-06,0.1340629499838053,^VIX
2025-03-07,-0.06031362884530711,^VIX
2025-03-10,0.1921266414154501,^VIX
2025-03-11,-0.03374014764767641,^VIX
2025-03-12,-0.09992572535044164,^VIX
2025-03-13,0.017746608060236646,^VIX
2025-03-14,-0.1171938121464231,^VIX
2025-03-17,-0.0578778228014456,^VIX
2025-03-18,0.05802050320710772,^VIX
2025-03-19,-0.08294935857713559,^VIX
2025-03-20,-0.005025144893802347,^VIX
2025-03-21,-0.02626255406322109,^VIX
2025-03-24,-0.09336105188294774,^VIX
2025-03-25,-0.018878714665219953,^VIX
2025-03-26,0.06880468404796991,^VIX
2025-03-27,0.019639967913255507,^VIX
2025-03-28,0.15837340823392898,^VIX
2025-03-31,0.029099357007656312,^VIX
2025-04-01,-0.02289049430718948,^VIX
2025-04-02,-0.011943051144452932,^VIX
2025-04-03,0.395629945993925,^VIX
2025-04-04,0.5093271379872046,^VIX
2025-04-07,0.03685716438600095,^VIX
2025-04-08,0.11387829589075582,^VIX
2025-04-09,-0.35753873962348437,^VIX
2025-04-10,0.21118389394369697,^VIX
2025-04-11,-0.07760313734483593,^VIX
2025-04-14,-0.17758258093104407,^VIX
2025-04-15,-0.024927114458703215,^VIX
2025-04-16,0.08366528818726215,^VIX
2025-04-17,-0.09160538685752617,^VIX
2025-04-21,0.14064081382610993,^VIX
2025-04-22,-0.09609698490025054,^VIX
2025-04-23,-0.06934900075395489,^VIX
2025-04-24,-0.0695958311594923,^VIX
2025-04-25,-0.06157911609556577,^VIX
2025-04-28,0.01247984959895776,^VIX
2025-04-29,-0.038966185172991996,^VIX
2025-04-30,0.021928038269446892,^VIX
2025-05-01,-0.004048598315015806,^VIX
2025-05-02,-0.07804878237889012,^VIX
2025-05-05,0.042328001391321646,^VIX
2025-05-06,0.04737736328892761,^VIX
2025-05-07,-0.048869183385945925,^VIX
2025-05-08,-0.04543523267467309,^VIX
2025-05-09,-0.025800708875297285,^VIX
2025-05-12,-0.16027398584573105,^VIX
2025-05-13,-0.009244158887228515,^VIX
2025-05-14,0.021953981391520827,^VIX
2025-05-15,-0.0424275445714678,^VIX
2025-05-16,-0.03309030595134499,^VIX
2025-05-19,0.05220415490016572,^VIX
2025-05-20,-0.0027562976153725494,^VIX
2025-05-21,0.1536761007847649,^VIX
2025-05-22,-0.02827025054444432,^VIX
2025-05-23,0.09911243396581493,^VIX
2025-05-27,-0.14939442325168273,^VIX
2025-05-28,0.018459936622906348,^VIX
2025-05-29,-0.0067322198012426115,^VIX
2025-05-30,-0.03180399377715093,^VIX
2025-06-02,-0.01130851308151537,^VIX
2025-06-03,-0.03649237766997637,^VIX
2025-06-04,-0.004522324550077617,^VIX
2025-06-05,0.04940368550432428,^VIX
2025-06-06,-0.0925324202830431,^VIX
2025-06-09,0.0232557769232431,^VIX
2025-06-10,-0.012237708994171426,^VIX
2025-06-11,0.01828905321468688,^VIX
2025-06-12,0.04403245763636199,^VIX
2025-06-13,0.15538286159444614,^VIX
2025-06-16,-0.08213252207192667,^VIX
2025-06-17,0.130298257016767,^VIX
2025-06-18,-0.06759263731651588,^VIX
2025-06-20,0.023833240522920462,^VIX
2025-06-23,-0.03831236097838653,^VIX
2025-06-24,-0.11850733184624906,^VIX
2025-06-25,-0.041189893147009715,^VIX
2025-06-26,-0.010143202504316884,^VIX
2025-06-27,-0.01627489181918751,^VIX
2025-06-30,0.02512254013963844,^VIX
2025-07-01,0.005977309277102272,^VIX
2025-07-02,-0.011289396014196651,^VIX
2025-07-03,-0.015625014328040088,^VIX
2025-07-07,0.08608069761920256,^VIX
2025-07-08,-0.055087206247954934,^VIX
2025-07-09,-0.05175490262933857,^VIX
2025-07-10,-0.010037631845926431,^VIX
2025-07-11,0.03929023422374556,^VIX
2025-07-14,0.048780558720578515,^VIX
2025-07-15,0.010465022665288926,^VIX
2025-07-16,-0.012658188951534366,^VIX
2025-07-17,-0.03729600205940298,^VIX
2025-07-18,-0.006658632403358511,^VIX
2025-07-21,0.014625214707483014,^VIX
2025-07-22,-0.00900898630432001,^VIX
2025-07-23,-0.06848485542066174,^VIX
2025-07-24,0.0013012659669868754,^VIX
2025-07-25,-0.02988954047337322,^VIX
2025-07-28,0.0066978851809362805,^VIX
2025-07-29,0.0632069079270261,^VIX
2025-07-30,-0.03128911228554565,^VIX
2025-07-31,0.0801033467562382,^VIX
2025-08-01,0.21889952139464608,^VIX
2025-08-04,-0.14033360258957683,^VIX
2025-08-05,0.0188356115915409,^VIX
2025-08-06,-0.06050419611347535,^VIX
2025-08-07,-0.01192610360644697,^VIX
2025-08-08,-0.08569704903117736,^VIX
2025-08-11,0.07260728773380909,^VIX
2025-08-12,-0.09353848970853362,^VIX
2025-08-13,-0.01629326399026665,^VIX
2025-08-14,0.023464469148273492,^VIX
2025-08-15,0.017532045193487944,^VIX
2025-08-18,-0.006626930447881874,^VIX
2025-08-19,0.038692457142231795,^VIX
2025-08-20,0.007707121895382807,^VIX
2025-08-21,0.05799877791100583,^VIX
2025-08-22,-0.1433734975751969,^VIX
2025-08-25,0.040084365971908564,^VIX
2025-08-26,-0.011494258061691465,^VIX
2025-08-27,0.015731908188168164,^VIX
2025-08-28,-0.028282832693932725,^VIX
2025-08-29,0.06444901814505788,^VIX
2025-09-02,0.11783857161935951,^VIX
2025-09-03,-0.047757698962177964,^VIX
2025-09-04,-0.06422019365362708,^VIX
2025-09-05,-0.007843129677328364,^VIX
2025-09-08,-0.0046113733261696765,^VIX
2025-09-09,-0.004632673488730754,^VIX
2025-09-10,0.02061173007998507,^VIX
2025-09-11,-0.04169383240506963,^VIX
2025-09-12,0.003399061224010902,^VIX
2025-09-15,0.0630080851680257,^VIX
2025-09-16,0.04270242497685861,^VIX
2025-09-17,-0.03911982392701152,^VIX
2025-09-18,-0.0012722937292578562,^VIX
2025-09-19,-0.01592356707243181,^VIX
2025-09-22,0.04207123496628107,^VIX
2025-09-23,0.0335403102723042,^VIX
2025-09-24,-0.02764417676354103,^VIX
2025-09-25,0.03461059674784095,^VIX
2025-09-26,-0.08661886673181729,^VIX
